2026-06-24 03:27:26 | INFO | ==================================================
2026-06-24 03:27:26 | INFO | 開始生成四季線上電子節目單
2026-06-24 03:27:26 | INFO | 輸出目錄: /home/runner/work/EPG/EPG/output
2026-06-24 03:27:26 | SUCCESS | 已更新本地頻道檔案，保存 133 個頻道
2026-06-24 03:27:26 | SUCCESS | 從 API 獲取到 133 個頻道（已跳過 9 個）
2026-06-24 03:27:26 | INFO | 成功加載 133 個頻道
2026-06-24 03:27:45 | INFO | 共獲取 13429 個節目
2026-06-24 03:27:46 | INFO | 電子節目單已生成: /home/runner/work/EPG/EPG/output/4g.xml
2026-06-24 03:27:46 | SUCCESS | EPG 生成完成
2026-06-24 22:40:48.675 | INFO     | __main__:main:350 - ========== 開始抓取 TBC EPG ==========
2026-06-24 22:40:48.676 | INFO     | __main__:get_tbc_epg:246 - 正在獲取TBC EPG
2026-06-24 22:40:51.852 | INFO     | __main__:get_channels_tbc:161 - 成功獲取 233 個頻道
2026-06-24 22:40:51.852 | INFO     | __main__:get_tbc_epg:258 - 正在獲取 2026/06/25 節目表
2026-06-24 22:42:31.081 | INFO     | __main__:get_tbc_epg:258 - 正在獲取 2026/06/26 節目表
2026-06-24 22:44:11.974 | INFO     | __main__:get_tbc_epg:258 - 正在獲取 2026/06/27 節目表
2026-06-24 22:45:56.378 | INFO     | __main__:get_tbc_epg:258 - 正在獲取 2026/06/28 節目表
2026-06-24 22:47:48.821 | INFO     | __main__:get_tbc_epg:258 - 正在獲取 2026/06/29 節目表
2026-06-24 22:49:40.811 | INFO     | __main__:get_tbc_epg:258 - 正在獲取 2026/06/30 節目表
2026-06-24 22:51:21.932 | INFO     | __main__:get_tbc_epg:291 - 頻道 南桃園節目總表 獲取 144 個節目
2026-06-24 22:51:21.932 | INFO     | __main__:get_tbc_epg:291 - 頻道 南桃園公用頻道 獲取 191 個節目
2026-06-24 22:51:21.932 | INFO     | __main__:get_tbc_epg:291 - 頻道 CNN 獲取 184 個節目
2026-06-24 22:51:21.932 | INFO     | __main__:get_tbc_epg:291 - 頻道 民視無線台 獲取 205 個節目
2026-06-24 22:51:21.932 | INFO     | __main__:get_tbc_epg:291 - 頻道 TBC桃園生活台 獲取 240 個節目
2026-06-24 22:51:21.933 | INFO     | __main__:get_tbc_epg:291 - 頻道 台視 獲取 139 個節目
2026-06-24 22:51:21.933 | INFO     | __main__:get_tbc_epg:291 - 頻道 大愛電視台 獲取 377 個節目
2026-06-24 22:51:21.933 | INFO     | __main__:get_tbc_epg:291 - 頻道 中視 獲取 149 個節目
2026-06-24 22:51:21.933 | INFO     | __main__:get_tbc_epg:291 - 頻道 人間衛視 獲取 175 個節目
2026-06-24 22:51:21.933 | INFO     | __main__:get_tbc_epg:291 - 頻道 華視 獲取 145 個節目
2026-06-24 22:51:21.933 | INFO     | __main__:get_tbc_epg:291 - 頻道 公共電視 獲取 211 個節目
2026-06-24 22:51:21.933 | INFO     | __main__:get_tbc_epg:291 - 頻道 公視台語台 獲取 159 個節目
2026-06-24 22:51:21.933 | INFO     | __main__:get_tbc_epg:291 - 頻道 好消息頻道 獲取 276 個節目
2026-06-24 22:51:21.933 | INFO     | __main__:get_tbc_epg:291 - 頻道 原住民頻道 獲取 173 個節目
2026-06-24 22:51:21.933 | INFO     | __main__:get_tbc_epg:291 - 頻道 客家電視台 獲取 218 個節目
2026-06-24 22:51:21.933 | INFO     | __main__:get_tbc_epg:291 - 頻道 BBC Earth 獲取 161 個節目
2026-06-24 22:51:21.933 | INFO     | __main__:get_tbc_epg:291 - 頻道 Discovery 獲取 180 個節目
2026-06-24 22:51:21.933 | INFO     | __main__:get_tbc_epg:291 - 頻道 TLC旅遊生活頻道 獲取 161 個節目
2026-06-24 22:51:21.934 | INFO     | __main__:get_tbc_epg:291 - 頻道 動物星球 獲取 167 個節目
2026-06-24 22:51:21.934 | INFO     | __main__:get_tbc_epg:291 - 頻道 卡通頻道 獲取 212 個節目
2026-06-24 22:51:21.934 | INFO     | __main__:get_tbc_epg:291 - 頻道 小尼克頻道 獲取 495 個節目
2026-06-24 22:51:21.934 | INFO     | __main__:get_tbc_epg:291 - 頻道 MOMO親子台 獲取 239 個節目
2026-06-24 22:51:21.934 | INFO     | __main__:get_tbc_epg:291 - 頻道 東森幼幼台 獲取 382 個節目
2026-06-24 22:51:21.934 | INFO     | __main__:get_tbc_epg:291 - 頻道 緯來綜合台 獲取 128 個節目
2026-06-24 22:51:21.934 | INFO     | __main__:get_tbc_epg:291 - 頻道 八大第一台 獲取 140 個節目
2026-06-24 22:51:21.934 | INFO     | __main__:get_tbc_epg:291 - 頻道 八大綜合台 獲取 153 個節目
2026-06-24 22:51:21.934 | INFO     | __main__:get_tbc_epg:291 - 頻道 三立台灣台 獲取 132 個節目
2026-06-24 22:51:21.934 | INFO     | __main__:get_tbc_epg:291 - 頻道 三立都會台 獲取 138 個節目
2026-06-24 22:51:21.934 | INFO     | __main__:get_tbc_epg:291 - 頻道 華藝中文台 獲取 162 個節目
2026-06-24 22:51:21.935 | INFO     | __main__:get_tbc_epg:291 - 頻道 東森綜合台 獲取 133 個節目
2026-06-24 22:51:21.935 | INFO     | __main__:get_tbc_epg:291 - 頻道 東森超視 獲取 137 個節目
2026-06-24 22:51:21.935 | INFO     | __main__:get_tbc_epg:291 - 頻道 東森購物2台 獲取 144 個節目
2026-06-24 22:51:21.935 | INFO     | __main__:get_tbc_epg:291 - 頻道 MOMO 2台 獲取 144 個節目
2026-06-24 22:51:21.935 | INFO     | __main__:get_tbc_epg:291 - 頻道 中天綜合台 獲取 115 個節目
2026-06-24 22:51:21.935 | INFO     | __main__:get_tbc_epg:291 - 頻道 東風衛視 獲取 149 個節目
2026-06-24 22:51:21.935 | INFO     | __main__:get_tbc_epg:291 - 頻道 年代MUCH TV 獲取 175 個節目
2026-06-24 22:51:21.935 | INFO     | __main__:get_tbc_epg:291 - 頻道 中天娛樂台 獲取 133 個節目
2026-06-24 22:51:21.935 | INFO     | __main__:get_tbc_epg:291 - 頻道 東森戲劇台 獲取 138 個節目
2026-06-24 22:51:21.935 | INFO     | __main__:get_tbc_epg:291 - 頻道 八大戲劇台 獲取 144 個節目
2026-06-24 22:51:21.935 | INFO     | __main__:get_tbc_epg:291 - 頻道 TVBS歡樂台 獲取 144 個節目
2026-06-24 22:51:21.935 | INFO     | __main__:get_tbc_epg:291 - 頻道 緯來戲劇台 獲取 142 個節目
2026-06-24 22:51:21.935 | INFO     | __main__:get_tbc_epg:291 - 頻道 高點電視台 獲取 144 個節目
2026-06-24 22:51:21.935 | INFO     | __main__:get_tbc_epg:291 - 頻道 JET綜合台 獲取 141 個節目
2026-06-24 22:51:21.936 | INFO     | __main__:get_tbc_epg:291 - 頻道 東森購物3台 獲取 144 個節目
2026-06-24 22:51:21.936 | INFO     | __main__:get_tbc_epg:291 - 頻道 東森購物1台 獲取 144 個節目
2026-06-24 22:51:21.936 | INFO     | __main__:get_tbc_epg:291 - 頻道 MOMO 1台 獲取 144 個節目
2026-06-24 22:51:21.936 | INFO     | __main__:get_tbc_epg:291 - 頻道 壹電視新聞台 獲取 113 個節目
2026-06-24 22:51:21.936 | INFO     | __main__:get_tbc_epg:291 - 頻道 年代新聞台 獲取 116 個節目
2026-06-24 22:51:21.936 | INFO     | __main__:get_tbc_epg:291 - 頻道 東森新聞台 獲取 121 個節目
2026-06-24 22:51:21.936 | INFO     | __main__:get_tbc_epg:291 - 頻道 民視新聞台 獲取 146 個節目
2026-06-24 22:51:21.936 | INFO     | __main__:get_tbc_epg:291 - 頻道 三立新聞台 獲取 138 個節目
2026-06-24 22:51:21.936 | INFO     | __main__:get_tbc_epg:291 - 頻道 TVBS 新聞台 獲取 114 個節目
2026-06-24 22:51:21.936 | INFO     | __main__:get_tbc_epg:291 - 頻道 TVBS 獲取 117 個節目
2026-06-24 22:51:21.937 | INFO     | __main__:get_tbc_epg:291 - 頻道 東森財經新聞台 獲取 137 個節目
2026-06-24 22:51:21.937 | INFO     | __main__:get_tbc_epg:291 - 頻道 非凡新聞台 獲取 148 個節目
2026-06-24 22:51:21.937 | INFO     | __main__:get_tbc_epg:291 - 頻道 ViVa1台 獲取 144 個節目
2026-06-24 22:51:21.937 | INFO     | __main__:get_tbc_epg:291 - 頻道 東森購物5台 獲取 144 個節目
2026-06-24 22:51:21.937 | INFO     | __main__:get_tbc_epg:291 - 頻道 CATCHPLAY電影台 獲取 134 個節目
2026-06-24 22:51:21.937 | INFO     | __main__:get_tbc_epg:291 - 頻道 東森電影台 獲取 107 個節目
2026-06-24 22:51:21.937 | INFO     | __main__:get_tbc_epg:291 - 頻道 緯來電影台 獲取 80 個節目
2026-06-24 22:51:21.937 | INFO     | __main__:get_tbc_epg:291 - 頻道 LS Time電影台 獲取 67 個節目
2026-06-24 22:51:21.937 | INFO     | __main__:get_tbc_epg:291 - 頻道 HBO 獲取 87 個節目
2026-06-24 22:51:21.937 | INFO     | __main__:get_tbc_epg:291 - 頻道 東森洋片台 獲取 69 個節目
2026-06-24 22:51:21.937 | INFO     | __main__:get_tbc_epg:291 - 頻道 AXN 獲取 121 個節目
2026-06-24 22:51:21.937 | INFO     | __main__:get_tbc_epg:291 - 頻道 好萊塢電影台 獲取 77 個節目
2026-06-24 22:51:21.938 | INFO     | __main__:get_tbc_epg:291 - 頻道 amc電影台 獲取 100 個節目
2026-06-24 22:51:21.938 | INFO     | __main__:get_tbc_epg:291 - 頻道 緯來育樂台 獲取 131 個節目
2026-06-24 22:51:21.938 | INFO     | __main__:get_tbc_epg:291 - 頻道 CINEMAX 獲取 90 個節目
2026-06-24 22:51:21.938 | INFO     | __main__:get_tbc_epg:291 - 頻道 緯來體育台 獲取 124 個節目
2026-06-24 22:51:21.938 | INFO     | __main__:get_tbc_epg:291 - 頻道 DAZN 1 獲取 87 個節目
2026-06-24 22:51:21.938 | INFO     | __main__:get_tbc_epg:291 - 頻道 DAZN 2 獲取 86 個節目
2026-06-24 22:51:21.938 | INFO     | __main__:get_tbc_epg:291 - 頻道 MOMO綜合台 獲取 161 個節目
2026-06-24 22:51:21.938 | INFO     | __main__:get_tbc_epg:291 - 頻道 緯來日本台 獲取 127 個節目
2026-06-24 22:51:21.938 | INFO     | __main__:get_tbc_epg:291 - 頻道 國興衛視 獲取 193 個節目
2026-06-24 22:51:21.938 | INFO     | __main__:get_tbc_epg:291 - 頻道 BBC Lifestyle 獲取 180 個節目
2026-06-24 22:51:21.938 | INFO     | __main__:get_tbc_epg:291 - 頻道 靖天資訊台 獲取 159 個節目
2026-06-24 22:51:21.938 | INFO     | __main__:get_tbc_epg:291 - 頻道 信吉電視台 獲取 71 個節目
2026-06-24 22:51:21.939 | INFO     | __main__:get_tbc_epg:291 - 頻道 信大電視台 獲取 72 個節目
2026-06-24 22:51:21.939 | INFO     | __main__:get_tbc_epg:291 - 頻道 中台灣生活網頻道 獲取 288 個節目
2026-06-24 22:51:21.939 | INFO     | __main__:get_tbc_epg:291 - 頻道 TBC台中生活台 獲取 288 個節目
2026-06-24 22:51:21.939 | INFO     | __main__:get_tbc_epg:291 - 頻道 鏡電視新聞台 獲取 143 個節目
2026-06-24 22:51:21.939 | INFO     | __main__:get_tbc_epg:291 - 頻道 台灣藝術台 獲取 90 個節目
2026-06-24 22:51:21.939 | INFO     | __main__:get_tbc_epg:291 - 頻道 樂視台 獲取 288 個節目
2026-06-24 22:51:21.939 | INFO     | __main__:get_tbc_epg:291 - 頻道 非凡商業台 獲取 182 個節目
2026-06-24 22:51:21.939 | INFO     | __main__:get_tbc_epg:291 - 頻道 三立財經新聞台 獲取 143 個節目
2026-06-24 22:51:21.939 | INFO     | __main__:get_tbc_epg:291 - 頻道 冠軍電視台 獲取 78 個節目
2026-06-24 22:51:21.939 | INFO     | __main__:get_tbc_epg:291 - 頻道 運通財經綜合台 獲取 288 個節目
2026-06-24 22:51:21.939 | INFO     | __main__:get_tbc_epg:291 - 頻道 SBN全球財經台 獲取 288 個節目
2026-06-24 22:51:21.939 | INFO     | __main__:get_tbc_epg:291 - 頻道 誠心電視台 獲取 72 個節目
2026-06-24 22:51:21.939 | INFO     | __main__:get_tbc_epg:291 - 頻道 NHK 獲取 407 個節目
2026-06-24 22:51:21.939 | INFO     | __main__:get_tbc_epg:291 - 頻道 MTV 獲取 161 個節目
2026-06-24 22:51:21.940 | INFO     | __main__:get_tbc_epg:291 - 頻道 Animax 獲取 288 個節目
2026-06-24 22:51:21.940 | INFO     | __main__:get_tbc_epg:291 - 頻道 霹靂台灣台 獲取 139 個節目
2026-06-24 22:51:21.940 | INFO     | __main__:get_tbc_epg:291 - 頻道 海豚綜合台 獲取 102 個節目
2026-06-24 22:51:21.940 | INFO     | __main__:get_tbc_epg:291 - 頻道 八大娛樂台 獲取 141 個節目
2026-06-24 22:51:21.940 | INFO     | __main__:get_tbc_epg:291 - 頻道 十方法界 獲取 249 個節目
2026-06-24 22:51:21.940 | INFO     | __main__:get_tbc_epg:291 - 頻道 壹電視電影台 獲取 93 個節目
2026-06-24 22:51:21.940 | INFO     | __main__:get_tbc_epg:291 - 頻道 華藏衛視  獲取 167 個節目
2026-06-24 22:51:21.940 | INFO     | __main__:get_tbc_epg:291 - 頻道 壹電視資訊綜合台 獲取 163 個節目
2026-06-24 22:51:21.940 | INFO     | __main__:get_tbc_epg:291 - 頻道 佛衛慈悲台 獲取 186 個節目
2026-06-24 22:51:21.940 | INFO     | __main__:get_tbc_epg:291 - 頻道 紅豆電視台 獲取 84 個節目
2026-06-24 22:51:21.941 | INFO     | __main__:get_tbc_epg:291 - 頻道 全大電視台 獲取 72 個節目
2026-06-24 22:51:21.941 | INFO     | __main__:get_tbc_epg:291 - 頻道 華藝台灣台 獲取 66 個節目
2026-06-24 22:51:21.941 | INFO     | __main__:get_tbc_epg:291 - 頻道 正德電視台 獲取 144 個節目
2026-06-24 22:51:21.941 | INFO     | __main__:get_tbc_epg:291 - 頻道 天良綜合台 獲取 60 個節目
2026-06-24 22:51:21.941 | INFO     | __main__:get_tbc_epg:291 - 頻道 番薯衛星電視台 獲取 24 個節目
2026-06-24 22:51:21.941 | INFO     | __main__:get_tbc_epg:291 - 頻道 富立電視台 獲取 72 個節目
2026-06-24 22:51:21.941 | INFO     | __main__:get_tbc_epg:291 - 頻道 Z頻道 獲取 144 個節目
2026-06-24 22:51:21.941 | INFO     | __main__:get_tbc_epg:291 - 頻道 冠軍夢想台 獲取 66 個節目
2026-06-24 22:51:21.941 | INFO     | __main__:get_tbc_epg:291 - 頻道 新天地民俗台 獲取 144 個節目
2026-06-24 22:51:21.941 | INFO     | __main__:get_tbc_epg:291 - 頻道 三聖電視台 獲取 144 個節目
2026-06-24 22:51:21.941 | INFO     | __main__:get_tbc_epg:291 - 頻道 威達超舜生活台 獲取 90 個節目
2026-06-24 22:51:21.941 | INFO     | __main__:get_tbc_epg:291 - 頻道 天美麗電視台 獲取 48 個節目
2026-06-24 22:51:21.941 | INFO     | __main__:get_tbc_epg:291 - 頻道 大立電視台 獲取 72 個節目
2026-06-24 22:51:21.941 | INFO     | __main__:get_tbc_epg:291 - 頻道 小公視 獲取 244 個節目
2026-06-24 22:51:21.941 | INFO     | __main__:get_tbc_epg:291 - 頻道 華視教育體育文化台 獲取 256 個節目
2026-06-24 22:51:21.941 | INFO     | __main__:get_tbc_epg:291 - 頻道 國會頻道1台 獲取 72 個節目
2026-06-24 22:51:21.941 | INFO     | __main__:get_tbc_epg:291 - 頻道 國會頻道2台 獲取 72 個節目
2026-06-24 22:51:21.942 | INFO     | __main__:get_tbc_epg:291 - 頻道 幸福空間居家台 獲取 146 個節目
2026-06-24 22:51:21.942 | INFO     | __main__:get_tbc_epg:291 - 頻道 高點育樂台 獲取 148 個節目
2026-06-24 22:51:21.942 | INFO     | __main__:get_tbc_epg:291 - 頻道 台灣綜合台 獲取 144 個節目
2026-06-24 22:51:21.942 | INFO     | __main__:get_tbc_epg:291 - 頻道 大台中生活頻道 獲取 147 個節目
2026-06-24 22:51:21.942 | INFO     | __main__:get_tbc_epg:291 - 頻道 彰化生活台 獲取 144 個節目
2026-06-24 22:51:21.942 | INFO     | __main__:get_tbc_epg:291 - 頻道 唯心電視台 獲取 228 個節目
2026-06-24 22:51:21.942 | INFO     | __main__:get_tbc_epg:291 - 頻道 美麗人生購物台 獲取 144 個節目
2026-06-24 22:51:21.942 | INFO     | __main__:get_tbc_epg:291 - 頻道 大愛二台  獲取 288 個節目
2026-06-24 22:51:21.942 | INFO     | __main__:get_tbc_epg:291 - 頻道 靖天映畫 獲取 78 個節目
2026-06-24 22:51:21.942 | INFO     | __main__:get_tbc_epg:291 - 頻道 靖洋戲劇台 獲取 152 個節目
2026-06-24 22:51:21.942 | INFO     | __main__:get_tbc_epg:291 - 頻道 ROCK Action 獲取 84 個節目
2026-06-24 22:51:21.942 | INFO     | __main__:get_tbc_epg:291 - 頻道 Global Trekker 探索世界  獲取 182 個節目
2026-06-24 22:51:21.942 | INFO     | __main__:get_tbc_epg:291 - 頻道 靖天綜合台 獲取 144 個節目
2026-06-24 22:51:21.942 | INFO     | __main__:get_tbc_epg:291 - 頻道 寶島文化台 獲取 144 個節目
2026-06-24 22:51:21.942 | INFO     | __main__:get_tbc_epg:291 - 頻道 TaiwanPlus 獲取 338 個節目
2026-06-24 22:51:21.942 | INFO     | __main__:get_tbc_epg:291 - 頻道 BBC News 獲取 305 個節目
2026-06-24 22:51:21.942 | INFO     | __main__:get_tbc_epg:291 - 頻道 民視第一台 獲取 197 個節目
2026-06-24 22:51:21.942 | INFO     | __main__:get_tbc_epg:291 - 頻道 民視台灣台 獲取 168 個節目
2026-06-24 22:51:21.942 | INFO     | __main__:get_tbc_epg:291 - 頻道 中視新聞台 獲取 144 個節目
2026-06-24 22:51:21.942 | INFO     | __main__:get_tbc_epg:291 - 頻道 台視新聞台 獲取 152 個節目
2026-06-24 22:51:21.942 | INFO     | __main__:get_tbc_epg:291 - 頻道 台視財經台 獲取 132 個節目
2026-06-24 22:51:21.942 | INFO     | __main__:get_tbc_epg:291 - 頻道 台視綜合台 獲取 145 個節目
2026-06-24 22:51:21.942 | INFO     | __main__:get_tbc_epg:291 - 頻道 彭博財經台 獲取 148 個節目
2026-06-24 22:51:21.942 | INFO     | __main__:get_tbc_epg:291 - 頻道 Channel NewsAsia 獲取 183 個節目
2026-06-24 22:51:21.942 | INFO     | __main__:get_tbc_epg:291 - 頻道 韓國阿里郎 獲取 309 個節目
2026-06-24 22:51:21.943 | INFO     | __main__:get_tbc_epg:291 - 頻道 DREAMWORKS 獲取 354 個節目
2026-06-24 22:51:21.943 | INFO     | __main__:get_tbc_epg:291 - 頻道 Warner TV 獲取 233 個節目
2026-06-24 22:51:21.943 | INFO     | __main__:get_tbc_epg:291 - 頻道 靖天電影台 獲取 84 個節目
2026-06-24 22:51:21.943 | INFO     | __main__:get_tbc_epg:291 - 頻道 CinemaWorld 獲取 93 個節目
2026-06-24 22:51:21.943 | INFO     | __main__:get_tbc_epg:291 - 頻道 HBO HD 獲取 180 個節目
2026-06-24 22:51:21.943 | INFO     | __main__:get_tbc_epg:291 - 頻道 HBO 強檔鉅獻 獲取 92 個節目
2026-06-24 22:51:21.943 | INFO     | __main__:get_tbc_epg:291 - 頻道 HBO 原創鉅獻 獲取 100 個節目
2026-06-24 22:51:21.943 | INFO     | __main__:get_tbc_epg:291 - 頻道 HBO 溫馨家庭 獲取 298 個節目
2026-06-24 22:51:21.943 | INFO     | __main__:get_tbc_epg:291 - 頻道 靖天日本台 獲取 222 個節目
2026-06-24 22:51:21.943 | INFO     | __main__:get_tbc_epg:291 - 頻道 EVE 獲取 250 個節目
2026-06-24 22:51:21.943 | INFO     | __main__:get_tbc_epg:291 - 頻道 tvN 獲取 108 個節目
2026-06-24 22:51:21.943 | INFO     | __main__:get_tbc_epg:291 - 頻道 靖天歡樂台 獲取 144 個節目
2026-06-24 22:51:21.943 | INFO     | __main__:get_tbc_epg:291 - 頻道 HITS 獲取 165 個節目
2026-06-24 22:51:21.943 | INFO     | __main__:get_tbc_epg:291 - 頻道 韓國娛樂台KMTV 獲取 230 個節目
2026-06-24 22:51:21.943 | INFO     | __main__:get_tbc_epg:291 - 頻道 靖天育樂台 獲取 164 個節目
2026-06-24 22:51:21.943 | INFO     | __main__:get_tbc_epg:291 - 頻道 Lifetime 獲取 146 個節目
2026-06-24 22:51:21.943 | INFO     | __main__:get_tbc_epg:291 - 頻道 罪案偵緝頻道 獲取 183 個節目
2026-06-24 22:51:21.943 | INFO     | __main__:get_tbc_epg:291 - 頻道 寵物頻道 獲取 163 個節目
2026-06-24 22:51:21.943 | INFO     | __main__:get_tbc_epg:291 - 頻道 歷史頻道 獲取 168 個節目
2026-06-24 22:51:21.943 | INFO     | __main__:get_tbc_epg:291 - 頻道 Discovery Asia 獲取 213 個節目
2026-06-24 22:51:21.943 | INFO     | __main__:get_tbc_epg:291 - 頻道 Discovery科學頻道 獲取 245 個節目
2026-06-24 22:51:21.943 | INFO     | __main__:get_tbc_epg:291 - 頻道 DMAX 獲取 221 個節目
2026-06-24 22:51:21.943 | INFO     | __main__:get_tbc_epg:291 - 頻道 寰宇新聞台灣台 獲取 150 個節目
2026-06-24 22:51:21.943 | INFO     | __main__:get_tbc_epg:291 - 頻道 亞洲旅遊台 獲取 144 個節目
2026-06-24 22:51:21.944 | INFO     | __main__:get_tbc_epg:291 - 頻道 梅迪奇藝術 獲取 102 個節目
2026-06-24 22:51:21.944 | INFO     | __main__:get_tbc_epg:291 - 頻道 博斯運動二台 獲取 72 個節目
2026-06-24 22:51:21.944 | INFO     | __main__:get_tbc_epg:291 - 頻道 博斯網球台 獲取 52 個節目
2026-06-24 22:51:21.944 | INFO     | __main__:get_tbc_epg:291 - 頻道 博斯無限台 獲取 58 個節目
2026-06-24 22:51:21.944 | INFO     | __main__:get_tbc_epg:291 - 頻道 博斯高球1台 獲取 43 個節目
2026-06-24 22:51:21.944 | INFO     | __main__:get_tbc_epg:291 - 頻道 博斯高球2台 獲取 52 個節目
2026-06-24 22:51:21.944 | INFO     | __main__:get_tbc_epg:291 - 頻道 博斯魅力網 獲取 62 個節目
2026-06-24 22:51:21.944 | INFO     | __main__:get_tbc_epg:291 - 頻道 博斯運動一台 獲取 51 個節目
2026-06-24 22:51:21.944 | INFO     | __main__:get_tbc_epg:291 - 頻道 博斯無限二台 獲取 72 個節目
2026-06-24 22:51:21.944 | INFO     | __main__:get_tbc_epg:291 - 頻道 尼克兒童頻道 獲取 396 個節目
2026-06-24 22:51:21.944 | INFO     | __main__:get_tbc_epg:291 - 頻道 達文西頻道 獲取 599 個節目
2026-06-24 22:51:21.944 | INFO     | __main__:get_tbc_epg:291 - 頻道 CBeebies 獲取 984 個節目
2026-06-24 22:51:21.944 | INFO     | __main__:get_tbc_epg:291 - 頻道 CARTOONITO 獲取 256 個節目
2026-06-24 22:51:21.944 | INFO     | __main__:get_tbc_epg:291 - 頻道 靖洋卡通台 獲取 288 個節目
2026-06-24 22:51:21.944 | INFO     | __main__:get_tbc_epg:291 - 頻道 靖天卡通台 獲取 250 個節目
2026-06-24 22:51:21.944 | INFO     | __main__:get_tbc_epg:291 - 頻道 LOVE NATURE 4K 獲取 168 個節目
2026-06-24 22:51:21.944 | INFO     | __main__:get_tbc_epg:291 - 頻道 ROCK ENTERTAINMENT 獲取 137 個節目
2026-06-24 22:51:21.944 | INFO     | __main__:get_tbc_epg:291 - 頻道 ROCK EXTREME 獲取 142 個節目
2026-06-24 22:51:21.945 | INFO     | __main__:get_tbc_epg:291 - 頻道 彩虹頻道 獲取 144 個節目
2026-06-24 22:51:21.945 | INFO     | __main__:get_tbc_epg:291 - 頻道 彩虹e台 獲取 58 個節目
2026-06-24 22:51:21.945 | INFO     | __main__:get_tbc_epg:291 - 頻道 彩虹電影台 獲取 60 個節目
2026-06-24 22:51:21.945 | INFO     | __main__:get_tbc_epg:291 - 頻道 K 頻道 獲取 70 個節目
2026-06-24 22:51:21.945 | INFO     | __main__:get_tbc_epg:291 - 頻道 松視1台 獲取 72 個節目
2026-06-24 22:51:21.945 | INFO     | __main__:get_tbc_epg:291 - 頻道 松視2台 獲取 72 個節目
2026-06-24 22:51:21.945 | INFO     | __main__:get_tbc_epg:291 - 頻道 松視3台 獲取 107 個節目
2026-06-24 22:51:21.945 | INFO     | __main__:get_tbc_epg:291 - 頻道 松視4台 獲取 96 個節目
2026-06-24 22:51:21.945 | INFO     | __main__:get_tbc_epg:291 - 頻道 潘朵啦高畫質玩美台 獲取 72 個節目
2026-06-24 22:51:21.945 | INFO     | __main__:get_tbc_epg:291 - 頻道 潘朵啦高畫質粉紅台 獲取 78 個節目
2026-06-24 22:51:21.945 | INFO     | __main__:get_tbc_epg:291 - 頻道 JStar極限台電影頻道 獲取 91 個節目
2026-06-24 22:51:21.946 | INFO     | __main__:get_tbc_epg:291 - 頻道 驚豔成人電影台 獲取 66 個節目
2026-06-24 22:51:21.946 | INFO     | __main__:get_tbc_epg:291 - 頻道 香蕉台 獲取 92 個節目
2026-06-24 22:51:21.946 | INFO     | __main__:get_tbc_epg:291 - 頻道 樂活頻道 獲取 102 個節目
2026-06-24 22:51:21.946 | INFO     | __main__:get_tbc_epg:291 - 頻道 玩家頻道 獲取 144 個節目
2026-06-24 22:51:21.946 | INFO     | __main__:get_tbc_epg:291 - 頻道 Happy 獲取 72 個節目
2026-06-24 22:51:21.946 | INFO     | __main__:get_tbc_epg:291 - 頻道 Hot 獲取 144 個節目
2026-06-24 22:51:21.946 | INFO     | __main__:get_tbc_epg:292 - 總計獲取 32198 個節目
2026-06-24 22:51:25.221 | INFO     | __main__:main:361 - EPG 已儲存到 ./output/epg_tbc.xml
2026-06-24 22:51:25.222 | INFO     | __main__:main:363 - ========== 抓取完成 ==========
2026-06-25 03:24:27 | INFO | ==================================================
2026-06-25 03:24:27 | INFO | 開始生成四季線上電子節目單
2026-06-25 03:24:27 | INFO | 輸出目錄: /home/runner/work/EPG/EPG/output
2026-06-25 03:24:28 | SUCCESS | 已更新本地頻道檔案，保存 133 個頻道
2026-06-25 03:24:28 | SUCCESS | 從 API 獲取到 133 個頻道（已跳過 9 個）
2026-06-25 03:24:28 | INFO | 成功加載 133 個頻道
2026-06-25 03:24:46 | INFO | 共獲取 13293 個節目
2026-06-25 03:24:46 | INFO | 電子節目單已生成: /home/runner/work/EPG/EPG/output/4g.xml
2026-06-25 03:24:46 | SUCCESS | EPG 生成完成
2026-06-25 22:47:51.205 | INFO     | __main__:main:350 - ========== 開始抓取 TBC EPG ==========
2026-06-25 22:47:51.205 | INFO     | __main__:get_tbc_epg:246 - 正在獲取TBC EPG
2026-06-25 22:47:59.181 | INFO     | __main__:get_channels_tbc:161 - 成功獲取 233 個頻道
2026-06-25 22:47:59.182 | INFO     | __main__:get_tbc_epg:258 - 正在獲取 2026/06/26 節目表
2026-06-25 22:49:53.672 | INFO     | __main__:get_tbc_epg:258 - 正在獲取 2026/06/27 節目表
2026-06-25 22:51:35.626 | INFO     | __main__:get_tbc_epg:258 - 正在獲取 2026/06/28 節目表
2026-06-25 22:53:18.603 | INFO     | __main__:get_tbc_epg:258 - 正在獲取 2026/06/29 節目表
2026-06-25 22:54:59.766 | INFO     | __main__:get_tbc_epg:258 - 正在獲取 2026/06/30 節目表
2026-06-25 22:56:39.775 | INFO     | __main__:get_tbc_epg:258 - 正在獲取 2026/07/01 節目表
2026-06-25 22:58:18.394 | INFO     | __main__:get_tbc_epg:291 - 頻道 南桃園節目總表 獲取 144 個節目
2026-06-25 22:58:18.394 | INFO     | __main__:get_tbc_epg:291 - 頻道 南桃園公用頻道 獲取 191 個節目
2026-06-25 22:58:18.394 | INFO     | __main__:get_tbc_epg:291 - 頻道 CNN 獲取 184 個節目
2026-06-25 22:58:18.394 | INFO     | __main__:get_tbc_epg:291 - 頻道 民視無線台 獲取 205 個節目
2026-06-25 22:58:18.394 | INFO     | __main__:get_tbc_epg:291 - 頻道 TBC桃園生活台 獲取 240 個節目
2026-06-25 22:58:18.394 | INFO     | __main__:get_tbc_epg:291 - 頻道 台視 獲取 145 個節目
2026-06-25 22:58:18.394 | INFO     | __main__:get_tbc_epg:291 - 頻道 大愛電視台 獲取 377 個節目
2026-06-25 22:58:18.394 | INFO     | __main__:get_tbc_epg:291 - 頻道 中視 獲取 150 個節目
2026-06-25 22:58:18.394 | INFO     | __main__:get_tbc_epg:291 - 頻道 人間衛視 獲取 175 個節目
2026-06-25 22:58:18.394 | INFO     | __main__:get_tbc_epg:291 - 頻道 華視 獲取 144 個節目
2026-06-25 22:58:18.395 | INFO     | __main__:get_tbc_epg:291 - 頻道 公共電視 獲取 213 個節目
2026-06-25 22:58:18.395 | INFO     | __main__:get_tbc_epg:291 - 頻道 公視台語台 獲取 159 個節目
2026-06-25 22:58:18.395 | INFO     | __main__:get_tbc_epg:291 - 頻道 好消息頻道 獲取 278 個節目
2026-06-25 22:58:18.395 | INFO     | __main__:get_tbc_epg:291 - 頻道 原住民頻道 獲取 173 個節目
2026-06-25 22:58:18.395 | INFO     | __main__:get_tbc_epg:291 - 頻道 客家電視台 獲取 220 個節目
2026-06-25 22:58:18.395 | INFO     | __main__:get_tbc_epg:291 - 頻道 BBC Earth 獲取 160 個節目
2026-06-25 22:58:18.395 | INFO     | __main__:get_tbc_epg:291 - 頻道 Discovery 獲取 183 個節目
2026-06-25 22:58:18.395 | INFO     | __main__:get_tbc_epg:291 - 頻道 TLC旅遊生活頻道 獲取 165 個節目
2026-06-25 22:58:18.395 | INFO     | __main__:get_tbc_epg:291 - 頻道 動物星球 獲取 170 個節目
2026-06-25 22:58:18.395 | INFO     | __main__:get_tbc_epg:291 - 頻道 卡通頻道 獲取 210 個節目
2026-06-25 22:58:18.395 | INFO     | __main__:get_tbc_epg:291 - 頻道 小尼克頻道 獲取 493 個節目
2026-06-25 22:58:18.396 | INFO     | __main__:get_tbc_epg:291 - 頻道 MOMO親子台 獲取 231 個節目
2026-06-25 22:58:18.396 | INFO     | __main__:get_tbc_epg:291 - 頻道 東森幼幼台 獲取 382 個節目
2026-06-25 22:58:18.396 | INFO     | __main__:get_tbc_epg:291 - 頻道 緯來綜合台 獲取 127 個節目
2026-06-25 22:58:18.396 | INFO     | __main__:get_tbc_epg:291 - 頻道 八大第一台 獲取 140 個節目
2026-06-25 22:58:18.396 | INFO     | __main__:get_tbc_epg:291 - 頻道 八大綜合台 獲取 158 個節目
2026-06-25 22:58:18.396 | INFO     | __main__:get_tbc_epg:291 - 頻道 三立台灣台 獲取 132 個節目
2026-06-25 22:58:18.396 | INFO     | __main__:get_tbc_epg:291 - 頻道 三立都會台 獲取 139 個節目
2026-06-25 22:58:18.396 | INFO     | __main__:get_tbc_epg:291 - 頻道 華藝中文台 獲取 162 個節目
2026-06-25 22:58:18.396 | INFO     | __main__:get_tbc_epg:291 - 頻道 東森綜合台 獲取 134 個節目
2026-06-25 22:58:18.396 | INFO     | __main__:get_tbc_epg:291 - 頻道 東森超視 獲取 137 個節目
2026-06-25 22:58:18.396 | INFO     | __main__:get_tbc_epg:291 - 頻道 東森購物2台 獲取 144 個節目
2026-06-25 22:58:18.396 | INFO     | __main__:get_tbc_epg:291 - 頻道 MOMO 2台 獲取 144 個節目
2026-06-25 22:58:18.396 | INFO     | __main__:get_tbc_epg:291 - 頻道 中天綜合台 獲取 115 個節目
2026-06-25 22:58:18.396 | INFO     | __main__:get_tbc_epg:291 - 頻道 東風衛視 獲取 152 個節目
2026-06-25 22:58:18.396 | INFO     | __main__:get_tbc_epg:291 - 頻道 年代MUCH TV 獲取 175 個節目
2026-06-25 22:58:18.396 | INFO     | __main__:get_tbc_epg:291 - 頻道 中天娛樂台 獲取 133 個節目
2026-06-25 22:58:18.396 | INFO     | __main__:get_tbc_epg:291 - 頻道 東森戲劇台 獲取 138 個節目
2026-06-25 22:58:18.396 | INFO     | __main__:get_tbc_epg:291 - 頻道 八大戲劇台 獲取 144 個節目
2026-06-25 22:58:18.396 | INFO     | __main__:get_tbc_epg:291 - 頻道 TVBS歡樂台 獲取 144 個節目
2026-06-25 22:58:18.396 | INFO     | __main__:get_tbc_epg:291 - 頻道 緯來戲劇台 獲取 142 個節目
2026-06-25 22:58:18.396 | INFO     | __main__:get_tbc_epg:291 - 頻道 高點電視台 獲取 144 個節目
2026-06-25 22:58:18.396 | INFO     | __main__:get_tbc_epg:291 - 頻道 JET綜合台 獲取 141 個節目
2026-06-25 22:58:18.396 | INFO     | __main__:get_tbc_epg:291 - 頻道 東森購物3台 獲取 144 個節目
2026-06-25 22:58:18.397 | INFO     | __main__:get_tbc_epg:291 - 頻道 東森購物1台 獲取 144 個節目
2026-06-25 22:58:18.397 | INFO     | __main__:get_tbc_epg:291 - 頻道 MOMO 1台 獲取 144 個節目
2026-06-25 22:58:18.397 | INFO     | __main__:get_tbc_epg:291 - 頻道 壹電視新聞台 獲取 113 個節目
2026-06-25 22:58:18.397 | INFO     | __main__:get_tbc_epg:291 - 頻道 年代新聞台 獲取 116 個節目
2026-06-25 22:58:18.397 | INFO     | __main__:get_tbc_epg:291 - 頻道 東森新聞台 獲取 121 個節目
2026-06-25 22:58:18.397 | INFO     | __main__:get_tbc_epg:291 - 頻道 民視新聞台 獲取 146 個節目
2026-06-25 22:58:18.397 | INFO     | __main__:get_tbc_epg:291 - 頻道 三立新聞台 獲取 138 個節目
2026-06-25 22:58:18.397 | INFO     | __main__:get_tbc_epg:291 - 頻道 TVBS 新聞台 獲取 114 個節目
2026-06-25 22:58:18.397 | INFO     | __main__:get_tbc_epg:291 - 頻道 TVBS 獲取 118 個節目
2026-06-25 22:58:18.397 | INFO     | __main__:get_tbc_epg:291 - 頻道 東森財經新聞台 獲取 137 個節目
2026-06-25 22:58:18.397 | INFO     | __main__:get_tbc_epg:291 - 頻道 非凡新聞台 獲取 148 個節目
2026-06-25 22:58:18.397 | INFO     | __main__:get_tbc_epg:291 - 頻道 ViVa1台 獲取 144 個節目
2026-06-25 22:58:18.397 | INFO     | __main__:get_tbc_epg:291 - 頻道 東森購物5台 獲取 144 個節目
2026-06-25 22:58:18.398 | INFO     | __main__:get_tbc_epg:291 - 頻道 CATCHPLAY電影台 獲取 130 個節目
2026-06-25 22:58:18.398 | INFO     | __main__:get_tbc_epg:291 - 頻道 東森電影台 獲取 107 個節目
2026-06-25 22:58:18.398 | INFO     | __main__:get_tbc_epg:291 - 頻道 緯來電影台 獲取 81 個節目
2026-06-25 22:58:18.398 | INFO     | __main__:get_tbc_epg:291 - 頻道 LS Time電影台 獲取 66 個節目
2026-06-25 22:58:18.398 | INFO     | __main__:get_tbc_epg:291 - 頻道 HBO 獲取 89 個節目
2026-06-25 22:58:18.398 | INFO     | __main__:get_tbc_epg:291 - 頻道 東森洋片台 獲取 73 個節目
2026-06-25 22:58:18.398 | INFO     | __main__:get_tbc_epg:291 - 頻道 AXN 獲取 122 個節目
2026-06-25 22:58:18.398 | INFO     | __main__:get_tbc_epg:291 - 頻道 好萊塢電影台 獲取 76 個節目
2026-06-25 22:58:18.398 | INFO     | __main__:get_tbc_epg:291 - 頻道 amc電影台 獲取 100 個節目
2026-06-25 22:58:18.398 | INFO     | __main__:get_tbc_epg:291 - 頻道 緯來育樂台 獲取 132 個節目
2026-06-25 22:58:18.398 | INFO     | __main__:get_tbc_epg:291 - 頻道 CINEMAX 獲取 90 個節目
2026-06-25 22:58:18.399 | INFO     | __main__:get_tbc_epg:291 - 頻道 緯來體育台 獲取 121 個節目
2026-06-25 22:58:18.399 | INFO     | __main__:get_tbc_epg:291 - 頻道 DAZN 1 獲取 88 個節目
2026-06-25 22:58:18.399 | INFO     | __main__:get_tbc_epg:291 - 頻道 DAZN 2 獲取 87 個節目
2026-06-25 22:58:18.399 | INFO     | __main__:get_tbc_epg:291 - 頻道 MOMO綜合台 獲取 162 個節目
2026-06-25 22:58:18.399 | INFO     | __main__:get_tbc_epg:291 - 頻道 緯來日本台 獲取 125 個節目
2026-06-25 22:58:18.399 | INFO     | __main__:get_tbc_epg:291 - 頻道 國興衛視 獲取 193 個節目
2026-06-25 22:58:18.399 | INFO     | __main__:get_tbc_epg:291 - 頻道 BBC Lifestyle 獲取 181 個節目
2026-06-25 22:58:18.399 | INFO     | __main__:get_tbc_epg:291 - 頻道 靖天資訊台 獲取 159 個節目
2026-06-25 22:58:18.399 | INFO     | __main__:get_tbc_epg:291 - 頻道 信吉電視台 獲取 71 個節目
2026-06-25 22:58:18.399 | INFO     | __main__:get_tbc_epg:291 - 頻道 信大電視台 獲取 72 個節目
2026-06-25 22:58:18.399 | INFO     | __main__:get_tbc_epg:291 - 頻道 中台灣生活網頻道 獲取 288 個節目
2026-06-25 22:58:18.399 | INFO     | __main__:get_tbc_epg:291 - 頻道 TBC台中生活台 獲取 288 個節目
2026-06-25 22:58:18.400 | INFO     | __main__:get_tbc_epg:291 - 頻道 鏡電視新聞台 獲取 143 個節目
2026-06-25 22:58:18.400 | INFO     | __main__:get_tbc_epg:291 - 頻道 台灣藝術台 獲取 90 個節目
2026-06-25 22:58:18.400 | INFO     | __main__:get_tbc_epg:291 - 頻道 樂視台 獲取 288 個節目
2026-06-25 22:58:18.400 | INFO     | __main__:get_tbc_epg:291 - 頻道 非凡商業台 獲取 181 個節目
2026-06-25 22:58:18.400 | INFO     | __main__:get_tbc_epg:291 - 頻道 三立財經新聞台 獲取 143 個節目
2026-06-25 22:58:18.400 | INFO     | __main__:get_tbc_epg:291 - 頻道 冠軍電視台 獲取 78 個節目
2026-06-25 22:58:18.400 | INFO     | __main__:get_tbc_epg:291 - 頻道 運通財經綜合台 獲取 288 個節目
2026-06-25 22:58:18.400 | INFO     | __main__:get_tbc_epg:291 - 頻道 SBN全球財經台 獲取 288 個節目
2026-06-25 22:58:18.400 | INFO     | __main__:get_tbc_epg:291 - 頻道 誠心電視台 獲取 72 個節目
2026-06-25 22:58:18.400 | INFO     | __main__:get_tbc_epg:291 - 頻道 NHK 獲取 402 個節目
2026-06-25 22:58:18.400 | INFO     | __main__:get_tbc_epg:291 - 頻道 MTV 獲取 161 個節目
2026-06-25 22:58:18.400 | INFO     | __main__:get_tbc_epg:291 - 頻道 Animax 獲取 288 個節目
2026-06-25 22:58:18.400 | INFO     | __main__:get_tbc_epg:291 - 頻道 霹靂台灣台 獲取 139 個節目
2026-06-25 22:58:18.400 | INFO     | __main__:get_tbc_epg:291 - 頻道 海豚綜合台 獲取 102 個節目
2026-06-25 22:58:18.401 | INFO     | __main__:get_tbc_epg:291 - 頻道 八大娛樂台 獲取 141 個節目
2026-06-25 22:58:18.401 | INFO     | __main__:get_tbc_epg:291 - 頻道 十方法界 獲取 249 個節目
2026-06-25 22:58:18.401 | INFO     | __main__:get_tbc_epg:291 - 頻道 壹電視電影台 獲取 95 個節目
2026-06-25 22:58:18.401 | INFO     | __main__:get_tbc_epg:291 - 頻道 華藏衛視  獲取 167 個節目
2026-06-25 22:58:18.401 | INFO     | __main__:get_tbc_epg:291 - 頻道 壹電視資訊綜合台 獲取 163 個節目
2026-06-25 22:58:18.401 | INFO     | __main__:get_tbc_epg:291 - 頻道 佛衛慈悲台 獲取 186 個節目
2026-06-25 22:58:18.401 | INFO     | __main__:get_tbc_epg:291 - 頻道 紅豆電視台 獲取 84 個節目
2026-06-25 22:58:18.401 | INFO     | __main__:get_tbc_epg:291 - 頻道 全大電視台 獲取 72 個節目
2026-06-25 22:58:18.401 | INFO     | __main__:get_tbc_epg:291 - 頻道 華藝台灣台 獲取 66 個節目
2026-06-25 22:58:18.401 | INFO     | __main__:get_tbc_epg:291 - 頻道 正德電視台 獲取 144 個節目
2026-06-25 22:58:18.401 | INFO     | __main__:get_tbc_epg:291 - 頻道 天良綜合台 獲取 60 個節目
2026-06-25 22:58:18.401 | INFO     | __main__:get_tbc_epg:291 - 頻道 番薯衛星電視台 獲取 24 個節目
2026-06-25 22:58:18.401 | INFO     | __main__:get_tbc_epg:291 - 頻道 富立電視台 獲取 72 個節目
2026-06-25 22:58:18.402 | INFO     | __main__:get_tbc_epg:291 - 頻道 Z頻道 獲取 144 個節目
2026-06-25 22:58:18.402 | INFO     | __main__:get_tbc_epg:291 - 頻道 冠軍夢想台 獲取 66 個節目
2026-06-25 22:58:18.402 | INFO     | __main__:get_tbc_epg:291 - 頻道 新天地民俗台 獲取 144 個節目
2026-06-25 22:58:18.402 | INFO     | __main__:get_tbc_epg:291 - 頻道 三聖電視台 獲取 144 個節目
2026-06-25 22:58:18.402 | INFO     | __main__:get_tbc_epg:291 - 頻道 威達超舜生活台 獲取 90 個節目
2026-06-25 22:58:18.402 | INFO     | __main__:get_tbc_epg:291 - 頻道 天美麗電視台 獲取 48 個節目
2026-06-25 22:58:18.402 | INFO     | __main__:get_tbc_epg:291 - 頻道 大立電視台 獲取 72 個節目
2026-06-25 22:58:18.402 | INFO     | __main__:get_tbc_epg:291 - 頻道 小公視 獲取 245 個節目
2026-06-25 22:58:18.402 | INFO     | __main__:get_tbc_epg:291 - 頻道 華視教育體育文化台 獲取 256 個節目
2026-06-25 22:58:18.402 | INFO     | __main__:get_tbc_epg:291 - 頻道 國會頻道1台 獲取 72 個節目
2026-06-25 22:58:18.402 | INFO     | __main__:get_tbc_epg:291 - 頻道 國會頻道2台 獲取 72 個節目
2026-06-25 22:58:18.403 | INFO     | __main__:get_tbc_epg:291 - 頻道 幸福空間居家台 獲取 146 個節目
2026-06-25 22:58:18.403 | INFO     | __main__:get_tbc_epg:291 - 頻道 高點育樂台 獲取 148 個節目
2026-06-25 22:58:18.403 | INFO     | __main__:get_tbc_epg:291 - 頻道 台灣綜合台 獲取 144 個節目
2026-06-25 22:58:18.403 | INFO     | __main__:get_tbc_epg:291 - 頻道 大台中生活頻道 獲取 150 個節目
2026-06-25 22:58:18.403 | INFO     | __main__:get_tbc_epg:291 - 頻道 彰化生活台 獲取 144 個節目
2026-06-25 22:58:18.403 | INFO     | __main__:get_tbc_epg:291 - 頻道 唯心電視台 獲取 228 個節目
2026-06-25 22:58:18.403 | INFO     | __main__:get_tbc_epg:291 - 頻道 美麗人生購物台 獲取 144 個節目
2026-06-25 22:58:18.403 | INFO     | __main__:get_tbc_epg:291 - 頻道 大愛二台  獲取 288 個節目
2026-06-25 22:58:18.403 | INFO     | __main__:get_tbc_epg:291 - 頻道 靖天映畫 獲取 78 個節目
2026-06-25 22:58:18.403 | INFO     | __main__:get_tbc_epg:291 - 頻道 靖洋戲劇台 獲取 152 個節目
2026-06-25 22:58:18.404 | INFO     | __main__:get_tbc_epg:291 - 頻道 ROCK Action 獲取 82 個節目
2026-06-25 22:58:18.404 | INFO     | __main__:get_tbc_epg:291 - 頻道 Global Trekker 探索世界  獲取 181 個節目
2026-06-25 22:58:18.404 | INFO     | __main__:get_tbc_epg:291 - 頻道 靖天綜合台 獲取 144 個節目
2026-06-25 22:58:18.404 | INFO     | __main__:get_tbc_epg:291 - 頻道 寶島文化台 獲取 144 個節目
2026-06-25 22:58:18.404 | INFO     | __main__:get_tbc_epg:291 - 頻道 TaiwanPlus 獲取 332 個節目
2026-06-25 22:58:18.404 | INFO     | __main__:get_tbc_epg:291 - 頻道 BBC News 獲取 305 個節目
2026-06-25 22:58:18.404 | INFO     | __main__:get_tbc_epg:291 - 頻道 民視第一台 獲取 196 個節目
2026-06-25 22:58:18.404 | INFO     | __main__:get_tbc_epg:291 - 頻道 民視台灣台 獲取 167 個節目
2026-06-25 22:58:18.404 | INFO     | __main__:get_tbc_epg:291 - 頻道 中視新聞台 獲取 144 個節目
2026-06-25 22:58:18.404 | INFO     | __main__:get_tbc_epg:291 - 頻道 台視新聞台 獲取 154 個節目
2026-06-25 22:58:18.404 | INFO     | __main__:get_tbc_epg:291 - 頻道 台視財經台 獲取 133 個節目
2026-06-25 22:58:18.404 | INFO     | __main__:get_tbc_epg:291 - 頻道 台視綜合台 獲取 145 個節目
2026-06-25 22:58:18.404 | INFO     | __main__:get_tbc_epg:291 - 頻道 彭博財經台 獲取 150 個節目
2026-06-25 22:58:18.404 | INFO     | __main__:get_tbc_epg:291 - 頻道 Channel NewsAsia 獲取 184 個節目
2026-06-25 22:58:18.404 | INFO     | __main__:get_tbc_epg:291 - 頻道 韓國阿里郎 獲取 300 個節目
2026-06-25 22:58:18.404 | INFO     | __main__:get_tbc_epg:291 - 頻道 DREAMWORKS 獲取 354 個節目
2026-06-25 22:58:18.404 | INFO     | __main__:get_tbc_epg:291 - 頻道 Warner TV 獲取 237 個節目
2026-06-25 22:58:18.404 | INFO     | __main__:get_tbc_epg:291 - 頻道 靖天電影台 獲取 85 個節目
2026-06-25 22:58:18.404 | INFO     | __main__:get_tbc_epg:291 - 頻道 CinemaWorld 獲取 93 個節目
2026-06-25 22:58:18.404 | INFO     | __main__:get_tbc_epg:291 - 頻道 HBO HD 獲取 179 個節目
2026-06-25 22:58:18.405 | INFO     | __main__:get_tbc_epg:291 - 頻道 HBO 強檔鉅獻 獲取 91 個節目
2026-06-25 22:58:18.405 | INFO     | __main__:get_tbc_epg:291 - 頻道 HBO 原創鉅獻 獲取 100 個節目
2026-06-25 22:58:18.405 | INFO     | __main__:get_tbc_epg:291 - 頻道 HBO 溫馨家庭 獲取 288 個節目
2026-06-25 22:58:18.405 | INFO     | __main__:get_tbc_epg:291 - 頻道 靖天日本台 獲取 226 個節目
2026-06-25 22:58:18.405 | INFO     | __main__:get_tbc_epg:291 - 頻道 EVE 獲取 247 個節目
2026-06-25 22:58:18.405 | INFO     | __main__:get_tbc_epg:291 - 頻道 tvN 獲取 108 個節目
2026-06-25 22:58:18.405 | INFO     | __main__:get_tbc_epg:291 - 頻道 靖天歡樂台 獲取 144 個節目
2026-06-25 22:58:18.405 | INFO     | __main__:get_tbc_epg:291 - 頻道 HITS 獲取 165 個節目
2026-06-25 22:58:18.405 | INFO     | __main__:get_tbc_epg:291 - 頻道 韓國娛樂台KMTV 獲取 230 個節目
2026-06-25 22:58:18.405 | INFO     | __main__:get_tbc_epg:291 - 頻道 靖天育樂台 獲取 164 個節目
2026-06-25 22:58:18.405 | INFO     | __main__:get_tbc_epg:291 - 頻道 Lifetime 獲取 148 個節目
2026-06-25 22:58:18.405 | INFO     | __main__:get_tbc_epg:291 - 頻道 罪案偵緝頻道 獲取 182 個節目
2026-06-25 22:58:18.406 | INFO     | __main__:get_tbc_epg:291 - 頻道 寵物頻道 獲取 163 個節目
2026-06-25 22:58:18.406 | INFO     | __main__:get_tbc_epg:291 - 頻道 歷史頻道 獲取 168 個節目
2026-06-25 22:58:18.406 | INFO     | __main__:get_tbc_epg:291 - 頻道 Discovery Asia 獲取 214 個節目
2026-06-25 22:58:18.406 | INFO     | __main__:get_tbc_epg:291 - 頻道 Discovery科學頻道 獲取 248 個節目
2026-06-25 22:58:18.406 | INFO     | __main__:get_tbc_epg:291 - 頻道 DMAX 獲取 219 個節目
2026-06-25 22:58:18.406 | INFO     | __main__:get_tbc_epg:291 - 頻道 寰宇新聞台灣台 獲取 150 個節目
2026-06-25 22:58:18.406 | INFO     | __main__:get_tbc_epg:291 - 頻道 亞洲旅遊台 獲取 144 個節目
2026-06-25 22:58:18.406 | INFO     | __main__:get_tbc_epg:291 - 頻道 梅迪奇藝術 獲取 102 個節目
2026-06-25 22:58:18.406 | INFO     | __main__:get_tbc_epg:291 - 頻道 博斯運動二台 獲取 72 個節目
2026-06-25 22:58:18.406 | INFO     | __main__:get_tbc_epg:291 - 頻道 博斯網球台 獲取 50 個節目
2026-06-25 22:58:18.406 | INFO     | __main__:get_tbc_epg:291 - 頻道 博斯無限台 獲取 57 個節目
2026-06-25 22:58:18.406 | INFO     | __main__:get_tbc_epg:291 - 頻道 博斯高球1台 獲取 44 個節目
2026-06-25 22:58:18.406 | INFO     | __main__:get_tbc_epg:291 - 頻道 博斯高球2台 獲取 51 個節目
2026-06-25 22:58:18.407 | INFO     | __main__:get_tbc_epg:291 - 頻道 博斯魅力網 獲取 60 個節目
2026-06-25 22:58:18.407 | INFO     | __main__:get_tbc_epg:291 - 頻道 博斯運動一台 獲取 52 個節目
2026-06-25 22:58:18.407 | INFO     | __main__:get_tbc_epg:291 - 頻道 博斯無限二台 獲取 72 個節目
2026-06-25 22:58:18.407 | INFO     | __main__:get_tbc_epg:291 - 頻道 尼克兒童頻道 獲取 396 個節目
2026-06-25 22:58:18.407 | INFO     | __main__:get_tbc_epg:291 - 頻道 達文西頻道 獲取 600 個節目
2026-06-25 22:58:18.407 | INFO     | __main__:get_tbc_epg:291 - 頻道 CBeebies 獲取 984 個節目
2026-06-25 22:58:18.407 | INFO     | __main__:get_tbc_epg:291 - 頻道 CARTOONITO 獲取 255 個節目
2026-06-25 22:58:18.407 | INFO     | __main__:get_tbc_epg:291 - 頻道 靖洋卡通台 獲取 288 個節目
2026-06-25 22:58:18.407 | INFO     | __main__:get_tbc_epg:291 - 頻道 靖天卡通台 獲取 250 個節目
2026-06-25 22:58:18.407 | INFO     | __main__:get_tbc_epg:291 - 頻道 LOVE NATURE 4K 獲取 168 個節目
2026-06-25 22:58:18.407 | INFO     | __main__:get_tbc_epg:291 - 頻道 ROCK ENTERTAINMENT 獲取 136 個節目
2026-06-25 22:58:18.407 | INFO     | __main__:get_tbc_epg:291 - 頻道 ROCK EXTREME 獲取 143 個節目
2026-06-25 22:58:18.407 | INFO     | __main__:get_tbc_epg:291 - 頻道 彩虹頻道 獲取 144 個節目
2026-06-25 22:58:18.408 | INFO     | __main__:get_tbc_epg:291 - 頻道 彩虹e台 獲取 58 個節目
2026-06-25 22:58:18.408 | INFO     | __main__:get_tbc_epg:291 - 頻道 彩虹電影台 獲取 60 個節目
2026-06-25 22:58:18.408 | INFO     | __main__:get_tbc_epg:291 - 頻道 K 頻道 獲取 69 個節目
2026-06-25 22:58:18.408 | INFO     | __main__:get_tbc_epg:291 - 頻道 松視1台 獲取 72 個節目
2026-06-25 22:58:18.408 | INFO     | __main__:get_tbc_epg:291 - 頻道 松視2台 獲取 72 個節目
2026-06-25 22:58:18.408 | INFO     | __main__:get_tbc_epg:291 - 頻道 松視3台 獲取 107 個節目
2026-06-25 22:58:18.408 | INFO     | __main__:get_tbc_epg:291 - 頻道 松視4台 獲取 97 個節目
2026-06-25 22:58:18.408 | INFO     | __main__:get_tbc_epg:291 - 頻道 潘朵啦高畫質玩美台 獲取 72 個節目
2026-06-25 22:58:18.408 | INFO     | __main__:get_tbc_epg:291 - 頻道 潘朵啦高畫質粉紅台 獲取 78 個節目
2026-06-25 22:58:18.408 | INFO     | __main__:get_tbc_epg:291 - 頻道 JStar極限台電影頻道 獲取 90 個節目
2026-06-25 22:58:18.408 | INFO     | __main__:get_tbc_epg:291 - 頻道 驚豔成人電影台 獲取 66 個節目
2026-06-25 22:58:18.408 | INFO     | __main__:get_tbc_epg:291 - 頻道 香蕉台 獲取 91 個節目
2026-06-25 22:58:18.408 | INFO     | __main__:get_tbc_epg:291 - 頻道 樂活頻道 獲取 102 個節目
2026-06-25 22:58:18.409 | INFO     | __main__:get_tbc_epg:291 - 頻道 玩家頻道 獲取 144 個節目
2026-06-25 22:58:18.409 | INFO     | __main__:get_tbc_epg:291 - 頻道 Happy 獲取 72 個節目
2026-06-25 22:58:18.409 | INFO     | __main__:get_tbc_epg:291 - 頻道 Hot 獲取 144 個節目
2026-06-25 22:58:18.409 | INFO     | __main__:get_tbc_epg:292 - 總計獲取 32196 個節目
2026-06-25 22:58:21.660 | INFO     | __main__:main:361 - EPG 已儲存到 ./output/epg_tbc.xml
2026-06-25 22:58:21.660 | INFO     | __main__:main:363 - ========== 抓取完成 ==========
2026-06-26 03:33:23 | INFO | ==================================================
2026-06-26 03:33:23 | INFO | 開始生成四季線上電子節目單
2026-06-26 03:33:23 | INFO | 輸出目錄: /home/runner/work/EPG/EPG/output
2026-06-26 03:33:24 | SUCCESS | 已更新本地頻道檔案，保存 133 個頻道
2026-06-26 03:33:24 | SUCCESS | 從 API 獲取到 133 個頻道（已跳過 9 個）
2026-06-26 03:33:24 | INFO | 成功加載 133 個頻道
2026-06-26 03:33:42 | INFO | 共獲取 13277 個節目
2026-06-26 03:33:42 | INFO | 電子節目單已生成: /home/runner/work/EPG/EPG/output/4g.xml
2026-06-26 03:33:42 | SUCCESS | EPG 生成完成
2026-06-26 22:37:32.441 | INFO     | __main__:main:350 - ========== 開始抓取 TBC EPG ==========
2026-06-26 22:37:32.441 | INFO     | __main__:get_tbc_epg:246 - 正在獲取TBC EPG
2026-06-26 22:37:35.607 | INFO     | __main__:get_channels_tbc:161 - 成功獲取 233 個頻道
2026-06-26 22:37:35.608 | INFO     | __main__:get_tbc_epg:258 - 正在獲取 2026/06/27 節目表
2026-06-26 22:39:30.242 | INFO     | __main__:get_tbc_epg:258 - 正在獲取 2026/06/28 節目表
2026-06-26 22:41:31.270 | INFO     | __main__:get_tbc_epg:258 - 正在獲取 2026/06/29 節目表
2026-06-26 22:43:28.085 | INFO     | __main__:get_tbc_epg:258 - 正在獲取 2026/06/30 節目表
2026-06-26 22:45:40.815 | INFO     | __main__:get_tbc_epg:258 - 正在獲取 2026/07/01 節目表
2026-06-26 22:47:45.580 | INFO     | __main__:get_tbc_epg:258 - 正在獲取 2026/07/02 節目表
2026-06-26 22:49:42.209 | INFO     | __main__:get_tbc_epg:291 - 頻道 南桃園節目總表 獲取 144 個節目
2026-06-26 22:49:42.209 | INFO     | __main__:get_tbc_epg:291 - 頻道 南桃園公用頻道 獲取 191 個節目
2026-06-26 22:49:42.209 | INFO     | __main__:get_tbc_epg:291 - 頻道 CNN 獲取 185 個節目
2026-06-26 22:49:42.209 | INFO     | __main__:get_tbc_epg:291 - 頻道 民視無線台 獲取 205 個節目
2026-06-26 22:49:42.210 | INFO     | __main__:get_tbc_epg:291 - 頻道 TBC桃園生活台 獲取 240 個節目
2026-06-26 22:49:42.210 | INFO     | __main__:get_tbc_epg:291 - 頻道 台視 獲取 150 個節目
2026-06-26 22:49:42.210 | INFO     | __main__:get_tbc_epg:291 - 頻道 大愛電視台 獲取 377 個節目
2026-06-26 22:49:42.210 | INFO     | __main__:get_tbc_epg:291 - 頻道 中視 獲取 150 個節目
2026-06-26 22:49:42.210 | INFO     | __main__:get_tbc_epg:291 - 頻道 人間衛視 獲取 175 個節目
2026-06-26 22:49:42.210 | INFO     | __main__:get_tbc_epg:291 - 頻道 華視 獲取 146 個節目
2026-06-26 22:49:42.210 | INFO     | __main__:get_tbc_epg:291 - 頻道 公共電視 獲取 213 個節目
2026-06-26 22:49:42.210 | INFO     | __main__:get_tbc_epg:291 - 頻道 公視台語台 獲取 160 個節目
2026-06-26 22:49:42.210 | INFO     | __main__:get_tbc_epg:291 - 頻道 好消息頻道 獲取 277 個節目
2026-06-26 22:49:42.210 | INFO     | __main__:get_tbc_epg:291 - 頻道 原住民頻道 獲取 173 個節目
2026-06-26 22:49:42.210 | INFO     | __main__:get_tbc_epg:291 - 頻道 客家電視台 獲取 220 個節目
2026-06-26 22:49:42.210 | INFO     | __main__:get_tbc_epg:291 - 頻道 BBC Earth 獲取 159 個節目
2026-06-26 22:49:42.210 | INFO     | __main__:get_tbc_epg:291 - 頻道 Discovery 獲取 190 個節目
2026-06-26 22:49:42.210 | INFO     | __main__:get_tbc_epg:291 - 頻道 TLC旅遊生活頻道 獲取 167 個節目
2026-06-26 22:49:42.210 | INFO     | __main__:get_tbc_epg:291 - 頻道 動物星球 獲取 170 個節目
2026-06-26 22:49:42.210 | INFO     | __main__:get_tbc_epg:291 - 頻道 卡通頻道 獲取 209 個節目
2026-06-26 22:49:42.210 | INFO     | __main__:get_tbc_epg:291 - 頻道 小尼克頻道 獲取 494 個節目
2026-06-26 22:49:42.210 | INFO     | __main__:get_tbc_epg:291 - 頻道 MOMO親子台 獲取 224 個節目
2026-06-26 22:49:42.211 | INFO     | __main__:get_tbc_epg:291 - 頻道 東森幼幼台 獲取 378 個節目
2026-06-26 22:49:42.211 | INFO     | __main__:get_tbc_epg:291 - 頻道 緯來綜合台 獲取 139 個節目
2026-06-26 22:49:42.211 | INFO     | __main__:get_tbc_epg:291 - 頻道 八大第一台 獲取 140 個節目
2026-06-26 22:49:42.211 | INFO     | __main__:get_tbc_epg:291 - 頻道 八大綜合台 獲取 158 個節目
2026-06-26 22:49:42.211 | INFO     | __main__:get_tbc_epg:291 - 頻道 三立台灣台 獲取 133 個節目
2026-06-26 22:49:42.211 | INFO     | __main__:get_tbc_epg:291 - 頻道 三立都會台 獲取 139 個節目
2026-06-26 22:49:42.211 | INFO     | __main__:get_tbc_epg:291 - 頻道 華藝中文台 獲取 162 個節目
2026-06-26 22:49:42.211 | INFO     | __main__:get_tbc_epg:291 - 頻道 東森綜合台 獲取 135 個節目
2026-06-26 22:49:42.211 | INFO     | __main__:get_tbc_epg:291 - 頻道 東森超視 獲取 134 個節目
2026-06-26 22:49:42.211 | INFO     | __main__:get_tbc_epg:291 - 頻道 東森購物2台 獲取 144 個節目
2026-06-26 22:49:42.211 | INFO     | __main__:get_tbc_epg:291 - 頻道 MOMO 2台 獲取 144 個節目
2026-06-26 22:49:42.211 | INFO     | __main__:get_tbc_epg:291 - 頻道 中天綜合台 獲取 115 個節目
2026-06-26 22:49:42.211 | INFO     | __main__:get_tbc_epg:291 - 頻道 東風衛視 獲取 153 個節目
2026-06-26 22:49:42.211 | INFO     | __main__:get_tbc_epg:291 - 頻道 年代MUCH TV 獲取 175 個節目
2026-06-26 22:49:42.211 | INFO     | __main__:get_tbc_epg:291 - 頻道 中天娛樂台 獲取 133 個節目
2026-06-26 22:49:42.211 | INFO     | __main__:get_tbc_epg:291 - 頻道 東森戲劇台 獲取 138 個節目
2026-06-26 22:49:42.211 | INFO     | __main__:get_tbc_epg:291 - 頻道 八大戲劇台 獲取 144 個節目
2026-06-26 22:49:42.211 | INFO     | __main__:get_tbc_epg:291 - 頻道 TVBS歡樂台 獲取 144 個節目
2026-06-26 22:49:42.211 | INFO     | __main__:get_tbc_epg:291 - 頻道 緯來戲劇台 獲取 142 個節目
2026-06-26 22:49:42.211 | INFO     | __main__:get_tbc_epg:291 - 頻道 高點電視台 獲取 144 個節目
2026-06-26 22:49:42.211 | INFO     | __main__:get_tbc_epg:291 - 頻道 JET綜合台 獲取 141 個節目
2026-06-26 22:49:42.212 | INFO     | __main__:get_tbc_epg:291 - 頻道 東森購物3台 獲取 144 個節目
2026-06-26 22:49:42.212 | INFO     | __main__:get_tbc_epg:291 - 頻道 東森購物1台 獲取 144 個節目
2026-06-26 22:49:42.212 | INFO     | __main__:get_tbc_epg:291 - 頻道 MOMO 1台 獲取 144 個節目
2026-06-26 22:49:42.212 | INFO     | __main__:get_tbc_epg:291 - 頻道 壹電視新聞台 獲取 113 個節目
2026-06-26 22:49:42.212 | INFO     | __main__:get_tbc_epg:291 - 頻道 年代新聞台 獲取 116 個節目
2026-06-26 22:49:42.212 | INFO     | __main__:get_tbc_epg:291 - 頻道 東森新聞台 獲取 119 個節目
2026-06-26 22:49:42.212 | INFO     | __main__:get_tbc_epg:291 - 頻道 民視新聞台 獲取 142 個節目
2026-06-26 22:49:42.212 | INFO     | __main__:get_tbc_epg:291 - 頻道 三立新聞台 獲取 138 個節目
2026-06-26 22:49:42.212 | INFO     | __main__:get_tbc_epg:291 - 頻道 TVBS 新聞台 獲取 114 個節目
2026-06-26 22:49:42.212 | INFO     | __main__:get_tbc_epg:291 - 頻道 TVBS 獲取 120 個節目
2026-06-26 22:49:42.212 | INFO     | __main__:get_tbc_epg:291 - 頻道 東森財經新聞台 獲取 136 個節目
2026-06-26 22:49:42.212 | INFO     | __main__:get_tbc_epg:291 - 頻道 非凡新聞台 獲取 149 個節目
2026-06-26 22:49:42.212 | INFO     | __main__:get_tbc_epg:291 - 頻道 ViVa1台 獲取 144 個節目
2026-06-26 22:49:42.212 | INFO     | __main__:get_tbc_epg:291 - 頻道 東森購物5台 獲取 144 個節目
2026-06-26 22:49:42.212 | INFO     | __main__:get_tbc_epg:291 - 頻道 CATCHPLAY電影台 獲取 127 個節目
2026-06-26 22:49:42.212 | INFO     | __main__:get_tbc_epg:291 - 頻道 東森電影台 獲取 104 個節目
2026-06-26 22:49:42.212 | INFO     | __main__:get_tbc_epg:291 - 頻道 緯來電影台 獲取 82 個節目
2026-06-26 22:49:42.212 | INFO     | __main__:get_tbc_epg:291 - 頻道 LS Time電影台 獲取 66 個節目
2026-06-26 22:49:42.212 | INFO     | __main__:get_tbc_epg:291 - 頻道 HBO 獲取 89 個節目
2026-06-26 22:49:42.212 | INFO     | __main__:get_tbc_epg:291 - 頻道 東森洋片台 獲取 76 個節目
2026-06-26 22:49:42.212 | INFO     | __main__:get_tbc_epg:291 - 頻道 AXN 獲取 123 個節目
2026-06-26 22:49:42.212 | INFO     | __main__:get_tbc_epg:291 - 頻道 好萊塢電影台 獲取 76 個節目
2026-06-26 22:49:42.212 | INFO     | __main__:get_tbc_epg:291 - 頻道 amc電影台 獲取 101 個節目
2026-06-26 22:49:42.212 | INFO     | __main__:get_tbc_epg:291 - 頻道 緯來育樂台 獲取 130 個節目
2026-06-26 22:49:42.212 | INFO     | __main__:get_tbc_epg:291 - 頻道 CINEMAX 獲取 90 個節目
2026-06-26 22:49:42.212 | INFO     | __main__:get_tbc_epg:291 - 頻道 緯來體育台 獲取 113 個節目
2026-06-26 22:49:42.212 | INFO     | __main__:get_tbc_epg:291 - 頻道 DAZN 1 獲取 87 個節目
2026-06-26 22:49:42.212 | INFO     | __main__:get_tbc_epg:291 - 頻道 DAZN 2 獲取 89 個節目
2026-06-26 22:49:42.212 | INFO     | __main__:get_tbc_epg:291 - 頻道 MOMO綜合台 獲取 140 個節目
2026-06-26 22:49:42.213 | INFO     | __main__:get_tbc_epg:291 - 頻道 緯來日本台 獲取 128 個節目
2026-06-26 22:49:42.213 | INFO     | __main__:get_tbc_epg:291 - 頻道 國興衛視 獲取 193 個節目
2026-06-26 22:49:42.213 | INFO     | __main__:get_tbc_epg:291 - 頻道 BBC Lifestyle 獲取 183 個節目
2026-06-26 22:49:42.213 | INFO     | __main__:get_tbc_epg:291 - 頻道 靖天資訊台 獲取 159 個節目
2026-06-26 22:49:42.213 | INFO     | __main__:get_tbc_epg:291 - 頻道 信吉電視台 獲取 71 個節目
2026-06-26 22:49:42.213 | INFO     | __main__:get_tbc_epg:291 - 頻道 信大電視台 獲取 72 個節目
2026-06-26 22:49:42.213 | INFO     | __main__:get_tbc_epg:291 - 頻道 中台灣生活網頻道 獲取 288 個節目
2026-06-26 22:49:42.213 | INFO     | __main__:get_tbc_epg:291 - 頻道 TBC台中生活台 獲取 288 個節目
2026-06-26 22:49:42.213 | INFO     | __main__:get_tbc_epg:291 - 頻道 鏡電視新聞台 獲取 143 個節目
2026-06-26 22:49:42.213 | INFO     | __main__:get_tbc_epg:291 - 頻道 台灣藝術台 獲取 90 個節目
2026-06-26 22:49:42.213 | INFO     | __main__:get_tbc_epg:291 - 頻道 樂視台 獲取 288 個節目
2026-06-26 22:49:42.213 | INFO     | __main__:get_tbc_epg:291 - 頻道 非凡商業台 獲取 181 個節目
2026-06-26 22:49:42.213 | INFO     | __main__:get_tbc_epg:291 - 頻道 三立財經新聞台 獲取 139 個節目
2026-06-26 22:49:42.213 | INFO     | __main__:get_tbc_epg:291 - 頻道 冠軍電視台 獲取 78 個節目
2026-06-26 22:49:42.213 | INFO     | __main__:get_tbc_epg:291 - 頻道 運通財經綜合台 獲取 288 個節目
2026-06-26 22:49:42.213 | INFO     | __main__:get_tbc_epg:291 - 頻道 SBN全球財經台 獲取 288 個節目
2026-06-26 22:49:42.213 | INFO     | __main__:get_tbc_epg:291 - 頻道 誠心電視台 獲取 72 個節目
2026-06-26 22:49:42.213 | INFO     | __main__:get_tbc_epg:291 - 頻道 NHK 獲取 397 個節目
2026-06-26 22:49:42.213 | INFO     | __main__:get_tbc_epg:291 - 頻道 MTV 獲取 163 個節目
2026-06-26 22:49:42.213 | INFO     | __main__:get_tbc_epg:291 - 頻道 Animax 獲取 288 個節目
2026-06-26 22:49:42.213 | INFO     | __main__:get_tbc_epg:291 - 頻道 霹靂台灣台 獲取 139 個節目
2026-06-26 22:49:42.213 | INFO     | __main__:get_tbc_epg:291 - 頻道 海豚綜合台 獲取 102 個節目
2026-06-26 22:49:42.213 | INFO     | __main__:get_tbc_epg:291 - 頻道 八大娛樂台 獲取 141 個節目
2026-06-26 22:49:42.213 | INFO     | __main__:get_tbc_epg:291 - 頻道 十方法界 獲取 249 個節目
2026-06-26 22:49:42.213 | INFO     | __main__:get_tbc_epg:291 - 頻道 壹電視電影台 獲取 93 個節目
2026-06-26 22:49:42.213 | INFO     | __main__:get_tbc_epg:291 - 頻道 華藏衛視  獲取 167 個節目
2026-06-26 22:49:42.213 | INFO     | __main__:get_tbc_epg:291 - 頻道 壹電視資訊綜合台 獲取 163 個節目
2026-06-26 22:49:42.213 | INFO     | __main__:get_tbc_epg:291 - 頻道 佛衛慈悲台 獲取 186 個節目
2026-06-26 22:49:42.213 | INFO     | __main__:get_tbc_epg:291 - 頻道 紅豆電視台 獲取 84 個節目
2026-06-26 22:49:42.213 | INFO     | __main__:get_tbc_epg:291 - 頻道 全大電視台 獲取 72 個節目
2026-06-26 22:49:42.214 | INFO     | __main__:get_tbc_epg:291 - 頻道 華藝台灣台 獲取 66 個節目
2026-06-26 22:49:42.214 | INFO     | __main__:get_tbc_epg:291 - 頻道 正德電視台 獲取 144 個節目
2026-06-26 22:49:42.214 | INFO     | __main__:get_tbc_epg:291 - 頻道 天良綜合台 獲取 60 個節目
2026-06-26 22:49:42.214 | INFO     | __main__:get_tbc_epg:291 - 頻道 番薯衛星電視台 獲取 24 個節目
2026-06-26 22:49:42.214 | INFO     | __main__:get_tbc_epg:291 - 頻道 富立電視台 獲取 72 個節目
2026-06-26 22:49:42.214 | INFO     | __main__:get_tbc_epg:291 - 頻道 Z頻道 獲取 144 個節目
2026-06-26 22:49:42.214 | INFO     | __main__:get_tbc_epg:291 - 頻道 冠軍夢想台 獲取 66 個節目
2026-06-26 22:49:42.214 | INFO     | __main__:get_tbc_epg:291 - 頻道 新天地民俗台 獲取 144 個節目
2026-06-26 22:49:42.214 | INFO     | __main__:get_tbc_epg:291 - 頻道 三聖電視台 獲取 144 個節目
2026-06-26 22:49:42.214 | INFO     | __main__:get_tbc_epg:291 - 頻道 威達超舜生活台 獲取 90 個節目
2026-06-26 22:49:42.214 | INFO     | __main__:get_tbc_epg:291 - 頻道 天美麗電視台 獲取 48 個節目
2026-06-26 22:49:42.214 | INFO     | __main__:get_tbc_epg:291 - 頻道 大立電視台 獲取 72 個節目
2026-06-26 22:49:42.214 | INFO     | __main__:get_tbc_epg:291 - 頻道 小公視 獲取 248 個節目
2026-06-26 22:49:42.214 | INFO     | __main__:get_tbc_epg:291 - 頻道 華視教育體育文化台 獲取 257 個節目
2026-06-26 22:49:42.214 | INFO     | __main__:get_tbc_epg:291 - 頻道 國會頻道1台 獲取 72 個節目
2026-06-26 22:49:42.214 | INFO     | __main__:get_tbc_epg:291 - 頻道 國會頻道2台 獲取 72 個節目
2026-06-26 22:49:42.214 | INFO     | __main__:get_tbc_epg:291 - 頻道 幸福空間居家台 獲取 146 個節目
2026-06-26 22:49:42.214 | INFO     | __main__:get_tbc_epg:291 - 頻道 高點育樂台 獲取 148 個節目
2026-06-26 22:49:42.214 | INFO     | __main__:get_tbc_epg:291 - 頻道 台灣綜合台 獲取 144 個節目
2026-06-26 22:49:42.214 | INFO     | __main__:get_tbc_epg:291 - 頻道 大台中生活頻道 獲取 147 個節目
2026-06-26 22:49:42.214 | INFO     | __main__:get_tbc_epg:291 - 頻道 彰化生活台 獲取 144 個節目
2026-06-26 22:49:42.215 | INFO     | __main__:get_tbc_epg:291 - 頻道 唯心電視台 獲取 228 個節目
2026-06-26 22:49:42.215 | INFO     | __main__:get_tbc_epg:291 - 頻道 美麗人生購物台 獲取 144 個節目
2026-06-26 22:49:42.215 | INFO     | __main__:get_tbc_epg:291 - 頻道 大愛二台  獲取 288 個節目
2026-06-26 22:49:42.215 | INFO     | __main__:get_tbc_epg:291 - 頻道 靖天映畫 獲取 78 個節目
2026-06-26 22:49:42.215 | INFO     | __main__:get_tbc_epg:291 - 頻道 靖洋戲劇台 獲取 152 個節目
2026-06-26 22:49:42.215 | INFO     | __main__:get_tbc_epg:291 - 頻道 ROCK Action 獲取 82 個節目
2026-06-26 22:49:42.215 | INFO     | __main__:get_tbc_epg:291 - 頻道 Global Trekker 探索世界  獲取 188 個節目
2026-06-26 22:49:42.215 | INFO     | __main__:get_tbc_epg:291 - 頻道 靖天綜合台 獲取 144 個節目
2026-06-26 22:49:42.215 | INFO     | __main__:get_tbc_epg:291 - 頻道 寶島文化台 獲取 144 個節目
2026-06-26 22:49:42.215 | INFO     | __main__:get_tbc_epg:291 - 頻道 TaiwanPlus 獲取 333 個節目
2026-06-26 22:49:42.215 | INFO     | __main__:get_tbc_epg:291 - 頻道 BBC News 獲取 306 個節目
2026-06-26 22:49:42.215 | INFO     | __main__:get_tbc_epg:291 - 頻道 民視第一台 獲取 197 個節目
2026-06-26 22:49:42.215 | INFO     | __main__:get_tbc_epg:291 - 頻道 民視台灣台 獲取 171 個節目
2026-06-26 22:49:42.215 | INFO     | __main__:get_tbc_epg:291 - 頻道 中視新聞台 獲取 144 個節目
2026-06-26 22:49:42.215 | INFO     | __main__:get_tbc_epg:291 - 頻道 台視新聞台 獲取 153 個節目
2026-06-26 22:49:42.215 | INFO     | __main__:get_tbc_epg:291 - 頻道 台視財經台 獲取 132 個節目
2026-06-26 22:49:42.215 | INFO     | __main__:get_tbc_epg:291 - 頻道 台視綜合台 獲取 145 個節目
2026-06-26 22:49:42.215 | INFO     | __main__:get_tbc_epg:291 - 頻道 彭博財經台 獲取 152 個節目
2026-06-26 22:49:42.215 | INFO     | __main__:get_tbc_epg:291 - 頻道 Channel NewsAsia 獲取 186 個節目
2026-06-26 22:49:42.215 | INFO     | __main__:get_tbc_epg:291 - 頻道 韓國阿里郎 獲取 309 個節目
2026-06-26 22:49:42.216 | INFO     | __main__:get_tbc_epg:291 - 頻道 DREAMWORKS 獲取 354 個節目
2026-06-26 22:49:42.216 | INFO     | __main__:get_tbc_epg:291 - 頻道 Warner TV 獲取 239 個節目
2026-06-26 22:49:42.216 | INFO     | __main__:get_tbc_epg:291 - 頻道 靖天電影台 獲取 85 個節目
2026-06-26 22:49:42.216 | INFO     | __main__:get_tbc_epg:291 - 頻道 CinemaWorld 獲取 93 個節目
2026-06-26 22:49:42.216 | INFO     | __main__:get_tbc_epg:291 - 頻道 HBO HD 獲取 183 個節目
2026-06-26 22:49:42.216 | INFO     | __main__:get_tbc_epg:291 - 頻道 HBO 強檔鉅獻 獲取 92 個節目
2026-06-26 22:49:42.216 | INFO     | __main__:get_tbc_epg:291 - 頻道 HBO 原創鉅獻 獲取 100 個節目
2026-06-26 22:49:42.216 | INFO     | __main__:get_tbc_epg:291 - 頻道 HBO 溫馨家庭 獲取 291 個節目
2026-06-26 22:49:42.216 | INFO     | __main__:get_tbc_epg:291 - 頻道 靖天日本台 獲取 226 個節目
2026-06-26 22:49:42.216 | INFO     | __main__:get_tbc_epg:291 - 頻道 EVE 獲取 246 個節目
2026-06-26 22:49:42.216 | INFO     | __main__:get_tbc_epg:291 - 頻道 tvN 獲取 108 個節目
2026-06-26 22:49:42.216 | INFO     | __main__:get_tbc_epg:291 - 頻道 靖天歡樂台 獲取 144 個節目
2026-06-26 22:49:42.216 | INFO     | __main__:get_tbc_epg:291 - 頻道 HITS 獲取 168 個節目
2026-06-26 22:49:42.216 | INFO     | __main__:get_tbc_epg:291 - 頻道 韓國娛樂台KMTV 獲取 229 個節目
2026-06-26 22:49:42.216 | INFO     | __main__:get_tbc_epg:291 - 頻道 靖天育樂台 獲取 164 個節目
2026-06-26 22:49:42.216 | INFO     | __main__:get_tbc_epg:291 - 頻道 Lifetime 獲取 150 個節目
2026-06-26 22:49:42.216 | INFO     | __main__:get_tbc_epg:291 - 頻道 罪案偵緝頻道 獲取 180 個節目
2026-06-26 22:49:42.216 | INFO     | __main__:get_tbc_epg:291 - 頻道 寵物頻道 獲取 163 個節目
2026-06-26 22:49:42.216 | INFO     | __main__:get_tbc_epg:291 - 頻道 歷史頻道 獲取 168 個節目
2026-06-26 22:49:42.216 | INFO     | __main__:get_tbc_epg:291 - 頻道 Discovery Asia 獲取 212 個節目
2026-06-26 22:49:42.216 | INFO     | __main__:get_tbc_epg:291 - 頻道 Discovery科學頻道 獲取 248 個節目
2026-06-26 22:49:42.217 | INFO     | __main__:get_tbc_epg:291 - 頻道 DMAX 獲取 220 個節目
2026-06-26 22:49:42.217 | INFO     | __main__:get_tbc_epg:291 - 頻道 寰宇新聞台灣台 獲取 150 個節目
2026-06-26 22:49:42.217 | INFO     | __main__:get_tbc_epg:291 - 頻道 亞洲旅遊台 獲取 144 個節目
2026-06-26 22:49:42.217 | INFO     | __main__:get_tbc_epg:291 - 頻道 梅迪奇藝術 獲取 102 個節目
2026-06-26 22:49:42.217 | INFO     | __main__:get_tbc_epg:291 - 頻道 博斯運動二台 獲取 62 個節目
2026-06-26 22:49:42.217 | INFO     | __main__:get_tbc_epg:291 - 頻道 博斯網球台 獲取 39 個節目
2026-06-26 22:49:42.217 | INFO     | __main__:get_tbc_epg:291 - 頻道 博斯無限台 獲取 52 個節目
2026-06-26 22:49:42.217 | INFO     | __main__:get_tbc_epg:291 - 頻道 博斯高球1台 獲取 43 個節目
2026-06-26 22:49:42.217 | INFO     | __main__:get_tbc_epg:291 - 頻道 博斯高球2台 獲取 40 個節目
2026-06-26 22:49:42.217 | INFO     | __main__:get_tbc_epg:291 - 頻道 博斯魅力網 獲取 61 個節目
2026-06-26 22:49:42.217 | INFO     | __main__:get_tbc_epg:291 - 頻道 博斯運動一台 獲取 50 個節目
2026-06-26 22:49:42.217 | INFO     | __main__:get_tbc_epg:291 - 頻道 博斯無限二台 獲取 72 個節目
2026-06-26 22:49:42.217 | INFO     | __main__:get_tbc_epg:291 - 頻道 尼克兒童頻道 獲取 396 個節目
2026-06-26 22:49:42.217 | INFO     | __main__:get_tbc_epg:291 - 頻道 達文西頻道 獲取 600 個節目
2026-06-26 22:49:42.217 | INFO     | __main__:get_tbc_epg:291 - 頻道 CBeebies 獲取 984 個節目
2026-06-26 22:49:42.217 | INFO     | __main__:get_tbc_epg:291 - 頻道 CARTOONITO 獲取 254 個節目
2026-06-26 22:49:42.217 | INFO     | __main__:get_tbc_epg:291 - 頻道 靖洋卡通台 獲取 288 個節目
2026-06-26 22:49:42.217 | INFO     | __main__:get_tbc_epg:291 - 頻道 靖天卡通台 獲取 250 個節目
2026-06-26 22:49:42.217 | INFO     | __main__:get_tbc_epg:291 - 頻道 LOVE NATURE 4K 獲取 168 個節目
2026-06-26 22:49:42.217 | INFO     | __main__:get_tbc_epg:291 - 頻道 ROCK ENTERTAINMENT 獲取 139 個節目
2026-06-26 22:49:42.217 | INFO     | __main__:get_tbc_epg:291 - 頻道 ROCK EXTREME 獲取 143 個節目
2026-06-26 22:49:42.218 | INFO     | __main__:get_tbc_epg:291 - 頻道 彩虹頻道 獲取 144 個節目
2026-06-26 22:49:42.218 | INFO     | __main__:get_tbc_epg:291 - 頻道 彩虹e台 獲取 58 個節目
2026-06-26 22:49:42.218 | INFO     | __main__:get_tbc_epg:291 - 頻道 彩虹電影台 獲取 59 個節目
2026-06-26 22:49:42.218 | INFO     | __main__:get_tbc_epg:291 - 頻道 K 頻道 獲取 67 個節目
2026-06-26 22:49:42.218 | INFO     | __main__:get_tbc_epg:291 - 頻道 松視1台 獲取 72 個節目
2026-06-26 22:49:42.218 | INFO     | __main__:get_tbc_epg:291 - 頻道 松視2台 獲取 72 個節目
2026-06-26 22:49:42.218 | INFO     | __main__:get_tbc_epg:291 - 頻道 松視3台 獲取 104 個節目
2026-06-26 22:49:42.218 | INFO     | __main__:get_tbc_epg:291 - 頻道 松視4台 獲取 99 個節目
2026-06-26 22:49:42.218 | INFO     | __main__:get_tbc_epg:291 - 頻道 潘朵啦高畫質玩美台 獲取 72 個節目
2026-06-26 22:49:42.218 | INFO     | __main__:get_tbc_epg:291 - 頻道 潘朵啦高畫質粉紅台 獲取 78 個節目
2026-06-26 22:49:42.218 | INFO     | __main__:get_tbc_epg:291 - 頻道 JStar極限台電影頻道 獲取 91 個節目
2026-06-26 22:49:42.218 | INFO     | __main__:get_tbc_epg:291 - 頻道 驚豔成人電影台 獲取 68 個節目
2026-06-26 22:49:42.218 | INFO     | __main__:get_tbc_epg:291 - 頻道 香蕉台 獲取 91 個節目
2026-06-26 22:49:42.218 | INFO     | __main__:get_tbc_epg:291 - 頻道 樂活頻道 獲取 102 個節目
2026-06-26 22:49:42.218 | INFO     | __main__:get_tbc_epg:291 - 頻道 玩家頻道 獲取 144 個節目
2026-06-26 22:49:42.218 | INFO     | __main__:get_tbc_epg:291 - 頻道 Happy 獲取 72 個節目
2026-06-26 22:49:42.218 | INFO     | __main__:get_tbc_epg:291 - 頻道 Hot 獲取 144 個節目
2026-06-26 22:49:42.218 | INFO     | __main__:get_tbc_epg:292 - 總計獲取 32172 個節目
2026-06-26 22:49:45.522 | INFO     | __main__:main:361 - EPG 已儲存到 ./output/epg_tbc.xml
2026-06-26 22:49:45.522 | INFO     | __main__:main:363 - ========== 抓取完成 ==========
2026-06-27 02:55:47 | INFO | ==================================================
2026-06-27 02:55:47 | INFO | 開始生成四季線上電子節目單
2026-06-27 02:55:47 | INFO | 輸出目錄: /home/runner/work/EPG/EPG/output
2026-06-27 02:55:47 | SUCCESS | 已更新本地頻道檔案，保存 133 個頻道
2026-06-27 02:55:47 | SUCCESS | 從 API 獲取到 133 個頻道（已跳過 9 個）
2026-06-27 02:55:47 | INFO | 成功加載 133 個頻道
2026-06-27 02:56:06 | INFO | 共獲取 13270 個節目
2026-06-27 02:56:07 | INFO | 電子節目單已生成: /home/runner/work/EPG/EPG/output/4g.xml
2026-06-27 02:56:07 | SUCCESS | EPG 生成完成
2026-06-27 22:17:01.073 | INFO     | __main__:main:350 - ========== 開始抓取 TBC EPG ==========
2026-06-27 22:17:01.073 | INFO     | __main__:get_tbc_epg:246 - 正在獲取TBC EPG
2026-06-27 22:17:04.771 | INFO     | __main__:get_channels_tbc:161 - 成功獲取 233 個頻道
2026-06-27 22:17:04.772 | INFO     | __main__:get_tbc_epg:258 - 正在獲取 2026/06/28 節目表
2026-06-27 22:18:52.564 | INFO     | __main__:get_tbc_epg:258 - 正在獲取 2026/06/29 節目表
2026-06-27 22:20:51.121 | INFO     | __main__:get_tbc_epg:258 - 正在獲取 2026/06/30 節目表
2026-06-27 22:22:41.945 | INFO     | __main__:get_tbc_epg:258 - 正在獲取 2026/07/01 節目表
2026-06-27 22:24:31.063 | INFO     | __main__:get_tbc_epg:258 - 正在獲取 2026/07/02 節目表
2026-06-27 22:26:20.135 | INFO     | __main__:get_tbc_epg:258 - 正在獲取 2026/07/03 節目表
2026-06-27 22:28:00.957 | INFO     | __main__:get_tbc_epg:291 - 頻道 南桃園節目總表 獲取 144 個節目
2026-06-27 22:28:00.957 | INFO     | __main__:get_tbc_epg:291 - 頻道 南桃園公用頻道 獲取 191 個節目
2026-06-27 22:28:00.957 | INFO     | __main__:get_tbc_epg:291 - 頻道 CNN 獲取 180 個節目
2026-06-27 22:28:00.957 | INFO     | __main__:get_tbc_epg:291 - 頻道 民視無線台 獲取 212 個節目
2026-06-27 22:28:00.957 | INFO     | __main__:get_tbc_epg:291 - 頻道 TBC桃園生活台 獲取 240 個節目
2026-06-27 22:28:00.957 | INFO     | __main__:get_tbc_epg:291 - 頻道 台視 獲取 162 個節目
2026-06-27 22:28:00.957 | INFO     | __main__:get_tbc_epg:291 - 頻道 大愛電視台 獲取 397 個節目
2026-06-27 22:28:00.957 | INFO     | __main__:get_tbc_epg:291 - 頻道 中視 獲取 157 個節目
2026-06-27 22:28:00.957 | INFO     | __main__:get_tbc_epg:291 - 頻道 人間衛視 獲取 181 個節目
2026-06-27 22:28:00.957 | INFO     | __main__:get_tbc_epg:291 - 頻道 華視 獲取 151 個節目
2026-06-27 22:28:00.957 | INFO     | __main__:get_tbc_epg:291 - 頻道 公共電視 獲取 211 個節目
2026-06-27 22:28:00.957 | INFO     | __main__:get_tbc_epg:291 - 頻道 公視台語台 獲取 158 個節目
2026-06-27 22:28:00.957 | INFO     | __main__:get_tbc_epg:291 - 頻道 好消息頻道 獲取 283 個節目
2026-06-27 22:28:00.958 | INFO     | __main__:get_tbc_epg:291 - 頻道 原住民頻道 獲取 168 個節目
2026-06-27 22:28:00.958 | INFO     | __main__:get_tbc_epg:291 - 頻道 客家電視台 獲取 218 個節目
2026-06-27 22:28:00.958 | INFO     | __main__:get_tbc_epg:291 - 頻道 BBC Earth 獲取 159 個節目
2026-06-27 22:28:00.958 | INFO     | __main__:get_tbc_epg:291 - 頻道 Discovery 獲取 195 個節目
2026-06-27 22:28:00.958 | INFO     | __main__:get_tbc_epg:291 - 頻道 TLC旅遊生活頻道 獲取 169 個節目
2026-06-27 22:28:00.958 | INFO     | __main__:get_tbc_epg:291 - 頻道 動物星球 獲取 171 個節目
2026-06-27 22:28:00.958 | INFO     | __main__:get_tbc_epg:291 - 頻道 卡通頻道 獲取 205 個節目
2026-06-27 22:28:00.958 | INFO     | __main__:get_tbc_epg:291 - 頻道 小尼克頻道 獲取 495 個節目
2026-06-27 22:28:00.958 | INFO     | __main__:get_tbc_epg:291 - 頻道 MOMO親子台 獲取 231 個節目
2026-06-27 22:28:00.958 | INFO     | __main__:get_tbc_epg:291 - 頻道 東森幼幼台 獲取 392 個節目
2026-06-27 22:28:00.958 | INFO     | __main__:get_tbc_epg:291 - 頻道 緯來綜合台 獲取 151 個節目
2026-06-27 22:28:00.958 | INFO     | __main__:get_tbc_epg:291 - 頻道 八大第一台 獲取 143 個節目
2026-06-27 22:28:00.958 | INFO     | __main__:get_tbc_epg:291 - 頻道 八大綜合台 獲取 160 個節目
2026-06-27 22:28:00.958 | INFO     | __main__:get_tbc_epg:291 - 頻道 三立台灣台 獲取 141 個節目
2026-06-27 22:28:00.958 | INFO     | __main__:get_tbc_epg:291 - 頻道 三立都會台 獲取 140 個節目
2026-06-27 22:28:00.958 | INFO     | __main__:get_tbc_epg:291 - 頻道 華藝中文台 獲取 164 個節目
2026-06-27 22:28:00.958 | INFO     | __main__:get_tbc_epg:291 - 頻道 東森綜合台 獲取 139 個節目
2026-06-27 22:28:00.959 | INFO     | __main__:get_tbc_epg:291 - 頻道 東森超視 獲取 141 個節目
2026-06-27 22:28:00.959 | INFO     | __main__:get_tbc_epg:291 - 頻道 東森購物2台 獲取 144 個節目
2026-06-27 22:28:00.959 | INFO     | __main__:get_tbc_epg:291 - 頻道 MOMO 2台 獲取 144 個節目
2026-06-27 22:28:00.959 | INFO     | __main__:get_tbc_epg:291 - 頻道 中天綜合台 獲取 120 個節目
2026-06-27 22:28:00.959 | INFO     | __main__:get_tbc_epg:291 - 頻道 東風衛視 獲取 151 個節目
2026-06-27 22:28:00.959 | INFO     | __main__:get_tbc_epg:291 - 頻道 年代MUCH TV 獲取 178 個節目
2026-06-27 22:28:00.959 | INFO     | __main__:get_tbc_epg:291 - 頻道 中天娛樂台 獲取 137 個節目
2026-06-27 22:28:00.959 | INFO     | __main__:get_tbc_epg:291 - 頻道 東森戲劇台 獲取 139 個節目
2026-06-27 22:28:00.959 | INFO     | __main__:get_tbc_epg:291 - 頻道 八大戲劇台 獲取 144 個節目
2026-06-27 22:28:00.959 | INFO     | __main__:get_tbc_epg:291 - 頻道 TVBS歡樂台 獲取 144 個節目
2026-06-27 22:28:00.959 | INFO     | __main__:get_tbc_epg:291 - 頻道 緯來戲劇台 獲取 142 個節目
2026-06-27 22:28:00.959 | INFO     | __main__:get_tbc_epg:291 - 頻道 高點電視台 獲取 144 個節目
2026-06-27 22:28:00.959 | INFO     | __main__:get_tbc_epg:291 - 頻道 JET綜合台 獲取 140 個節目
2026-06-27 22:28:00.959 | INFO     | __main__:get_tbc_epg:291 - 頻道 東森購物3台 獲取 144 個節目
2026-06-27 22:28:00.959 | INFO     | __main__:get_tbc_epg:291 - 頻道 東森購物1台 獲取 144 個節目
2026-06-27 22:28:00.959 | INFO     | __main__:get_tbc_epg:291 - 頻道 MOMO 1台 獲取 144 個節目
2026-06-27 22:28:00.959 | INFO     | __main__:get_tbc_epg:291 - 頻道 壹電視新聞台 獲取 110 個節目
2026-06-27 22:28:00.959 | INFO     | __main__:get_tbc_epg:291 - 頻道 年代新聞台 獲取 114 個節目
2026-06-27 22:28:00.959 | INFO     | __main__:get_tbc_epg:291 - 頻道 東森新聞台 獲取 118 個節目
2026-06-27 22:28:00.960 | INFO     | __main__:get_tbc_epg:291 - 頻道 民視新聞台 獲取 141 個節目
2026-06-27 22:28:00.960 | INFO     | __main__:get_tbc_epg:291 - 頻道 三立新聞台 獲取 138 個節目
2026-06-27 22:28:00.960 | INFO     | __main__:get_tbc_epg:291 - 頻道 TVBS 新聞台 獲取 114 個節目
2026-06-27 22:28:00.960 | INFO     | __main__:get_tbc_epg:291 - 頻道 TVBS 獲取 121 個節目
2026-06-27 22:28:00.960 | INFO     | __main__:get_tbc_epg:291 - 頻道 東森財經新聞台 獲取 135 個節目
2026-06-27 22:28:00.960 | INFO     | __main__:get_tbc_epg:291 - 頻道 非凡新聞台 獲取 145 個節目
2026-06-27 22:28:00.960 | INFO     | __main__:get_tbc_epg:291 - 頻道 ViVa1台 獲取 144 個節目
2026-06-27 22:28:00.960 | INFO     | __main__:get_tbc_epg:291 - 頻道 東森購物5台 獲取 144 個節目
2026-06-27 22:28:00.960 | INFO     | __main__:get_tbc_epg:291 - 頻道 CATCHPLAY電影台 獲取 127 個節目
2026-06-27 22:28:00.960 | INFO     | __main__:get_tbc_epg:291 - 頻道 東森電影台 獲取 105 個節目
2026-06-27 22:28:00.960 | INFO     | __main__:get_tbc_epg:291 - 頻道 緯來電影台 獲取 84 個節目
2026-06-27 22:28:00.960 | INFO     | __main__:get_tbc_epg:291 - 頻道 LS Time電影台 獲取 66 個節目
2026-06-27 22:28:00.960 | INFO     | __main__:get_tbc_epg:291 - 頻道 HBO 獲取 88 個節目
2026-06-27 22:28:00.960 | INFO     | __main__:get_tbc_epg:291 - 頻道 東森洋片台 獲取 80 個節目
2026-06-27 22:28:00.960 | INFO     | __main__:get_tbc_epg:291 - 頻道 AXN 獲取 128 個節目
2026-06-27 22:28:00.960 | INFO     | __main__:get_tbc_epg:291 - 頻道 好萊塢電影台 獲取 76 個節目
2026-06-27 22:28:00.960 | INFO     | __main__:get_tbc_epg:291 - 頻道 amc電影台 獲取 101 個節目
2026-06-27 22:28:00.961 | INFO     | __main__:get_tbc_epg:291 - 頻道 緯來育樂台 獲取 132 個節目
2026-06-27 22:28:00.961 | INFO     | __main__:get_tbc_epg:291 - 頻道 CINEMAX 獲取 91 個節目
2026-06-27 22:28:00.961 | INFO     | __main__:get_tbc_epg:291 - 頻道 緯來體育台 獲取 110 個節目
2026-06-27 22:28:00.961 | INFO     | __main__:get_tbc_epg:291 - 頻道 DAZN 1 獲取 86 個節目
2026-06-27 22:28:00.961 | INFO     | __main__:get_tbc_epg:291 - 頻道 DAZN 2 獲取 86 個節目
2026-06-27 22:28:00.961 | INFO     | __main__:get_tbc_epg:291 - 頻道 MOMO綜合台 獲取 128 個節目
2026-06-27 22:28:00.961 | INFO     | __main__:get_tbc_epg:291 - 頻道 緯來日本台 獲取 130 個節目
2026-06-27 22:28:00.961 | INFO     | __main__:get_tbc_epg:291 - 頻道 國興衛視 獲取 193 個節目
2026-06-27 22:28:00.961 | INFO     | __main__:get_tbc_epg:291 - 頻道 BBC Lifestyle 獲取 180 個節目
2026-06-27 22:28:00.961 | INFO     | __main__:get_tbc_epg:291 - 頻道 靖天資訊台 獲取 164 個節目
2026-06-27 22:28:00.961 | INFO     | __main__:get_tbc_epg:291 - 頻道 信吉電視台 獲取 72 個節目
2026-06-27 22:28:00.961 | INFO     | __main__:get_tbc_epg:291 - 頻道 信大電視台 獲取 72 個節目
2026-06-27 22:28:00.961 | INFO     | __main__:get_tbc_epg:291 - 頻道 中台灣生活網頻道 獲取 288 個節目
2026-06-27 22:28:00.961 | INFO     | __main__:get_tbc_epg:291 - 頻道 TBC台中生活台 獲取 288 個節目
2026-06-27 22:28:00.961 | INFO     | __main__:get_tbc_epg:291 - 頻道 鏡電視新聞台 獲取 142 個節目
2026-06-27 22:28:00.961 | INFO     | __main__:get_tbc_epg:291 - 頻道 台灣藝術台 獲取 90 個節目
2026-06-27 22:28:00.961 | INFO     | __main__:get_tbc_epg:291 - 頻道 樂視台 獲取 288 個節目
2026-06-27 22:28:00.961 | INFO     | __main__:get_tbc_epg:291 - 頻道 非凡商業台 獲取 176 個節目
2026-06-27 22:28:00.962 | INFO     | __main__:get_tbc_epg:291 - 頻道 三立財經新聞台 獲取 138 個節目
2026-06-27 22:28:00.962 | INFO     | __main__:get_tbc_epg:291 - 頻道 冠軍電視台 獲取 78 個節目
2026-06-27 22:28:00.962 | INFO     | __main__:get_tbc_epg:291 - 頻道 運通財經綜合台 獲取 288 個節目
2026-06-27 22:28:00.962 | INFO     | __main__:get_tbc_epg:291 - 頻道 SBN全球財經台 獲取 288 個節目
2026-06-27 22:28:00.962 | INFO     | __main__:get_tbc_epg:291 - 頻道 誠心電視台 獲取 72 個節目
2026-06-27 22:28:00.962 | INFO     | __main__:get_tbc_epg:291 - 頻道 NHK 獲取 400 個節目
2026-06-27 22:28:00.962 | INFO     | __main__:get_tbc_epg:291 - 頻道 MTV 獲取 161 個節目
2026-06-27 22:28:00.962 | INFO     | __main__:get_tbc_epg:291 - 頻道 Animax 獲取 288 個節目
2026-06-27 22:28:00.962 | INFO     | __main__:get_tbc_epg:291 - 頻道 霹靂台灣台 獲取 139 個節目
2026-06-27 22:28:00.962 | INFO     | __main__:get_tbc_epg:291 - 頻道 海豚綜合台 獲取 102 個節目
2026-06-27 22:28:00.962 | INFO     | __main__:get_tbc_epg:291 - 頻道 八大娛樂台 獲取 139 個節目
2026-06-27 22:28:00.962 | INFO     | __main__:get_tbc_epg:291 - 頻道 十方法界 獲取 251 個節目
2026-06-27 22:28:00.962 | INFO     | __main__:get_tbc_epg:291 - 頻道 壹電視電影台 獲取 94 個節目
2026-06-27 22:28:00.962 | INFO     | __main__:get_tbc_epg:291 - 頻道 華藏衛視  獲取 169 個節目
2026-06-27 22:28:00.962 | INFO     | __main__:get_tbc_epg:291 - 頻道 壹電視資訊綜合台 獲取 164 個節目
2026-06-27 22:28:00.962 | INFO     | __main__:get_tbc_epg:291 - 頻道 佛衛慈悲台 獲取 184 個節目
2026-06-27 22:28:00.962 | INFO     | __main__:get_tbc_epg:291 - 頻道 紅豆電視台 獲取 84 個節目
2026-06-27 22:28:00.962 | INFO     | __main__:get_tbc_epg:291 - 頻道 全大電視台 獲取 72 個節目
2026-06-27 22:28:00.962 | INFO     | __main__:get_tbc_epg:291 - 頻道 華藝台灣台 獲取 66 個節目
2026-06-27 22:28:00.963 | INFO     | __main__:get_tbc_epg:291 - 頻道 正德電視台 獲取 144 個節目
2026-06-27 22:28:00.963 | INFO     | __main__:get_tbc_epg:291 - 頻道 天良綜合台 獲取 60 個節目
2026-06-27 22:28:00.963 | INFO     | __main__:get_tbc_epg:291 - 頻道 番薯衛星電視台 獲取 24 個節目
2026-06-27 22:28:00.963 | INFO     | __main__:get_tbc_epg:291 - 頻道 富立電視台 獲取 72 個節目
2026-06-27 22:28:00.963 | INFO     | __main__:get_tbc_epg:291 - 頻道 Z頻道 獲取 144 個節目
2026-06-27 22:28:00.963 | INFO     | __main__:get_tbc_epg:291 - 頻道 冠軍夢想台 獲取 66 個節目
2026-06-27 22:28:00.963 | INFO     | __main__:get_tbc_epg:291 - 頻道 新天地民俗台 獲取 144 個節目
2026-06-27 22:28:00.963 | INFO     | __main__:get_tbc_epg:291 - 頻道 三聖電視台 獲取 144 個節目
2026-06-27 22:28:00.963 | INFO     | __main__:get_tbc_epg:291 - 頻道 威達超舜生活台 獲取 90 個節目
2026-06-27 22:28:00.963 | INFO     | __main__:get_tbc_epg:291 - 頻道 天美麗電視台 獲取 48 個節目
2026-06-27 22:28:00.963 | INFO     | __main__:get_tbc_epg:291 - 頻道 大立電視台 獲取 72 個節目
2026-06-27 22:28:00.963 | INFO     | __main__:get_tbc_epg:291 - 頻道 小公視 獲取 249 個節目
2026-06-27 22:28:00.963 | INFO     | __main__:get_tbc_epg:291 - 頻道 華視教育體育文化台 獲取 265 個節目
2026-06-27 22:28:00.963 | INFO     | __main__:get_tbc_epg:291 - 頻道 國會頻道1台 獲取 72 個節目
2026-06-27 22:28:00.963 | INFO     | __main__:get_tbc_epg:291 - 頻道 國會頻道2台 獲取 72 個節目
2026-06-27 22:28:00.963 | INFO     | __main__:get_tbc_epg:291 - 頻道 幸福空間居家台 獲取 145 個節目
2026-06-27 22:28:00.963 | INFO     | __main__:get_tbc_epg:291 - 頻道 高點育樂台 獲取 149 個節目
2026-06-27 22:28:00.963 | INFO     | __main__:get_tbc_epg:291 - 頻道 台灣綜合台 獲取 144 個節目
2026-06-27 22:28:00.963 | INFO     | __main__:get_tbc_epg:291 - 頻道 大台中生活頻道 獲取 147 個節目
2026-06-27 22:28:00.963 | INFO     | __main__:get_tbc_epg:291 - 頻道 彰化生活台 獲取 144 個節目
2026-06-27 22:28:00.963 | INFO     | __main__:get_tbc_epg:291 - 頻道 唯心電視台 獲取 228 個節目
2026-06-27 22:28:00.964 | INFO     | __main__:get_tbc_epg:291 - 頻道 美麗人生購物台 獲取 144 個節目
2026-06-27 22:28:00.964 | INFO     | __main__:get_tbc_epg:291 - 頻道 大愛二台  獲取 295 個節目
2026-06-27 22:28:00.964 | INFO     | __main__:get_tbc_epg:291 - 頻道 靖天映畫 獲取 78 個節目
2026-06-27 22:28:00.964 | INFO     | __main__:get_tbc_epg:291 - 頻道 靖洋戲劇台 獲取 154 個節目
2026-06-27 22:28:00.964 | INFO     | __main__:get_tbc_epg:291 - 頻道 ROCK Action 獲取 82 個節目
2026-06-27 22:28:00.964 | INFO     | __main__:get_tbc_epg:291 - 頻道 Global Trekker 探索世界  獲取 196 個節目
2026-06-27 22:28:00.964 | INFO     | __main__:get_tbc_epg:291 - 頻道 靖天綜合台 獲取 144 個節目
2026-06-27 22:28:00.964 | INFO     | __main__:get_tbc_epg:291 - 頻道 寶島文化台 獲取 144 個節目
2026-06-27 22:28:00.964 | INFO     | __main__:get_tbc_epg:291 - 頻道 TaiwanPlus 獲取 344 個節目
2026-06-27 22:28:00.964 | INFO     | __main__:get_tbc_epg:291 - 頻道 BBC News 獲取 312 個節目
2026-06-27 22:28:00.964 | INFO     | __main__:get_tbc_epg:291 - 頻道 民視第一台 獲取 196 個節目
2026-06-27 22:28:00.964 | INFO     | __main__:get_tbc_epg:291 - 頻道 民視台灣台 獲取 174 個節目
2026-06-27 22:28:00.964 | INFO     | __main__:get_tbc_epg:291 - 頻道 中視新聞台 獲取 144 個節目
2026-06-27 22:28:00.964 | INFO     | __main__:get_tbc_epg:291 - 頻道 台視新聞台 獲取 152 個節目
2026-06-27 22:28:00.964 | INFO     | __main__:get_tbc_epg:291 - 頻道 台視財經台 獲取 126 個節目
2026-06-27 22:28:00.964 | INFO     | __main__:get_tbc_epg:291 - 頻道 台視綜合台 獲取 147 個節目
2026-06-27 22:28:00.964 | INFO     | __main__:get_tbc_epg:291 - 頻道 彭博財經台 獲取 137 個節目
2026-06-27 22:28:00.964 | INFO     | __main__:get_tbc_epg:291 - 頻道 Channel NewsAsia 獲取 168 個節目
2026-06-27 22:28:00.964 | INFO     | __main__:get_tbc_epg:291 - 頻道 韓國阿里郎 獲取 313 個節目
2026-06-27 22:28:00.964 | INFO     | __main__:get_tbc_epg:291 - 頻道 DREAMWORKS 獲取 354 個節目
2026-06-27 22:28:00.964 | INFO     | __main__:get_tbc_epg:291 - 頻道 Warner TV 獲取 253 個節目
2026-06-27 22:28:00.965 | INFO     | __main__:get_tbc_epg:291 - 頻道 靖天電影台 獲取 85 個節目
2026-06-27 22:28:00.965 | INFO     | __main__:get_tbc_epg:291 - 頻道 CinemaWorld 獲取 93 個節目
2026-06-27 22:28:00.965 | INFO     | __main__:get_tbc_epg:291 - 頻道 HBO HD 獲取 181 個節目
2026-06-27 22:28:00.965 | INFO     | __main__:get_tbc_epg:291 - 頻道 HBO 強檔鉅獻 獲取 91 個節目
2026-06-27 22:28:00.965 | INFO     | __main__:get_tbc_epg:291 - 頻道 HBO 原創鉅獻 獲取 99 個節目
2026-06-27 22:28:00.965 | INFO     | __main__:get_tbc_epg:291 - 頻道 HBO 溫馨家庭 獲取 290 個節目
2026-06-27 22:28:00.965 | INFO     | __main__:get_tbc_epg:291 - 頻道 靖天日本台 獲取 235 個節目
2026-06-27 22:28:00.965 | INFO     | __main__:get_tbc_epg:291 - 頻道 EVE 獲取 249 個節目
2026-06-27 22:28:00.965 | INFO     | __main__:get_tbc_epg:291 - 頻道 tvN 獲取 107 個節目
2026-06-27 22:28:00.965 | INFO     | __main__:get_tbc_epg:291 - 頻道 靖天歡樂台 獲取 144 個節目
2026-06-27 22:28:00.965 | INFO     | __main__:get_tbc_epg:291 - 頻道 HITS 獲取 171 個節目
2026-06-27 22:28:00.965 | INFO     | __main__:get_tbc_epg:291 - 頻道 韓國娛樂台KMTV 獲取 231 個節目
2026-06-27 22:28:00.965 | INFO     | __main__:get_tbc_epg:291 - 頻道 靖天育樂台 獲取 167 個節目
2026-06-27 22:28:00.965 | INFO     | __main__:get_tbc_epg:291 - 頻道 Lifetime 獲取 152 個節目
2026-06-27 22:28:00.965 | INFO     | __main__:get_tbc_epg:291 - 頻道 罪案偵緝頻道 獲取 181 個節目
2026-06-27 22:28:00.965 | INFO     | __main__:get_tbc_epg:291 - 頻道 寵物頻道 獲取 163 個節目
2026-06-27 22:28:00.965 | INFO     | __main__:get_tbc_epg:291 - 頻道 歷史頻道 獲取 167 個節目
2026-06-27 22:28:00.965 | INFO     | __main__:get_tbc_epg:291 - 頻道 Discovery Asia 獲取 209 個節目
2026-06-27 22:28:00.965 | INFO     | __main__:get_tbc_epg:291 - 頻道 Discovery科學頻道 獲取 249 個節目
2026-06-27 22:28:00.965 | INFO     | __main__:get_tbc_epg:291 - 頻道 DMAX 獲取 215 個節目
2026-06-27 22:28:00.965 | INFO     | __main__:get_tbc_epg:291 - 頻道 寰宇新聞台灣台 獲取 150 個節目
2026-06-27 22:28:00.966 | INFO     | __main__:get_tbc_epg:291 - 頻道 亞洲旅遊台 獲取 144 個節目
2026-06-27 22:28:00.966 | INFO     | __main__:get_tbc_epg:291 - 頻道 梅迪奇藝術 獲取 102 個節目
2026-06-27 22:28:00.966 | INFO     | __main__:get_tbc_epg:291 - 頻道 博斯運動二台 獲取 59 個節目
2026-06-27 22:28:00.966 | INFO     | __main__:get_tbc_epg:291 - 頻道 博斯網球台 獲取 31 個節目
2026-06-27 22:28:00.966 | INFO     | __main__:get_tbc_epg:291 - 頻道 博斯無限台 獲取 51 個節目
2026-06-27 22:28:00.966 | INFO     | __main__:get_tbc_epg:291 - 頻道 博斯高球1台 獲取 44 個節目
2026-06-27 22:28:00.966 | INFO     | __main__:get_tbc_epg:291 - 頻道 博斯高球2台 獲取 38 個節目
2026-06-27 22:28:00.966 | INFO     | __main__:get_tbc_epg:291 - 頻道 博斯魅力網 獲取 60 個節目
2026-06-27 22:28:00.966 | INFO     | __main__:get_tbc_epg:291 - 頻道 博斯運動一台 獲取 46 個節目
2026-06-27 22:28:00.966 | INFO     | __main__:get_tbc_epg:291 - 頻道 博斯無限二台 獲取 73 個節目
2026-06-27 22:28:00.966 | INFO     | __main__:get_tbc_epg:291 - 頻道 尼克兒童頻道 獲取 399 個節目
2026-06-27 22:28:00.966 | INFO     | __main__:get_tbc_epg:291 - 頻道 達文西頻道 獲取 605 個節目
2026-06-27 22:28:00.966 | INFO     | __main__:get_tbc_epg:291 - 頻道 CBeebies 獲取 969 個節目
2026-06-27 22:28:00.966 | INFO     | __main__:get_tbc_epg:291 - 頻道 CARTOONITO 獲取 251 個節目
2026-06-27 22:28:00.966 | INFO     | __main__:get_tbc_epg:291 - 頻道 靖洋卡通台 獲取 288 個節目
2026-06-27 22:28:00.966 | INFO     | __main__:get_tbc_epg:291 - 頻道 靖天卡通台 獲取 254 個節目
2026-06-27 22:28:00.966 | INFO     | __main__:get_tbc_epg:291 - 頻道 LOVE NATURE 4K 獲取 168 個節目
2026-06-27 22:28:00.966 | INFO     | __main__:get_tbc_epg:291 - 頻道 ROCK ENTERTAINMENT 獲取 147 個節目
2026-06-27 22:28:00.966 | INFO     | __main__:get_tbc_epg:291 - 頻道 ROCK EXTREME 獲取 143 個節目
2026-06-27 22:28:00.966 | INFO     | __main__:get_tbc_epg:291 - 頻道 彩虹頻道 獲取 152 個節目
2026-06-27 22:28:00.966 | INFO     | __main__:get_tbc_epg:291 - 頻道 彩虹e台 獲取 58 個節目
2026-06-27 22:28:00.967 | INFO     | __main__:get_tbc_epg:291 - 頻道 彩虹電影台 獲取 58 個節目
2026-06-27 22:28:00.967 | INFO     | __main__:get_tbc_epg:291 - 頻道 K 頻道 獲取 67 個節目
2026-06-27 22:28:00.967 | INFO     | __main__:get_tbc_epg:291 - 頻道 松視1台 獲取 72 個節目
2026-06-27 22:28:00.967 | INFO     | __main__:get_tbc_epg:291 - 頻道 松視2台 獲取 72 個節目
2026-06-27 22:28:00.967 | INFO     | __main__:get_tbc_epg:291 - 頻道 松視3台 獲取 103 個節目
2026-06-27 22:28:00.967 | INFO     | __main__:get_tbc_epg:291 - 頻道 松視4台 獲取 102 個節目
2026-06-27 22:28:00.967 | INFO     | __main__:get_tbc_epg:291 - 頻道 潘朵啦高畫質玩美台 獲取 72 個節目
2026-06-27 22:28:00.967 | INFO     | __main__:get_tbc_epg:291 - 頻道 潘朵啦高畫質粉紅台 獲取 78 個節目
2026-06-27 22:28:00.967 | INFO     | __main__:get_tbc_epg:291 - 頻道 JStar極限台電影頻道 獲取 90 個節目
2026-06-27 22:28:00.967 | INFO     | __main__:get_tbc_epg:291 - 頻道 驚豔成人電影台 獲取 67 個節目
2026-06-27 22:28:00.967 | INFO     | __main__:get_tbc_epg:291 - 頻道 香蕉台 獲取 90 個節目
2026-06-27 22:28:00.967 | INFO     | __main__:get_tbc_epg:291 - 頻道 樂活頻道 獲取 102 個節目
2026-06-27 22:28:00.967 | INFO     | __main__:get_tbc_epg:291 - 頻道 玩家頻道 獲取 144 個節目
2026-06-27 22:28:00.967 | INFO     | __main__:get_tbc_epg:291 - 頻道 Happy 獲取 72 個節目
2026-06-27 22:28:00.967 | INFO     | __main__:get_tbc_epg:291 - 頻道 Hot 獲取 144 個節目
2026-06-27 22:28:00.967 | INFO     | __main__:get_tbc_epg:292 - 總計獲取 32304 個節目
2026-06-27 22:28:04.412 | INFO     | __main__:main:361 - EPG 已儲存到 ./output/epg_tbc.xml
2026-06-27 22:28:04.412 | INFO     | __main__:main:363 - ========== 抓取完成 ==========
2026-06-28 03:38:34 | INFO | ==================================================
2026-06-28 03:38:34 | INFO | 開始生成四季線上電子節目單
2026-06-28 03:38:34 | INFO | 輸出目錄: /home/runner/work/EPG/EPG/output
2026-06-28 03:38:34 | SUCCESS | 已更新本地頻道檔案，保存 133 個頻道
2026-06-28 03:38:34 | SUCCESS | 從 API 獲取到 133 個頻道（已跳過 9 個）
2026-06-28 03:38:34 | INFO | 成功加載 133 個頻道
2026-06-28 03:38:53 | INFO | 共獲取 13386 個節目
2026-06-28 03:38:53 | INFO | 電子節目單已生成: /home/runner/work/EPG/EPG/output/4g.xml
2026-06-28 03:38:53 | SUCCESS | EPG 生成完成
2026-06-28 22:15:55.153 | INFO     | __main__:main:350 - ========== 開始抓取 TBC EPG ==========
2026-06-28 22:15:55.153 | INFO     | __main__:get_tbc_epg:246 - 正在獲取TBC EPG
2026-06-28 22:15:58.816 | INFO     | __main__:get_channels_tbc:161 - 成功獲取 233 個頻道
2026-06-28 22:15:58.816 | INFO     | __main__:get_tbc_epg:258 - 正在獲取 2026/06/29 節目表
2026-06-28 22:17:51.203 | INFO     | __main__:get_tbc_epg:258 - 正在獲取 2026/06/30 節目表
2026-06-28 22:19:39.845 | INFO     | __main__:get_tbc_epg:258 - 正在獲取 2026/07/01 節目表
2026-06-28 22:21:26.405 | INFO     | __main__:get_tbc_epg:258 - 正在獲取 2026/07/02 節目表
2026-06-28 22:23:11.651 | INFO     | __main__:get_tbc_epg:258 - 正在獲取 2026/07/03 節目表
2026-06-28 22:24:55.324 | INFO     | __main__:get_tbc_epg:258 - 正在獲取 2026/07/04 節目表
2026-06-28 22:26:35.721 | INFO     | __main__:get_tbc_epg:291 - 頻道 南桃園節目總表 獲取 144 個節目
2026-06-28 22:26:35.722 | INFO     | __main__:get_tbc_epg:291 - 頻道 南桃園公用頻道 獲取 192 個節目
2026-06-28 22:26:35.722 | INFO     | __main__:get_tbc_epg:291 - 頻道 CNN 獲取 175 個節目
2026-06-28 22:26:35.722 | INFO     | __main__:get_tbc_epg:291 - 頻道 民視無線台 獲取 215 個節目
2026-06-28 22:26:35.722 | INFO     | __main__:get_tbc_epg:291 - 頻道 TBC桃園生活台 獲取 240 個節目
2026-06-28 22:26:35.722 | INFO     | __main__:get_tbc_epg:291 - 頻道 台視 獲取 163 個節目
2026-06-28 22:26:35.722 | INFO     | __main__:get_tbc_epg:291 - 頻道 大愛電視台 獲取 400 個節目
2026-06-28 22:26:35.722 | INFO     | __main__:get_tbc_epg:291 - 頻道 中視 獲取 159 個節目
2026-06-28 22:26:35.723 | INFO     | __main__:get_tbc_epg:291 - 頻道 人間衛視 獲取 183 個節目
2026-06-28 22:26:35.723 | INFO     | __main__:get_tbc_epg:291 - 頻道 華視 獲取 155 個節目
2026-06-28 22:26:35.723 | INFO     | __main__:get_tbc_epg:291 - 頻道 公共電視 獲取 211 個節目
2026-06-28 22:26:35.723 | INFO     | __main__:get_tbc_epg:291 - 頻道 公視台語台 獲取 157 個節目
2026-06-28 22:26:35.723 | INFO     | __main__:get_tbc_epg:291 - 頻道 好消息頻道 獲取 290 個節目
2026-06-28 22:26:35.723 | INFO     | __main__:get_tbc_epg:291 - 頻道 原住民頻道 獲取 167 個節目
2026-06-28 22:26:35.723 | INFO     | __main__:get_tbc_epg:291 - 頻道 客家電視台 獲取 219 個節目
2026-06-28 22:26:35.723 | INFO     | __main__:get_tbc_epg:291 - 頻道 BBC Earth 獲取 156 個節目
2026-06-28 22:26:35.723 | INFO     | __main__:get_tbc_epg:291 - 頻道 Discovery 獲取 197 個節目
2026-06-28 22:26:35.723 | INFO     | __main__:get_tbc_epg:291 - 頻道 TLC旅遊生活頻道 獲取 175 個節目
2026-06-28 22:26:35.723 | INFO     | __main__:get_tbc_epg:291 - 頻道 動物星球 獲取 173 個節目
2026-06-28 22:26:35.723 | INFO     | __main__:get_tbc_epg:291 - 頻道 卡通頻道 獲取 205 個節目
2026-06-28 22:26:35.723 | INFO     | __main__:get_tbc_epg:291 - 頻道 小尼克頻道 獲取 494 個節目
2026-06-28 22:26:35.723 | INFO     | __main__:get_tbc_epg:291 - 頻道 MOMO親子台 獲取 230 個節目
2026-06-28 22:26:35.723 | INFO     | __main__:get_tbc_epg:291 - 頻道 東森幼幼台 獲取 386 個節目
2026-06-28 22:26:35.723 | INFO     | __main__:get_tbc_epg:291 - 頻道 緯來綜合台 獲取 147 個節目
2026-06-28 22:26:35.723 | INFO     | __main__:get_tbc_epg:291 - 頻道 八大第一台 獲取 143 個節目
2026-06-28 22:26:35.723 | INFO     | __main__:get_tbc_epg:291 - 頻道 八大綜合台 獲取 162 個節目
2026-06-28 22:26:35.723 | INFO     | __main__:get_tbc_epg:291 - 頻道 三立台灣台 獲取 138 個節目
2026-06-28 22:26:35.723 | INFO     | __main__:get_tbc_epg:291 - 頻道 三立都會台 獲取 143 個節目
2026-06-28 22:26:35.723 | INFO     | __main__:get_tbc_epg:291 - 頻道 華藝中文台 獲取 164 個節目
2026-06-28 22:26:35.723 | INFO     | __main__:get_tbc_epg:291 - 頻道 東森綜合台 獲取 141 個節目
2026-06-28 22:26:35.723 | INFO     | __main__:get_tbc_epg:291 - 頻道 東森超視 獲取 143 個節目
2026-06-28 22:26:35.723 | INFO     | __main__:get_tbc_epg:291 - 頻道 東森購物2台 獲取 144 個節目
2026-06-28 22:26:35.724 | INFO     | __main__:get_tbc_epg:291 - 頻道 MOMO 2台 獲取 144 個節目
2026-06-28 22:26:35.724 | INFO     | __main__:get_tbc_epg:291 - 頻道 中天綜合台 獲取 120 個節目
2026-06-28 22:26:35.724 | INFO     | __main__:get_tbc_epg:291 - 頻道 東風衛視 獲取 152 個節目
2026-06-28 22:26:35.724 | INFO     | __main__:get_tbc_epg:291 - 頻道 年代MUCH TV 獲取 178 個節目
2026-06-28 22:26:35.724 | INFO     | __main__:get_tbc_epg:291 - 頻道 中天娛樂台 獲取 139 個節目
2026-06-28 22:26:35.724 | INFO     | __main__:get_tbc_epg:291 - 頻道 東森戲劇台 獲取 141 個節目
2026-06-28 22:26:35.724 | INFO     | __main__:get_tbc_epg:291 - 頻道 八大戲劇台 獲取 144 個節目
2026-06-28 22:26:35.724 | INFO     | __main__:get_tbc_epg:291 - 頻道 TVBS歡樂台 獲取 144 個節目
2026-06-28 22:26:35.724 | INFO     | __main__:get_tbc_epg:291 - 頻道 緯來戲劇台 獲取 142 個節目
2026-06-28 22:26:35.724 | INFO     | __main__:get_tbc_epg:291 - 頻道 高點電視台 獲取 144 個節目
2026-06-28 22:26:35.724 | INFO     | __main__:get_tbc_epg:291 - 頻道 JET綜合台 獲取 138 個節目
2026-06-28 22:26:35.724 | INFO     | __main__:get_tbc_epg:291 - 頻道 東森購物3台 獲取 144 個節目
2026-06-28 22:26:35.724 | INFO     | __main__:get_tbc_epg:291 - 頻道 東森購物1台 獲取 144 個節目
2026-06-28 22:26:35.724 | INFO     | __main__:get_tbc_epg:291 - 頻道 MOMO 1台 獲取 144 個節目
2026-06-28 22:26:35.724 | INFO     | __main__:get_tbc_epg:291 - 頻道 壹電視新聞台 獲取 107 個節目
2026-06-28 22:26:35.724 | INFO     | __main__:get_tbc_epg:291 - 頻道 年代新聞台 獲取 111 個節目
2026-06-28 22:26:35.724 | INFO     | __main__:get_tbc_epg:291 - 頻道 東森新聞台 獲取 117 個節目
2026-06-28 22:26:35.724 | INFO     | __main__:get_tbc_epg:291 - 頻道 民視新聞台 獲取 144 個節目
2026-06-28 22:26:35.725 | INFO     | __main__:get_tbc_epg:291 - 頻道 三立新聞台 獲取 138 個節目
2026-06-28 22:26:35.725 | INFO     | __main__:get_tbc_epg:291 - 頻道 TVBS 新聞台 獲取 114 個節目
2026-06-28 22:26:35.725 | INFO     | __main__:get_tbc_epg:291 - 頻道 TVBS 獲取 118 個節目
2026-06-28 22:26:35.725 | INFO     | __main__:get_tbc_epg:291 - 頻道 東森財經新聞台 獲取 135 個節目
2026-06-28 22:26:35.725 | INFO     | __main__:get_tbc_epg:291 - 頻道 非凡新聞台 獲取 146 個節目
2026-06-28 22:26:35.725 | INFO     | __main__:get_tbc_epg:291 - 頻道 ViVa1台 獲取 144 個節目
2026-06-28 22:26:35.725 | INFO     | __main__:get_tbc_epg:291 - 頻道 東森購物5台 獲取 144 個節目
2026-06-28 22:26:35.725 | INFO     | __main__:get_tbc_epg:291 - 頻道 CATCHPLAY電影台 獲取 129 個節目
2026-06-28 22:26:35.725 | INFO     | __main__:get_tbc_epg:291 - 頻道 東森電影台 獲取 104 個節目
2026-06-28 22:26:35.725 | INFO     | __main__:get_tbc_epg:291 - 頻道 緯來電影台 獲取 85 個節目
2026-06-28 22:26:35.725 | INFO     | __main__:get_tbc_epg:291 - 頻道 LS Time電影台 獲取 66 個節目
2026-06-28 22:26:35.725 | INFO     | __main__:get_tbc_epg:291 - 頻道 HBO 獲取 89 個節目
2026-06-28 22:26:35.725 | INFO     | __main__:get_tbc_epg:291 - 頻道 東森洋片台 獲取 83 個節目
2026-06-28 22:26:35.725 | INFO     | __main__:get_tbc_epg:291 - 頻道 AXN 獲取 134 個節目
2026-06-28 22:26:35.725 | INFO     | __main__:get_tbc_epg:291 - 頻道 好萊塢電影台 獲取 77 個節目
2026-06-28 22:26:35.725 | INFO     | __main__:get_tbc_epg:291 - 頻道 amc電影台 獲取 102 個節目
2026-06-28 22:26:35.725 | INFO     | __main__:get_tbc_epg:291 - 頻道 緯來育樂台 獲取 127 個節目
2026-06-28 22:26:35.725 | INFO     | __main__:get_tbc_epg:291 - 頻道 CINEMAX 獲取 91 個節目
2026-06-28 22:26:35.725 | INFO     | __main__:get_tbc_epg:291 - 頻道 緯來體育台 獲取 106 個節目
2026-06-28 22:26:35.725 | INFO     | __main__:get_tbc_epg:291 - 頻道 DAZN 1 獲取 86 個節目
2026-06-28 22:26:35.725 | INFO     | __main__:get_tbc_epg:291 - 頻道 DAZN 2 獲取 82 個節目
2026-06-28 22:26:35.725 | INFO     | __main__:get_tbc_epg:291 - 頻道 MOMO綜合台 獲取 114 個節目
2026-06-28 22:26:35.725 | INFO     | __main__:get_tbc_epg:291 - 頻道 緯來日本台 獲取 129 個節目
2026-06-28 22:26:35.725 | INFO     | __main__:get_tbc_epg:291 - 頻道 國興衛視 獲取 192 個節目
2026-06-28 22:26:35.725 | INFO     | __main__:get_tbc_epg:291 - 頻道 BBC Lifestyle 獲取 179 個節目
2026-06-28 22:26:35.725 | INFO     | __main__:get_tbc_epg:291 - 頻道 靖天資訊台 獲取 163 個節目
2026-06-28 22:26:35.725 | INFO     | __main__:get_tbc_epg:291 - 頻道 信吉電視台 獲取 71 個節目
2026-06-28 22:26:35.725 | INFO     | __main__:get_tbc_epg:291 - 頻道 信大電視台 獲取 72 個節目
2026-06-28 22:26:35.726 | INFO     | __main__:get_tbc_epg:291 - 頻道 中台灣生活網頻道 獲取 288 個節目
2026-06-28 22:26:35.726 | INFO     | __main__:get_tbc_epg:291 - 頻道 TBC台中生活台 獲取 288 個節目
2026-06-28 22:26:35.726 | INFO     | __main__:get_tbc_epg:291 - 頻道 鏡電視新聞台 獲取 144 個節目
2026-06-28 22:26:35.726 | INFO     | __main__:get_tbc_epg:291 - 頻道 台灣藝術台 獲取 90 個節目
2026-06-28 22:26:35.726 | INFO     | __main__:get_tbc_epg:291 - 頻道 樂視台 獲取 288 個節目
2026-06-28 22:26:35.726 | INFO     | __main__:get_tbc_epg:291 - 頻道 非凡商業台 獲取 177 個節目
2026-06-28 22:26:35.726 | INFO     | __main__:get_tbc_epg:291 - 頻道 三立財經新聞台 獲取 139 個節目
2026-06-28 22:26:35.726 | INFO     | __main__:get_tbc_epg:291 - 頻道 冠軍電視台 獲取 78 個節目
2026-06-28 22:26:35.726 | INFO     | __main__:get_tbc_epg:291 - 頻道 運通財經綜合台 獲取 288 個節目
2026-06-28 22:26:35.726 | INFO     | __main__:get_tbc_epg:291 - 頻道 SBN全球財經台 獲取 288 個節目
2026-06-28 22:26:35.726 | INFO     | __main__:get_tbc_epg:291 - 頻道 誠心電視台 獲取 72 個節目
2026-06-28 22:26:35.726 | INFO     | __main__:get_tbc_epg:291 - 頻道 NHK 獲取 397 個節目
2026-06-28 22:26:35.726 | INFO     | __main__:get_tbc_epg:291 - 頻道 MTV 獲取 158 個節目
2026-06-28 22:26:35.727 | INFO     | __main__:get_tbc_epg:291 - 頻道 Animax 獲取 286 個節目
2026-06-28 22:26:35.727 | INFO     | __main__:get_tbc_epg:291 - 頻道 霹靂台灣台 獲取 134 個節目
2026-06-28 22:26:35.727 | INFO     | __main__:get_tbc_epg:291 - 頻道 海豚綜合台 獲取 102 個節目
2026-06-28 22:26:35.727 | INFO     | __main__:get_tbc_epg:291 - 頻道 八大娛樂台 獲取 140 個節目
2026-06-28 22:26:35.727 | INFO     | __main__:get_tbc_epg:291 - 頻道 十方法界 獲取 250 個節目
2026-06-28 22:26:35.727 | INFO     | __main__:get_tbc_epg:291 - 頻道 壹電視電影台 獲取 93 個節目
2026-06-28 22:26:35.727 | INFO     | __main__:get_tbc_epg:291 - 頻道 華藏衛視  獲取 178 個節目
2026-06-28 22:26:35.727 | INFO     | __main__:get_tbc_epg:291 - 頻道 壹電視資訊綜合台 獲取 162 個節目
2026-06-28 22:26:35.727 | INFO     | __main__:get_tbc_epg:291 - 頻道 佛衛慈悲台 獲取 184 個節目
2026-06-28 22:26:35.727 | INFO     | __main__:get_tbc_epg:291 - 頻道 紅豆電視台 獲取 84 個節目
2026-06-28 22:26:35.727 | INFO     | __main__:get_tbc_epg:291 - 頻道 全大電視台 獲取 72 個節目
2026-06-28 22:26:35.727 | INFO     | __main__:get_tbc_epg:291 - 頻道 華藝台灣台 獲取 66 個節目
2026-06-28 22:26:35.727 | INFO     | __main__:get_tbc_epg:291 - 頻道 正德電視台 獲取 144 個節目
2026-06-28 22:26:35.727 | INFO     | __main__:get_tbc_epg:291 - 頻道 天良綜合台 獲取 60 個節目
2026-06-28 22:26:35.728 | INFO     | __main__:get_tbc_epg:291 - 頻道 番薯衛星電視台 獲取 24 個節目
2026-06-28 22:26:35.728 | INFO     | __main__:get_tbc_epg:291 - 頻道 富立電視台 獲取 72 個節目
2026-06-28 22:26:35.728 | INFO     | __main__:get_tbc_epg:291 - 頻道 Z頻道 獲取 144 個節目
2026-06-28 22:26:35.728 | INFO     | __main__:get_tbc_epg:291 - 頻道 冠軍夢想台 獲取 66 個節目
2026-06-28 22:26:35.728 | INFO     | __main__:get_tbc_epg:291 - 頻道 新天地民俗台 獲取 144 個節目
2026-06-28 22:26:35.728 | INFO     | __main__:get_tbc_epg:291 - 頻道 三聖電視台 獲取 144 個節目
2026-06-28 22:26:35.728 | INFO     | __main__:get_tbc_epg:291 - 頻道 威達超舜生活台 獲取 90 個節目
2026-06-28 22:26:35.728 | INFO     | __main__:get_tbc_epg:291 - 頻道 天美麗電視台 獲取 48 個節目
2026-06-28 22:26:35.728 | INFO     | __main__:get_tbc_epg:291 - 頻道 大立電視台 獲取 72 個節目
2026-06-28 22:26:35.728 | INFO     | __main__:get_tbc_epg:291 - 頻道 小公視 獲取 256 個節目
2026-06-28 22:26:35.728 | INFO     | __main__:get_tbc_epg:291 - 頻道 華視教育體育文化台 獲取 274 個節目
2026-06-28 22:26:35.728 | INFO     | __main__:get_tbc_epg:291 - 頻道 國會頻道1台 獲取 72 個節目
2026-06-28 22:26:35.728 | INFO     | __main__:get_tbc_epg:291 - 頻道 國會頻道2台 獲取 72 個節目
2026-06-28 22:26:35.728 | INFO     | __main__:get_tbc_epg:291 - 頻道 幸福空間居家台 獲取 145 個節目
2026-06-28 22:26:35.728 | INFO     | __main__:get_tbc_epg:291 - 頻道 高點育樂台 獲取 149 個節目
2026-06-28 22:26:35.729 | INFO     | __main__:get_tbc_epg:291 - 頻道 台灣綜合台 獲取 144 個節目
2026-06-28 22:26:35.729 | INFO     | __main__:get_tbc_epg:291 - 頻道 大台中生活頻道 獲取 147 個節目
2026-06-28 22:26:35.729 | INFO     | __main__:get_tbc_epg:291 - 頻道 彰化生活台 獲取 144 個節目
2026-06-28 22:26:35.729 | INFO     | __main__:get_tbc_epg:291 - 頻道 唯心電視台 獲取 228 個節目
2026-06-28 22:26:35.729 | INFO     | __main__:get_tbc_epg:291 - 頻道 美麗人生購物台 獲取 144 個節目
2026-06-28 22:26:35.729 | INFO     | __main__:get_tbc_epg:291 - 頻道 大愛二台  獲取 293 個節目
2026-06-28 22:26:35.729 | INFO     | __main__:get_tbc_epg:291 - 頻道 靖天映畫 獲取 78 個節目
2026-06-28 22:26:35.729 | INFO     | __main__:get_tbc_epg:291 - 頻道 靖洋戲劇台 獲取 154 個節目
2026-06-28 22:26:35.729 | INFO     | __main__:get_tbc_epg:291 - 頻道 ROCK Action 獲取 82 個節目
2026-06-28 22:26:35.729 | INFO     | __main__:get_tbc_epg:291 - 頻道 Global Trekker 探索世界  獲取 214 個節目
2026-06-28 22:26:35.729 | INFO     | __main__:get_tbc_epg:291 - 頻道 靖天綜合台 獲取 144 個節目
2026-06-28 22:26:35.729 | INFO     | __main__:get_tbc_epg:291 - 頻道 寶島文化台 獲取 144 個節目
2026-06-28 22:26:35.729 | INFO     | __main__:get_tbc_epg:291 - 頻道 TaiwanPlus 獲取 341 個節目
2026-06-28 22:26:35.729 | INFO     | __main__:get_tbc_epg:291 - 頻道 BBC News 獲取 314 個節目
2026-06-28 22:26:35.730 | INFO     | __main__:get_tbc_epg:291 - 頻道 民視第一台 獲取 197 個節目
2026-06-28 22:26:35.730 | INFO     | __main__:get_tbc_epg:291 - 頻道 民視台灣台 獲取 179 個節目
2026-06-28 22:26:35.730 | INFO     | __main__:get_tbc_epg:291 - 頻道 中視新聞台 獲取 144 個節目
2026-06-28 22:26:35.730 | INFO     | __main__:get_tbc_epg:291 - 頻道 台視新聞台 獲取 150 個節目
2026-06-28 22:26:35.730 | INFO     | __main__:get_tbc_epg:291 - 頻道 台視財經台 獲取 125 個節目
2026-06-28 22:26:35.730 | INFO     | __main__:get_tbc_epg:291 - 頻道 台視綜合台 獲取 145 個節目
2026-06-28 22:26:35.730 | INFO     | __main__:get_tbc_epg:291 - 頻道 彭博財經台 獲取 128 個節目
2026-06-28 22:26:35.730 | INFO     | __main__:get_tbc_epg:291 - 頻道 Channel NewsAsia 獲取 163 個節目
2026-06-28 22:26:35.730 | INFO     | __main__:get_tbc_epg:291 - 頻道 韓國阿里郎 獲取 325 個節目
2026-06-28 22:26:35.730 | INFO     | __main__:get_tbc_epg:291 - 頻道 DREAMWORKS 獲取 354 個節目
2026-06-28 22:26:35.730 | INFO     | __main__:get_tbc_epg:291 - 頻道 Warner TV 獲取 256 個節目
2026-06-28 22:26:35.730 | INFO     | __main__:get_tbc_epg:291 - 頻道 靖天電影台 獲取 84 個節目
2026-06-28 22:26:35.730 | INFO     | __main__:get_tbc_epg:291 - 頻道 CinemaWorld 獲取 91 個節目
2026-06-28 22:26:35.730 | INFO     | __main__:get_tbc_epg:291 - 頻道 HBO HD 獲取 186 個節目
2026-06-28 22:26:35.730 | INFO     | __main__:get_tbc_epg:291 - 頻道 HBO 強檔鉅獻 獲取 91 個節目
2026-06-28 22:26:35.731 | INFO     | __main__:get_tbc_epg:291 - 頻道 HBO 原創鉅獻 獲取 101 個節目
2026-06-28 22:26:35.731 | INFO     | __main__:get_tbc_epg:291 - 頻道 HBO 溫馨家庭 獲取 300 個節目
2026-06-28 22:26:35.731 | INFO     | __main__:get_tbc_epg:291 - 頻道 靖天日本台 獲取 238 個節目
2026-06-28 22:26:35.731 | INFO     | __main__:get_tbc_epg:291 - 頻道 EVE 獲取 247 個節目
2026-06-28 22:26:35.731 | INFO     | __main__:get_tbc_epg:291 - 頻道 tvN 獲取 106 個節目
2026-06-28 22:26:35.731 | INFO     | __main__:get_tbc_epg:291 - 頻道 靖天歡樂台 獲取 145 個節目
2026-06-28 22:26:35.731 | INFO     | __main__:get_tbc_epg:291 - 頻道 HITS 獲取 173 個節目
2026-06-28 22:26:35.731 | INFO     | __main__:get_tbc_epg:291 - 頻道 韓國娛樂台KMTV 獲取 233 個節目
2026-06-28 22:26:35.731 | INFO     | __main__:get_tbc_epg:291 - 頻道 靖天育樂台 獲取 166 個節目
2026-06-28 22:26:35.731 | INFO     | __main__:get_tbc_epg:291 - 頻道 Lifetime 獲取 156 個節目
2026-06-28 22:26:35.731 | INFO     | __main__:get_tbc_epg:291 - 頻道 罪案偵緝頻道 獲取 182 個節目
2026-06-28 22:26:35.731 | INFO     | __main__:get_tbc_epg:291 - 頻道 寵物頻道 獲取 163 個節目
2026-06-28 22:26:35.731 | INFO     | __main__:get_tbc_epg:291 - 頻道 歷史頻道 獲取 166 個節目
2026-06-28 22:26:35.731 | INFO     | __main__:get_tbc_epg:291 - 頻道 Discovery Asia 獲取 210 個節目
2026-06-28 22:26:35.732 | INFO     | __main__:get_tbc_epg:291 - 頻道 Discovery科學頻道 獲取 252 個節目
2026-06-28 22:26:35.732 | INFO     | __main__:get_tbc_epg:291 - 頻道 DMAX 獲取 216 個節目
2026-06-28 22:26:35.732 | INFO     | __main__:get_tbc_epg:291 - 頻道 寰宇新聞台灣台 獲取 150 個節目
2026-06-28 22:26:35.732 | INFO     | __main__:get_tbc_epg:291 - 頻道 亞洲旅遊台 獲取 144 個節目
2026-06-28 22:26:35.732 | INFO     | __main__:get_tbc_epg:291 - 頻道 梅迪奇藝術 獲取 102 個節目
2026-06-28 22:26:35.732 | INFO     | __main__:get_tbc_epg:291 - 頻道 博斯運動二台 獲取 56 個節目
2026-06-28 22:26:35.732 | INFO     | __main__:get_tbc_epg:291 - 頻道 博斯網球台 獲取 25 個節目
2026-06-28 22:26:35.732 | INFO     | __main__:get_tbc_epg:291 - 頻道 博斯無限台 獲取 51 個節目
2026-06-28 22:26:35.732 | INFO     | __main__:get_tbc_epg:291 - 頻道 博斯高球1台 獲取 45 個節目
2026-06-28 22:26:35.732 | INFO     | __main__:get_tbc_epg:291 - 頻道 博斯高球2台 獲取 38 個節目
2026-06-28 22:26:35.732 | INFO     | __main__:get_tbc_epg:291 - 頻道 博斯魅力網 獲取 56 個節目
2026-06-28 22:26:35.732 | INFO     | __main__:get_tbc_epg:291 - 頻道 博斯運動一台 獲取 40 個節目
2026-06-28 22:26:35.732 | INFO     | __main__:get_tbc_epg:291 - 頻道 博斯無限二台 獲取 76 個節目
2026-06-28 22:26:35.732 | INFO     | __main__:get_tbc_epg:291 - 頻道 尼克兒童頻道 獲取 399 個節目
2026-06-28 22:26:35.732 | INFO     | __main__:get_tbc_epg:291 - 頻道 達文西頻道 獲取 604 個節目
2026-06-28 22:26:35.733 | INFO     | __main__:get_tbc_epg:291 - 頻道 CBeebies 獲取 970 個節目
2026-06-28 22:26:35.733 | INFO     | __main__:get_tbc_epg:291 - 頻道 CARTOONITO 獲取 253 個節目
2026-06-28 22:26:35.733 | INFO     | __main__:get_tbc_epg:291 - 頻道 靖洋卡通台 獲取 288 個節目
2026-06-28 22:26:35.733 | INFO     | __main__:get_tbc_epg:291 - 頻道 靖天卡通台 獲取 254 個節目
2026-06-28 22:26:35.733 | INFO     | __main__:get_tbc_epg:291 - 頻道 LOVE NATURE 4K 獲取 168 個節目
2026-06-28 22:26:35.733 | INFO     | __main__:get_tbc_epg:291 - 頻道 ROCK ENTERTAINMENT 獲取 156 個節目
2026-06-28 22:26:35.733 | INFO     | __main__:get_tbc_epg:291 - 頻道 ROCK EXTREME 獲取 152 個節目
2026-06-28 22:26:35.733 | INFO     | __main__:get_tbc_epg:291 - 頻道 彩虹頻道 獲取 154 個節目
2026-06-28 22:26:35.733 | INFO     | __main__:get_tbc_epg:291 - 頻道 彩虹e台 獲取 57 個節目
2026-06-28 22:26:35.733 | INFO     | __main__:get_tbc_epg:291 - 頻道 彩虹電影台 獲取 59 個節目
2026-06-28 22:26:35.733 | INFO     | __main__:get_tbc_epg:291 - 頻道 K 頻道 獲取 66 個節目
2026-06-28 22:26:35.733 | INFO     | __main__:get_tbc_epg:291 - 頻道 松視1台 獲取 72 個節目
2026-06-28 22:26:35.733 | INFO     | __main__:get_tbc_epg:291 - 頻道 松視2台 獲取 72 個節目
2026-06-28 22:26:35.733 | INFO     | __main__:get_tbc_epg:291 - 頻道 松視3台 獲取 105 個節目
2026-06-28 22:26:35.734 | INFO     | __main__:get_tbc_epg:291 - 頻道 松視4台 獲取 106 個節目
2026-06-28 22:26:35.734 | INFO     | __main__:get_tbc_epg:291 - 頻道 潘朵啦高畫質玩美台 獲取 72 個節目
2026-06-28 22:26:35.734 | INFO     | __main__:get_tbc_epg:291 - 頻道 潘朵啦高畫質粉紅台 獲取 78 個節目
2026-06-28 22:26:35.734 | INFO     | __main__:get_tbc_epg:291 - 頻道 JStar極限台電影頻道 獲取 90 個節目
2026-06-28 22:26:35.734 | INFO     | __main__:get_tbc_epg:291 - 頻道 驚豔成人電影台 獲取 68 個節目
2026-06-28 22:26:35.734 | INFO     | __main__:get_tbc_epg:291 - 頻道 香蕉台 獲取 88 個節目
2026-06-28 22:26:35.734 | INFO     | __main__:get_tbc_epg:291 - 頻道 樂活頻道 獲取 102 個節目
2026-06-28 22:26:35.734 | INFO     | __main__:get_tbc_epg:291 - 頻道 玩家頻道 獲取 144 個節目
2026-06-28 22:26:35.734 | INFO     | __main__:get_tbc_epg:291 - 頻道 Happy 獲取 72 個節目
2026-06-28 22:26:35.734 | INFO     | __main__:get_tbc_epg:291 - 頻道 Hot 獲取 144 個節目
2026-06-28 22:26:35.734 | INFO     | __main__:get_tbc_epg:292 - 總計獲取 32369 個節目
2026-06-28 22:26:38.919 | INFO     | __main__:main:361 - EPG 已儲存到 ./output/epg_tbc.xml
2026-06-28 22:26:38.919 | INFO     | __main__:main:363 - ========== 抓取完成 ==========
2026-06-29 03:43:11 | INFO | ==================================================
2026-06-29 03:43:11 | INFO | 開始生成四季線上電子節目單
2026-06-29 03:43:11 | INFO | 輸出目錄: /home/runner/work/EPG/EPG/output
2026-06-29 03:43:12 | SUCCESS | 已更新本地頻道檔案，保存 133 個頻道
2026-06-29 03:43:12 | SUCCESS | 從 API 獲取到 133 個頻道（已跳過 9 個）
2026-06-29 03:43:12 | INFO | 成功加載 133 個頻道
2026-06-29 03:43:30 | INFO | 共獲取 13430 個節目
2026-06-29 03:43:31 | INFO | 電子節目單已生成: /home/runner/work/EPG/EPG/output/4g.xml
2026-06-29 03:43:31 | SUCCESS | EPG 生成完成
2026-06-29 22:32:34.283 | INFO     | __main__:main:350 - ========== 開始抓取 TBC EPG ==========
2026-06-29 22:32:34.284 | INFO     | __main__:get_tbc_epg:246 - 正在獲取TBC EPG
2026-06-29 22:32:37.902 | INFO     | __main__:get_channels_tbc:161 - 成功獲取 233 個頻道
2026-06-29 22:32:37.902 | INFO     | __main__:get_tbc_epg:258 - 正在獲取 2026/06/30 節目表
2026-06-29 22:34:23.551 | INFO     | __main__:get_tbc_epg:258 - 正在獲取 2026/07/01 節目表
2026-06-29 22:36:09.880 | INFO     | __main__:get_tbc_epg:258 - 正在獲取 2026/07/02 節目表
2026-06-29 22:37:52.563 | INFO     | __main__:get_tbc_epg:258 - 正在獲取 2026/07/03 節目表
2026-06-29 22:39:35.905 | INFO     | __main__:get_tbc_epg:258 - 正在獲取 2026/07/04 節目表
2026-06-29 22:41:18.162 | INFO     | __main__:get_tbc_epg:258 - 正在獲取 2026/07/05 節目表
2026-06-29 22:42:57.859 | INFO     | __main__:get_tbc_epg:291 - 頻道 南桃園節目總表 獲取 144 個節目
2026-06-29 22:42:57.859 | INFO     | __main__:get_tbc_epg:291 - 頻道 南桃園公用頻道 獲取 193 個節目
2026-06-29 22:42:57.859 | INFO     | __main__:get_tbc_epg:291 - 頻道 CNN 獲取 171 個節目
2026-06-29 22:42:57.859 | INFO     | __main__:get_tbc_epg:291 - 頻道 民視無線台 獲取 205 個節目
2026-06-29 22:42:57.859 | INFO     | __main__:get_tbc_epg:291 - 頻道 TBC桃園生活台 獲取 240 個節目
2026-06-29 22:42:57.860 | INFO     | __main__:get_tbc_epg:291 - 頻道 台視 獲取 158 個節目
2026-06-29 22:42:57.860 | INFO     | __main__:get_tbc_epg:291 - 頻道 大愛電視台 獲取 376 個節目
2026-06-29 22:42:57.860 | INFO     | __main__:get_tbc_epg:291 - 頻道 中視 獲取 152 個節目
2026-06-29 22:42:57.860 | INFO     | __main__:get_tbc_epg:291 - 頻道 人間衛視 獲取 180 個節目
2026-06-29 22:42:57.860 | INFO     | __main__:get_tbc_epg:291 - 頻道 華視 獲取 150 個節目
2026-06-29 22:42:57.860 | INFO     | __main__:get_tbc_epg:291 - 頻道 公共電視 獲取 209 個節目
2026-06-29 22:42:57.860 | INFO     | __main__:get_tbc_epg:291 - 頻道 公視台語台 獲取 157 個節目
2026-06-29 22:42:57.860 | INFO     | __main__:get_tbc_epg:291 - 頻道 好消息頻道 獲取 278 個節目
2026-06-29 22:42:57.860 | INFO     | __main__:get_tbc_epg:291 - 頻道 原住民頻道 獲取 171 個節目
2026-06-29 22:42:57.860 | INFO     | __main__:get_tbc_epg:291 - 頻道 客家電視台 獲取 225 個節目
2026-06-29 22:42:57.860 | INFO     | __main__:get_tbc_epg:291 - 頻道 BBC Earth 獲取 156 個節目
2026-06-29 22:42:57.860 | INFO     | __main__:get_tbc_epg:291 - 頻道 Discovery 獲取 195 個節目
2026-06-29 22:42:57.860 | INFO     | __main__:get_tbc_epg:291 - 頻道 TLC旅遊生活頻道 獲取 173 個節目
2026-06-29 22:42:57.860 | INFO     | __main__:get_tbc_epg:291 - 頻道 動物星球 獲取 172 個節目
2026-06-29 22:42:57.860 | INFO     | __main__:get_tbc_epg:291 - 頻道 卡通頻道 獲取 206 個節目
2026-06-29 22:42:57.860 | INFO     | __main__:get_tbc_epg:291 - 頻道 小尼克頻道 獲取 493 個節目
2026-06-29 22:42:57.861 | INFO     | __main__:get_tbc_epg:291 - 頻道 MOMO親子台 獲取 212 個節目
2026-06-29 22:42:57.861 | INFO     | __main__:get_tbc_epg:291 - 頻道 東森幼幼台 獲取 365 個節目
2026-06-29 22:42:57.861 | INFO     | __main__:get_tbc_epg:291 - 頻道 緯來綜合台 獲取 141 個節目
2026-06-29 22:42:57.861 | INFO     | __main__:get_tbc_epg:291 - 頻道 八大第一台 獲取 142 個節目
2026-06-29 22:42:57.861 | INFO     | __main__:get_tbc_epg:291 - 頻道 八大綜合台 獲取 162 個節目
2026-06-29 22:42:57.861 | INFO     | __main__:get_tbc_epg:291 - 頻道 三立台灣台 獲取 134 個節目
2026-06-29 22:42:57.861 | INFO     | __main__:get_tbc_epg:291 - 頻道 三立都會台 獲取 139 個節目
2026-06-29 22:42:57.861 | INFO     | __main__:get_tbc_epg:291 - 頻道 華藝中文台 獲取 168 個節目
2026-06-29 22:42:57.861 | INFO     | __main__:get_tbc_epg:291 - 頻道 東森綜合台 獲取 138 個節目
2026-06-29 22:42:57.861 | INFO     | __main__:get_tbc_epg:291 - 頻道 東森超視 獲取 138 個節目
2026-06-29 22:42:57.861 | INFO     | __main__:get_tbc_epg:291 - 頻道 東森購物2台 獲取 144 個節目
2026-06-29 22:42:57.861 | INFO     | __main__:get_tbc_epg:291 - 頻道 MOMO 2台 獲取 144 個節目
2026-06-29 22:42:57.861 | INFO     | __main__:get_tbc_epg:291 - 頻道 中天綜合台 獲取 116 個節目
2026-06-29 22:42:57.861 | INFO     | __main__:get_tbc_epg:291 - 頻道 東風衛視 獲取 153 個節目
2026-06-29 22:42:57.861 | INFO     | __main__:get_tbc_epg:291 - 頻道 年代MUCH TV 獲取 175 個節目
2026-06-29 22:42:57.861 | INFO     | __main__:get_tbc_epg:291 - 頻道 中天娛樂台 獲取 134 個節目
2026-06-29 22:42:57.862 | INFO     | __main__:get_tbc_epg:291 - 頻道 東森戲劇台 獲取 140 個節目
2026-06-29 22:42:57.862 | INFO     | __main__:get_tbc_epg:291 - 頻道 八大戲劇台 獲取 144 個節目
2026-06-29 22:42:57.862 | INFO     | __main__:get_tbc_epg:291 - 頻道 TVBS歡樂台 獲取 144 個節目
2026-06-29 22:42:57.862 | INFO     | __main__:get_tbc_epg:291 - 頻道 緯來戲劇台 獲取 141 個節目
2026-06-29 22:42:57.862 | INFO     | __main__:get_tbc_epg:291 - 頻道 高點電視台 獲取 144 個節目
2026-06-29 22:42:57.862 | INFO     | __main__:get_tbc_epg:291 - 頻道 JET綜合台 獲取 139 個節目
2026-06-29 22:42:57.862 | INFO     | __main__:get_tbc_epg:291 - 頻道 東森購物3台 獲取 144 個節目
2026-06-29 22:42:57.862 | INFO     | __main__:get_tbc_epg:291 - 頻道 東森購物1台 獲取 144 個節目
2026-06-29 22:42:57.862 | INFO     | __main__:get_tbc_epg:291 - 頻道 MOMO 1台 獲取 144 個節目
2026-06-29 22:42:57.862 | INFO     | __main__:get_tbc_epg:291 - 頻道 壹電視新聞台 獲取 111 個節目
2026-06-29 22:42:57.862 | INFO     | __main__:get_tbc_epg:291 - 頻道 年代新聞台 獲取 115 個節目
2026-06-29 22:42:57.862 | INFO     | __main__:get_tbc_epg:291 - 頻道 東森新聞台 獲取 117 個節目
2026-06-29 22:42:57.862 | INFO     | __main__:get_tbc_epg:291 - 頻道 民視新聞台 獲取 143 個節目
2026-06-29 22:42:57.862 | INFO     | __main__:get_tbc_epg:291 - 頻道 三立新聞台 獲取 138 個節目
2026-06-29 22:42:57.862 | INFO     | __main__:get_tbc_epg:291 - 頻道 TVBS 新聞台 獲取 114 個節目
2026-06-29 22:42:57.862 | INFO     | __main__:get_tbc_epg:291 - 頻道 TVBS 獲取 119 個節目
2026-06-29 22:42:57.862 | INFO     | __main__:get_tbc_epg:291 - 頻道 東森財經新聞台 獲取 138 個節目
2026-06-29 22:42:57.862 | INFO     | __main__:get_tbc_epg:291 - 頻道 非凡新聞台 獲取 147 個節目
2026-06-29 22:42:57.862 | INFO     | __main__:get_tbc_epg:291 - 頻道 ViVa1台 獲取 144 個節目
2026-06-29 22:42:57.862 | INFO     | __main__:get_tbc_epg:291 - 頻道 東森購物5台 獲取 144 個節目
2026-06-29 22:42:57.862 | INFO     | __main__:get_tbc_epg:291 - 頻道 CATCHPLAY電影台 獲取 130 個節目
2026-06-29 22:42:57.863 | INFO     | __main__:get_tbc_epg:291 - 頻道 東森電影台 獲取 102 個節目
2026-06-29 22:42:57.863 | INFO     | __main__:get_tbc_epg:291 - 頻道 緯來電影台 獲取 82 個節目
2026-06-29 22:42:57.863 | INFO     | __main__:get_tbc_epg:291 - 頻道 LS Time電影台 獲取 66 個節目
2026-06-29 22:42:57.863 | INFO     | __main__:get_tbc_epg:291 - 頻道 HBO 獲取 89 個節目
2026-06-29 22:42:57.863 | INFO     | __main__:get_tbc_epg:291 - 頻道 東森洋片台 獲取 84 個節目
2026-06-29 22:42:57.863 | INFO     | __main__:get_tbc_epg:291 - 頻道 AXN 獲取 128 個節目
2026-06-29 22:42:57.863 | INFO     | __main__:get_tbc_epg:291 - 頻道 好萊塢電影台 獲取 77 個節目
2026-06-29 22:42:57.863 | INFO     | __main__:get_tbc_epg:291 - 頻道 amc電影台 獲取 104 個節目
2026-06-29 22:42:57.863 | INFO     | __main__:get_tbc_epg:291 - 頻道 緯來育樂台 獲取 128 個節目
2026-06-29 22:42:57.863 | INFO     | __main__:get_tbc_epg:291 - 頻道 CINEMAX 獲取 90 個節目
2026-06-29 22:42:57.863 | INFO     | __main__:get_tbc_epg:291 - 頻道 緯來體育台 獲取 106 個節目
2026-06-29 22:42:57.863 | INFO     | __main__:get_tbc_epg:291 - 頻道 DAZN 1 獲取 89 個節目
2026-06-29 22:42:57.863 | INFO     | __main__:get_tbc_epg:291 - 頻道 DAZN 2 獲取 82 個節目
2026-06-29 22:42:57.863 | INFO     | __main__:get_tbc_epg:291 - 頻道 MOMO綜合台 獲取 104 個節目
2026-06-29 22:42:57.863 | INFO     | __main__:get_tbc_epg:291 - 頻道 緯來日本台 獲取 128 個節目
2026-06-29 22:42:57.863 | INFO     | __main__:get_tbc_epg:291 - 頻道 國興衛視 獲取 194 個節目
2026-06-29 22:42:57.863 | INFO     | __main__:get_tbc_epg:291 - 頻道 BBC Lifestyle 獲取 182 個節目
2026-06-29 22:42:57.863 | INFO     | __main__:get_tbc_epg:291 - 頻道 靖天資訊台 獲取 159 個節目
2026-06-29 22:42:57.863 | INFO     | __main__:get_tbc_epg:291 - 頻道 信吉電視台 獲取 71 個節目
2026-06-29 22:42:57.863 | INFO     | __main__:get_tbc_epg:291 - 頻道 信大電視台 獲取 72 個節目
2026-06-29 22:42:57.863 | INFO     | __main__:get_tbc_epg:291 - 頻道 中台灣生活網頻道 獲取 288 個節目
2026-06-29 22:42:57.863 | INFO     | __main__:get_tbc_epg:291 - 頻道 TBC台中生活台 獲取 288 個節目
2026-06-29 22:42:57.863 | INFO     | __main__:get_tbc_epg:291 - 頻道 鏡電視新聞台 獲取 144 個節目
2026-06-29 22:42:57.863 | INFO     | __main__:get_tbc_epg:291 - 頻道 台灣藝術台 獲取 90 個節目
2026-06-29 22:42:57.863 | INFO     | __main__:get_tbc_epg:291 - 頻道 樂視台 獲取 288 個節目
2026-06-29 22:42:57.863 | INFO     | __main__:get_tbc_epg:291 - 頻道 非凡商業台 獲取 181 個節目
2026-06-29 22:42:57.863 | INFO     | __main__:get_tbc_epg:291 - 頻道 三立財經新聞台 獲取 139 個節目
2026-06-29 22:42:57.863 | INFO     | __main__:get_tbc_epg:291 - 頻道 冠軍電視台 獲取 78 個節目
2026-06-29 22:42:57.864 | INFO     | __main__:get_tbc_epg:291 - 頻道 運通財經綜合台 獲取 288 個節目
2026-06-29 22:42:57.864 | INFO     | __main__:get_tbc_epg:291 - 頻道 SBN全球財經台 獲取 288 個節目
2026-06-29 22:42:57.864 | INFO     | __main__:get_tbc_epg:291 - 頻道 誠心電視台 獲取 72 個節目
2026-06-29 22:42:57.864 | INFO     | __main__:get_tbc_epg:291 - 頻道 NHK 獲取 388 個節目
2026-06-29 22:42:57.864 | INFO     | __main__:get_tbc_epg:291 - 頻道 MTV 獲取 156 個節目
2026-06-29 22:42:57.864 | INFO     | __main__:get_tbc_epg:291 - 頻道 Animax 獲取 286 個節目
2026-06-29 22:42:57.864 | INFO     | __main__:get_tbc_epg:291 - 頻道 霹靂台灣台 獲取 137 個節目
2026-06-29 22:42:57.864 | INFO     | __main__:get_tbc_epg:291 - 頻道 海豚綜合台 獲取 102 個節目
2026-06-29 22:42:57.864 | INFO     | __main__:get_tbc_epg:291 - 頻道 八大娛樂台 獲取 141 個節目
2026-06-29 22:42:57.864 | INFO     | __main__:get_tbc_epg:291 - 頻道 十方法界 獲取 249 個節目
2026-06-29 22:42:57.864 | INFO     | __main__:get_tbc_epg:291 - 頻道 壹電視電影台 獲取 92 個節目
2026-06-29 22:42:57.864 | INFO     | __main__:get_tbc_epg:291 - 頻道 華藏衛視  獲取 167 個節目
2026-06-29 22:42:57.864 | INFO     | __main__:get_tbc_epg:291 - 頻道 壹電視資訊綜合台 獲取 162 個節目
2026-06-29 22:42:57.864 | INFO     | __main__:get_tbc_epg:291 - 頻道 佛衛慈悲台 獲取 185 個節目
2026-06-29 22:42:57.864 | INFO     | __main__:get_tbc_epg:291 - 頻道 紅豆電視台 獲取 84 個節目
2026-06-29 22:42:57.864 | INFO     | __main__:get_tbc_epg:291 - 頻道 全大電視台 獲取 72 個節目
2026-06-29 22:42:57.864 | INFO     | __main__:get_tbc_epg:291 - 頻道 華藝台灣台 獲取 66 個節目
2026-06-29 22:42:57.864 | INFO     | __main__:get_tbc_epg:291 - 頻道 正德電視台 獲取 144 個節目
2026-06-29 22:42:57.864 | INFO     | __main__:get_tbc_epg:291 - 頻道 天良綜合台 獲取 60 個節目
2026-06-29 22:42:57.864 | INFO     | __main__:get_tbc_epg:291 - 頻道 番薯衛星電視台 獲取 24 個節目
2026-06-29 22:42:57.864 | INFO     | __main__:get_tbc_epg:291 - 頻道 富立電視台 獲取 72 個節目
2026-06-29 22:42:57.864 | INFO     | __main__:get_tbc_epg:291 - 頻道 Z頻道 獲取 144 個節目
2026-06-29 22:42:57.864 | INFO     | __main__:get_tbc_epg:291 - 頻道 冠軍夢想台 獲取 66 個節目
2026-06-29 22:42:57.864 | INFO     | __main__:get_tbc_epg:291 - 頻道 新天地民俗台 獲取 144 個節目
2026-06-29 22:42:57.865 | INFO     | __main__:get_tbc_epg:291 - 頻道 三聖電視台 獲取 144 個節目
2026-06-29 22:42:57.865 | INFO     | __main__:get_tbc_epg:291 - 頻道 威達超舜生活台 獲取 90 個節目
2026-06-29 22:42:57.865 | INFO     | __main__:get_tbc_epg:291 - 頻道 天美麗電視台 獲取 48 個節目
2026-06-29 22:42:57.865 | INFO     | __main__:get_tbc_epg:291 - 頻道 大立電視台 獲取 72 個節目
2026-06-29 22:42:57.865 | INFO     | __main__:get_tbc_epg:291 - 頻道 小公視 獲取 247 個節目
2026-06-29 22:42:57.865 | INFO     | __main__:get_tbc_epg:291 - 頻道 華視教育體育文化台 獲取 272 個節目
2026-06-29 22:42:57.865 | INFO     | __main__:get_tbc_epg:291 - 頻道 國會頻道1台 獲取 72 個節目
2026-06-29 22:42:57.865 | INFO     | __main__:get_tbc_epg:291 - 頻道 國會頻道2台 獲取 72 個節目
2026-06-29 22:42:57.865 | INFO     | __main__:get_tbc_epg:291 - 頻道 幸福空間居家台 獲取 146 個節目
2026-06-29 22:42:57.865 | INFO     | __main__:get_tbc_epg:291 - 頻道 高點育樂台 獲取 148 個節目
2026-06-29 22:42:57.865 | INFO     | __main__:get_tbc_epg:291 - 頻道 台灣綜合台 獲取 144 個節目
2026-06-29 22:42:57.865 | INFO     | __main__:get_tbc_epg:291 - 頻道 大台中生活頻道 獲取 147 個節目
2026-06-29 22:42:57.865 | INFO     | __main__:get_tbc_epg:291 - 頻道 彰化生活台 獲取 144 個節目
2026-06-29 22:42:57.865 | INFO     | __main__:get_tbc_epg:291 - 頻道 唯心電視台 獲取 228 個節目
2026-06-29 22:42:57.865 | INFO     | __main__:get_tbc_epg:291 - 頻道 美麗人生購物台 獲取 144 個節目
2026-06-29 22:42:57.865 | INFO     | __main__:get_tbc_epg:291 - 頻道 大愛二台  獲取 288 個節目
2026-06-29 22:42:57.865 | INFO     | __main__:get_tbc_epg:291 - 頻道 靖天映畫 獲取 78 個節目
2026-06-29 22:42:57.865 | INFO     | __main__:get_tbc_epg:291 - 頻道 靖洋戲劇台 獲取 153 個節目
2026-06-29 22:42:57.865 | INFO     | __main__:get_tbc_epg:291 - 頻道 ROCK Action 獲取 83 個節目
2026-06-29 22:42:57.865 | INFO     | __main__:get_tbc_epg:291 - 頻道 Global Trekker 探索世界  獲取 214 個節目
2026-06-29 22:42:57.865 | INFO     | __main__:get_tbc_epg:291 - 頻道 靖天綜合台 獲取 144 個節目
2026-06-29 22:42:57.865 | INFO     | __main__:get_tbc_epg:291 - 頻道 寶島文化台 獲取 144 個節目
2026-06-29 22:42:57.866 | INFO     | __main__:get_tbc_epg:291 - 頻道 TaiwanPlus 獲取 338 個節目
2026-06-29 22:42:57.866 | INFO     | __main__:get_tbc_epg:291 - 頻道 BBC News 獲取 307 個節目
2026-06-29 22:42:57.866 | INFO     | __main__:get_tbc_epg:291 - 頻道 民視第一台 獲取 199 個節目
2026-06-29 22:42:57.866 | INFO     | __main__:get_tbc_epg:291 - 頻道 民視台灣台 獲取 172 個節目
2026-06-29 22:42:57.866 | INFO     | __main__:get_tbc_epg:291 - 頻道 中視新聞台 獲取 144 個節目
2026-06-29 22:42:57.866 | INFO     | __main__:get_tbc_epg:291 - 頻道 台視新聞台 獲取 153 個節目
2026-06-29 22:42:57.866 | INFO     | __main__:get_tbc_epg:291 - 頻道 台視財經台 獲取 131 個節目
2026-06-29 22:42:57.866 | INFO     | __main__:get_tbc_epg:291 - 頻道 台視綜合台 獲取 144 個節目
2026-06-29 22:42:57.866 | INFO     | __main__:get_tbc_epg:291 - 頻道 彭博財經台 獲取 142 個節目
2026-06-29 22:42:57.866 | INFO     | __main__:get_tbc_epg:291 - 頻道 Channel NewsAsia 獲取 183 個節目
2026-06-29 22:42:57.866 | INFO     | __main__:get_tbc_epg:291 - 頻道 韓國阿里郎 獲取 320 個節目
2026-06-29 22:42:57.866 | INFO     | __main__:get_tbc_epg:291 - 頻道 DREAMWORKS 獲取 354 個節目
2026-06-29 22:42:57.866 | INFO     | __main__:get_tbc_epg:291 - 頻道 Warner TV 獲取 242 個節目
2026-06-29 22:42:57.866 | INFO     | __main__:get_tbc_epg:291 - 頻道 靖天電影台 獲取 85 個節目
2026-06-29 22:42:57.866 | INFO     | __main__:get_tbc_epg:291 - 頻道 CinemaWorld 獲取 89 個節目
2026-06-29 22:42:57.866 | INFO     | __main__:get_tbc_epg:291 - 頻道 HBO HD 獲取 184 個節目
2026-06-29 22:42:57.866 | INFO     | __main__:get_tbc_epg:291 - 頻道 HBO 強檔鉅獻 獲取 92 個節目
2026-06-29 22:42:57.866 | INFO     | __main__:get_tbc_epg:291 - 頻道 HBO 原創鉅獻 獲取 102 個節目
2026-06-29 22:42:57.866 | INFO     | __main__:get_tbc_epg:291 - 頻道 HBO 溫馨家庭 獲取 279 個節目
2026-06-29 22:42:57.866 | INFO     | __main__:get_tbc_epg:291 - 頻道 靖天日本台 獲取 225 個節目
2026-06-29 22:42:57.866 | INFO     | __main__:get_tbc_epg:291 - 頻道 EVE 獲取 246 個節目
2026-06-29 22:42:57.866 | INFO     | __main__:get_tbc_epg:291 - 頻道 tvN 獲取 105 個節目
2026-06-29 22:42:57.866 | INFO     | __main__:get_tbc_epg:291 - 頻道 靖天歡樂台 獲取 148 個節目
2026-06-29 22:42:57.866 | INFO     | __main__:get_tbc_epg:291 - 頻道 HITS 獲取 174 個節目
2026-06-29 22:42:57.866 | INFO     | __main__:get_tbc_epg:291 - 頻道 韓國娛樂台KMTV 獲取 231 個節目
2026-06-29 22:42:57.866 | INFO     | __main__:get_tbc_epg:291 - 頻道 靖天育樂台 獲取 167 個節目
2026-06-29 22:42:57.866 | INFO     | __main__:get_tbc_epg:291 - 頻道 Lifetime 獲取 157 個節目
2026-06-29 22:42:57.866 | INFO     | __main__:get_tbc_epg:291 - 頻道 罪案偵緝頻道 獲取 180 個節目
2026-06-29 22:42:57.867 | INFO     | __main__:get_tbc_epg:291 - 頻道 寵物頻道 獲取 161 個節目
2026-06-29 22:42:57.867 | INFO     | __main__:get_tbc_epg:291 - 頻道 歷史頻道 獲取 165 個節目
2026-06-29 22:42:57.867 | INFO     | __main__:get_tbc_epg:291 - 頻道 Discovery Asia 獲取 210 個節目
2026-06-29 22:42:57.867 | INFO     | __main__:get_tbc_epg:291 - 頻道 Discovery科學頻道 獲取 243 個節目
2026-06-29 22:42:57.867 | INFO     | __main__:get_tbc_epg:291 - 頻道 DMAX 獲取 217 個節目
2026-06-29 22:42:57.867 | INFO     | __main__:get_tbc_epg:291 - 頻道 寰宇新聞台灣台 獲取 150 個節目
2026-06-29 22:42:57.867 | INFO     | __main__:get_tbc_epg:291 - 頻道 亞洲旅遊台 獲取 144 個節目
2026-06-29 22:42:57.867 | INFO     | __main__:get_tbc_epg:291 - 頻道 梅迪奇藝術 獲取 102 個節目
2026-06-29 22:42:57.867 | INFO     | __main__:get_tbc_epg:291 - 頻道 博斯運動二台 獲取 54 個節目
2026-06-29 22:42:57.867 | INFO     | __main__:get_tbc_epg:291 - 頻道 博斯網球台 獲取 18 個節目
2026-06-29 22:42:57.867 | INFO     | __main__:get_tbc_epg:291 - 頻道 博斯無限台 獲取 52 個節目
2026-06-29 22:42:57.867 | INFO     | __main__:get_tbc_epg:291 - 頻道 博斯高球1台 獲取 47 個節目
2026-06-29 22:42:57.867 | INFO     | __main__:get_tbc_epg:291 - 頻道 博斯高球2台 獲取 41 個節目
2026-06-29 22:42:57.867 | INFO     | __main__:get_tbc_epg:291 - 頻道 博斯魅力網 獲取 53 個節目
2026-06-29 22:42:57.867 | INFO     | __main__:get_tbc_epg:291 - 頻道 博斯運動一台 獲取 36 個節目
2026-06-29 22:42:57.867 | INFO     | __main__:get_tbc_epg:291 - 頻道 博斯無限二台 獲取 76 個節目
2026-06-29 22:42:57.867 | INFO     | __main__:get_tbc_epg:291 - 頻道 尼克兒童頻道 獲取 396 個節目
2026-06-29 22:42:57.867 | INFO     | __main__:get_tbc_epg:291 - 頻道 達文西頻道 獲取 595 個節目
2026-06-29 22:42:57.868 | INFO     | __main__:get_tbc_epg:291 - 頻道 CBeebies 獲取 987 個節目
2026-06-29 22:42:57.868 | INFO     | __main__:get_tbc_epg:291 - 頻道 CARTOONITO 獲取 257 個節目
2026-06-29 22:42:57.868 | INFO     | __main__:get_tbc_epg:291 - 頻道 靖洋卡通台 獲取 288 個節目
2026-06-29 22:42:57.868 | INFO     | __main__:get_tbc_epg:291 - 頻道 靖天卡通台 獲取 250 個節目
2026-06-29 22:42:57.868 | INFO     | __main__:get_tbc_epg:291 - 頻道 LOVE NATURE 4K 獲取 168 個節目
2026-06-29 22:42:57.868 | INFO     | __main__:get_tbc_epg:291 - 頻道 ROCK ENTERTAINMENT 獲取 155 個節目
2026-06-29 22:42:57.868 | INFO     | __main__:get_tbc_epg:291 - 頻道 ROCK EXTREME 獲取 144 個節目
2026-06-29 22:42:57.868 | INFO     | __main__:get_tbc_epg:291 - 頻道 彩虹頻道 獲取 158 個節目
2026-06-29 22:42:57.868 | INFO     | __main__:get_tbc_epg:291 - 頻道 彩虹e台 獲取 58 個節目
2026-06-29 22:42:57.868 | INFO     | __main__:get_tbc_epg:291 - 頻道 彩虹電影台 獲取 59 個節目
2026-06-29 22:42:57.868 | INFO     | __main__:get_tbc_epg:291 - 頻道 K 頻道 獲取 66 個節目
2026-06-29 22:42:57.868 | INFO     | __main__:get_tbc_epg:291 - 頻道 松視1台 獲取 72 個節目
2026-06-29 22:42:57.868 | INFO     | __main__:get_tbc_epg:291 - 頻道 松視2台 獲取 72 個節目
2026-06-29 22:42:57.868 | INFO     | __main__:get_tbc_epg:291 - 頻道 松視3台 獲取 102 個節目
2026-06-29 22:42:57.868 | INFO     | __main__:get_tbc_epg:291 - 頻道 松視4台 獲取 111 個節目
2026-06-29 22:42:57.868 | INFO     | __main__:get_tbc_epg:291 - 頻道 潘朵啦高畫質玩美台 獲取 72 個節目
2026-06-29 22:42:57.869 | INFO     | __main__:get_tbc_epg:291 - 頻道 潘朵啦高畫質粉紅台 獲取 78 個節目
2026-06-29 22:42:57.869 | INFO     | __main__:get_tbc_epg:291 - 頻道 JStar極限台電影頻道 獲取 91 個節目
2026-06-29 22:42:57.869 | INFO     | __main__:get_tbc_epg:291 - 頻道 驚豔成人電影台 獲取 65 個節目
2026-06-29 22:42:57.869 | INFO     | __main__:get_tbc_epg:291 - 頻道 香蕉台 獲取 93 個節目
2026-06-29 22:42:57.869 | INFO     | __main__:get_tbc_epg:291 - 頻道 樂活頻道 獲取 102 個節目
2026-06-29 22:42:57.869 | INFO     | __main__:get_tbc_epg:291 - 頻道 玩家頻道 獲取 144 個節目
2026-06-29 22:42:57.869 | INFO     | __main__:get_tbc_epg:291 - 頻道 Happy 獲取 72 個節目
2026-06-29 22:42:57.869 | INFO     | __main__:get_tbc_epg:291 - 頻道 Hot 獲取 144 個節目
2026-06-29 22:42:57.869 | INFO     | __main__:get_tbc_epg:292 - 總計獲取 32158 個節目
2026-06-29 22:43:01.003 | INFO     | __main__:main:361 - EPG 已儲存到 ./output/epg_tbc.xml
2026-06-29 22:43:01.003 | INFO     | __main__:main:363 - ========== 抓取完成 ==========
2026-06-30 03:31:11 | INFO | ==================================================
2026-06-30 03:31:11 | INFO | 開始生成四季線上電子節目單
2026-06-30 03:31:11 | INFO | 輸出目錄: /home/runner/work/EPG/EPG/output
2026-06-30 03:31:11 | SUCCESS | 已更新本地頻道檔案，保存 133 個頻道
2026-06-30 03:31:11 | SUCCESS | 從 API 獲取到 133 個頻道（已跳過 9 個）
2026-06-30 03:31:11 | INFO | 成功加載 133 個頻道
2026-06-30 03:31:29 | INFO | 共獲取 13467 個節目
2026-06-30 03:31:29 | INFO | 電子節目單已生成: /home/runner/work/EPG/EPG/output/4g.xml
2026-06-30 03:31:29 | SUCCESS | EPG 生成完成
2026-06-30 22:41:36.123 | INFO     | __main__:main:350 - ========== 開始抓取 TBC EPG ==========
2026-06-30 22:41:36.124 | INFO     | __main__:get_tbc_epg:246 - 正在獲取TBC EPG
2026-06-30 22:41:39.486 | INFO     | __main__:get_channels_tbc:161 - 成功獲取 233 個頻道
2026-06-30 22:41:39.486 | INFO     | __main__:get_tbc_epg:258 - 正在獲取 2026/07/01 節目表
2026-06-30 22:43:25.857 | INFO     | __main__:get_tbc_epg:258 - 正在獲取 2026/07/02 節目表
2026-06-30 22:45:06.835 | INFO     | __main__:get_tbc_epg:258 - 正在獲取 2026/07/03 節目表
2026-06-30 22:46:53.939 | INFO     | __main__:get_tbc_epg:258 - 正在獲取 2026/07/04 節目表
2026-06-30 22:48:36.848 | INFO     | __main__:get_tbc_epg:258 - 正在獲取 2026/07/05 節目表
2026-06-30 22:50:21.335 | INFO     | __main__:get_tbc_epg:258 - 正在獲取 2026/07/06 節目表
2026-06-30 22:52:00.363 | INFO     | __main__:get_tbc_epg:291 - 頻道 南桃園節目總表 獲取 144 個節目
2026-06-30 22:52:00.363 | INFO     | __main__:get_tbc_epg:291 - 頻道 南桃園公用頻道 獲取 192 個節目
2026-06-30 22:52:00.363 | INFO     | __main__:get_tbc_epg:291 - 頻道 CNN 獲取 175 個節目
2026-06-30 22:52:00.363 | INFO     | __main__:get_tbc_epg:291 - 頻道 民視無線台 獲取 205 個節目
2026-06-30 22:52:00.363 | INFO     | __main__:get_tbc_epg:291 - 頻道 TBC桃園生活台 獲取 240 個節目
2026-06-30 22:52:00.363 | INFO     | __main__:get_tbc_epg:291 - 頻道 台視 獲取 155 個節目
2026-06-30 22:52:00.363 | INFO     | __main__:get_tbc_epg:291 - 頻道 大愛電視台 獲取 376 個節目
2026-06-30 22:52:00.364 | INFO     | __main__:get_tbc_epg:291 - 頻道 中視 獲取 150 個節目
2026-06-30 22:52:00.364 | INFO     | __main__:get_tbc_epg:291 - 頻道 人間衛視 獲取 180 個節目
2026-06-30 22:52:00.364 | INFO     | __main__:get_tbc_epg:291 - 頻道 華視 獲取 147 個節目
2026-06-30 22:52:00.364 | INFO     | __main__:get_tbc_epg:291 - 頻道 公共電視 獲取 211 個節目
2026-06-30 22:52:00.364 | INFO     | __main__:get_tbc_epg:291 - 頻道 公視台語台 獲取 156 個節目
2026-06-30 22:52:00.364 | INFO     | __main__:get_tbc_epg:291 - 頻道 好消息頻道 獲取 274 個節目
2026-06-30 22:52:00.364 | INFO     | __main__:get_tbc_epg:291 - 頻道 原住民頻道 獲取 172 個節目
2026-06-30 22:52:00.364 | INFO     | __main__:get_tbc_epg:291 - 頻道 客家電視台 獲取 224 個節目
2026-06-30 22:52:00.364 | INFO     | __main__:get_tbc_epg:291 - 頻道 BBC Earth 獲取 157 個節目
2026-06-30 22:52:00.364 | INFO     | __main__:get_tbc_epg:291 - 頻道 Discovery 獲取 198 個節目
2026-06-30 22:52:00.364 | INFO     | __main__:get_tbc_epg:291 - 頻道 TLC旅遊生活頻道 獲取 177 個節目
2026-06-30 22:52:00.364 | INFO     | __main__:get_tbc_epg:291 - 頻道 動物星球 獲取 171 個節目
2026-06-30 22:52:00.365 | INFO     | __main__:get_tbc_epg:291 - 頻道 卡通頻道 獲取 204 個節目
2026-06-30 22:52:00.365 | INFO     | __main__:get_tbc_epg:291 - 頻道 小尼克頻道 獲取 494 個節目
2026-06-30 22:52:00.365 | INFO     | __main__:get_tbc_epg:291 - 頻道 MOMO親子台 獲取 208 個節目
2026-06-30 22:52:00.365 | INFO     | __main__:get_tbc_epg:291 - 頻道 東森幼幼台 獲取 369 個節目
2026-06-30 22:52:00.365 | INFO     | __main__:get_tbc_epg:291 - 頻道 緯來綜合台 獲取 141 個節目
2026-06-30 22:52:00.365 | INFO     | __main__:get_tbc_epg:291 - 頻道 八大第一台 獲取 141 個節目
2026-06-30 22:52:00.365 | INFO     | __main__:get_tbc_epg:291 - 頻道 八大綜合台 獲取 154 個節目
2026-06-30 22:52:00.365 | INFO     | __main__:get_tbc_epg:291 - 頻道 三立台灣台 獲取 132 個節目
2026-06-30 22:52:00.365 | INFO     | __main__:get_tbc_epg:291 - 頻道 三立都會台 獲取 136 個節目
2026-06-30 22:52:00.365 | INFO     | __main__:get_tbc_epg:291 - 頻道 華藝中文台 獲取 164 個節目
2026-06-30 22:52:00.365 | INFO     | __main__:get_tbc_epg:291 - 頻道 東森綜合台 獲取 134 個節目
2026-06-30 22:52:00.365 | INFO     | __main__:get_tbc_epg:291 - 頻道 東森超視 獲取 136 個節目
2026-06-30 22:52:00.365 | INFO     | __main__:get_tbc_epg:291 - 頻道 東森購物2台 獲取 144 個節目
2026-06-30 22:52:00.365 | INFO     | __main__:get_tbc_epg:291 - 頻道 MOMO 2台 獲取 144 個節目
2026-06-30 22:52:00.366 | INFO     | __main__:get_tbc_epg:291 - 頻道 中天綜合台 獲取 115 個節目
2026-06-30 22:52:00.366 | INFO     | __main__:get_tbc_epg:291 - 頻道 東風衛視 獲取 152 個節目
2026-06-30 22:52:00.366 | INFO     | __main__:get_tbc_epg:291 - 頻道 年代MUCH TV 獲取 176 個節目
2026-06-30 22:52:00.366 | INFO     | __main__:get_tbc_epg:291 - 頻道 中天娛樂台 獲取 133 個節目
2026-06-30 22:52:00.366 | INFO     | __main__:get_tbc_epg:291 - 頻道 東森戲劇台 獲取 139 個節目
2026-06-30 22:52:00.366 | INFO     | __main__:get_tbc_epg:291 - 頻道 八大戲劇台 獲取 144 個節目
2026-06-30 22:52:00.366 | INFO     | __main__:get_tbc_epg:291 - 頻道 TVBS歡樂台 獲取 144 個節目
2026-06-30 22:52:00.366 | INFO     | __main__:get_tbc_epg:291 - 頻道 緯來戲劇台 獲取 140 個節目
2026-06-30 22:52:00.366 | INFO     | __main__:get_tbc_epg:291 - 頻道 高點電視台 獲取 144 個節目
2026-06-30 22:52:00.366 | INFO     | __main__:get_tbc_epg:291 - 頻道 JET綜合台 獲取 139 個節目
2026-06-30 22:52:00.366 | INFO     | __main__:get_tbc_epg:291 - 頻道 東森購物3台 獲取 144 個節目
2026-06-30 22:52:00.366 | INFO     | __main__:get_tbc_epg:291 - 頻道 東森購物1台 獲取 144 個節目
2026-06-30 22:52:00.366 | INFO     | __main__:get_tbc_epg:291 - 頻道 MOMO 1台 獲取 144 個節目
2026-06-30 22:52:00.367 | INFO     | __main__:get_tbc_epg:291 - 頻道 壹電視新聞台 獲取 113 個節目
2026-06-30 22:52:00.367 | INFO     | __main__:get_tbc_epg:291 - 頻道 年代新聞台 獲取 116 個節目
2026-06-30 22:52:00.367 | INFO     | __main__:get_tbc_epg:291 - 頻道 東森新聞台 獲取 121 個節目
2026-06-30 22:52:00.367 | INFO     | __main__:get_tbc_epg:291 - 頻道 民視新聞台 獲取 142 個節目
2026-06-30 22:52:00.367 | INFO     | __main__:get_tbc_epg:291 - 頻道 三立新聞台 獲取 138 個節目
2026-06-30 22:52:00.367 | INFO     | __main__:get_tbc_epg:291 - 頻道 TVBS 新聞台 獲取 114 個節目
2026-06-30 22:52:00.367 | INFO     | __main__:get_tbc_epg:291 - 頻道 TVBS 獲取 118 個節目
2026-06-30 22:52:00.367 | INFO     | __main__:get_tbc_epg:291 - 頻道 東森財經新聞台 獲取 138 個節目
2026-06-30 22:52:00.367 | INFO     | __main__:get_tbc_epg:291 - 頻道 非凡新聞台 獲取 149 個節目
2026-06-30 22:52:00.367 | INFO     | __main__:get_tbc_epg:291 - 頻道 ViVa1台 獲取 144 個節目
2026-06-30 22:52:00.367 | INFO     | __main__:get_tbc_epg:291 - 頻道 東森購物5台 獲取 144 個節目
2026-06-30 22:52:00.367 | INFO     | __main__:get_tbc_epg:291 - 頻道 CATCHPLAY電影台 獲取 128 個節目
2026-06-30 22:52:00.367 | INFO     | __main__:get_tbc_epg:291 - 頻道 東森電影台 獲取 103 個節目
2026-06-30 22:52:00.368 | INFO     | __main__:get_tbc_epg:291 - 頻道 緯來電影台 獲取 82 個節目
2026-06-30 22:52:00.368 | INFO     | __main__:get_tbc_epg:291 - 頻道 LS Time電影台 獲取 66 個節目
2026-06-30 22:52:00.368 | INFO     | __main__:get_tbc_epg:291 - 頻道 HBO 獲取 88 個節目
2026-06-30 22:52:00.368 | INFO     | __main__:get_tbc_epg:291 - 頻道 東森洋片台 獲取 83 個節目
2026-06-30 22:52:00.368 | INFO     | __main__:get_tbc_epg:291 - 頻道 AXN 獲取 125 個節目
2026-06-30 22:52:00.368 | INFO     | __main__:get_tbc_epg:291 - 頻道 好萊塢電影台 獲取 77 個節目
2026-06-30 22:52:00.368 | INFO     | __main__:get_tbc_epg:291 - 頻道 amc電影台 獲取 104 個節目
2026-06-30 22:52:00.368 | INFO     | __main__:get_tbc_epg:291 - 頻道 緯來育樂台 獲取 129 個節目
2026-06-30 22:52:00.368 | INFO     | __main__:get_tbc_epg:291 - 頻道 CINEMAX 獲取 89 個節目
2026-06-30 22:52:00.368 | INFO     | __main__:get_tbc_epg:291 - 頻道 緯來體育台 獲取 108 個節目
2026-06-30 22:52:00.368 | INFO     | __main__:get_tbc_epg:291 - 頻道 DAZN 1 獲取 88 個節目
2026-06-30 22:52:00.368 | INFO     | __main__:get_tbc_epg:291 - 頻道 DAZN 2 獲取 83 個節目
2026-06-30 22:52:00.368 | INFO     | __main__:get_tbc_epg:291 - 頻道 MOMO綜合台 獲取 110 個節目
2026-06-30 22:52:00.368 | INFO     | __main__:get_tbc_epg:291 - 頻道 緯來日本台 獲取 127 個節目
2026-06-30 22:52:00.368 | INFO     | __main__:get_tbc_epg:291 - 頻道 國興衛視 獲取 192 個節目
2026-06-30 22:52:00.368 | INFO     | __main__:get_tbc_epg:291 - 頻道 BBC Lifestyle 獲取 180 個節目
2026-06-30 22:52:00.369 | INFO     | __main__:get_tbc_epg:291 - 頻道 靖天資訊台 獲取 159 個節目
2026-06-30 22:52:00.369 | INFO     | __main__:get_tbc_epg:291 - 頻道 信吉電視台 獲取 71 個節目
2026-06-30 22:52:00.369 | INFO     | __main__:get_tbc_epg:291 - 頻道 信大電視台 獲取 72 個節目
2026-06-30 22:52:00.369 | INFO     | __main__:get_tbc_epg:291 - 頻道 中台灣生活網頻道 獲取 288 個節目
2026-06-30 22:52:00.369 | INFO     | __main__:get_tbc_epg:291 - 頻道 TBC台中生活台 獲取 288 個節目
2026-06-30 22:52:00.369 | INFO     | __main__:get_tbc_epg:291 - 頻道 鏡電視新聞台 獲取 144 個節目
2026-06-30 22:52:00.369 | INFO     | __main__:get_tbc_epg:291 - 頻道 台灣藝術台 獲取 90 個節目
2026-06-30 22:52:00.369 | INFO     | __main__:get_tbc_epg:291 - 頻道 樂視台 獲取 288 個節目
2026-06-30 22:52:00.369 | INFO     | __main__:get_tbc_epg:291 - 頻道 非凡商業台 獲取 183 個節目
2026-06-30 22:52:00.369 | INFO     | __main__:get_tbc_epg:291 - 頻道 三立財經新聞台 獲取 139 個節目
2026-06-30 22:52:00.369 | INFO     | __main__:get_tbc_epg:291 - 頻道 冠軍電視台 獲取 78 個節目
2026-06-30 22:52:00.369 | INFO     | __main__:get_tbc_epg:291 - 頻道 運通財經綜合台 獲取 288 個節目
2026-06-30 22:52:00.370 | INFO     | __main__:get_tbc_epg:291 - 頻道 SBN全球財經台 獲取 288 個節目
2026-06-30 22:52:00.370 | INFO     | __main__:get_tbc_epg:291 - 頻道 誠心電視台 獲取 72 個節目
2026-06-30 22:52:00.370 | INFO     | __main__:get_tbc_epg:291 - 頻道 NHK 獲取 419 個節目
2026-06-30 22:52:00.370 | INFO     | __main__:get_tbc_epg:291 - 頻道 MTV 獲取 156 個節目
2026-06-30 22:52:00.370 | INFO     | __main__:get_tbc_epg:291 - 頻道 Animax 獲取 287 個節目
2026-06-30 22:52:00.370 | INFO     | __main__:get_tbc_epg:291 - 頻道 霹靂台灣台 獲取 139 個節目
2026-06-30 22:52:00.370 | INFO     | __main__:get_tbc_epg:291 - 頻道 海豚綜合台 獲取 102 個節目
2026-06-30 22:52:00.370 | INFO     | __main__:get_tbc_epg:291 - 頻道 八大娛樂台 獲取 141 個節目
2026-06-30 22:52:00.370 | INFO     | __main__:get_tbc_epg:291 - 頻道 十方法界 獲取 249 個節目
2026-06-30 22:52:00.370 | INFO     | __main__:get_tbc_epg:291 - 頻道 壹電視電影台 獲取 90 個節目
2026-06-30 22:52:00.370 | INFO     | __main__:get_tbc_epg:291 - 頻道 華藏衛視  獲取 167 個節目
2026-06-30 22:52:00.370 | INFO     | __main__:get_tbc_epg:291 - 頻道 壹電視資訊綜合台 獲取 161 個節目
2026-06-30 22:52:00.370 | INFO     | __main__:get_tbc_epg:291 - 頻道 佛衛慈悲台 獲取 185 個節目
2026-06-30 22:52:00.370 | INFO     | __main__:get_tbc_epg:291 - 頻道 紅豆電視台 獲取 84 個節目
2026-06-30 22:52:00.371 | INFO     | __main__:get_tbc_epg:291 - 頻道 全大電視台 獲取 72 個節目
2026-06-30 22:52:00.371 | INFO     | __main__:get_tbc_epg:291 - 頻道 華藝台灣台 獲取 66 個節目
2026-06-30 22:52:00.371 | INFO     | __main__:get_tbc_epg:291 - 頻道 正德電視台 獲取 144 個節目
2026-06-30 22:52:00.371 | INFO     | __main__:get_tbc_epg:291 - 頻道 天良綜合台 獲取 60 個節目
2026-06-30 22:52:00.371 | INFO     | __main__:get_tbc_epg:291 - 頻道 番薯衛星電視台 獲取 24 個節目
2026-06-30 22:52:00.371 | INFO     | __main__:get_tbc_epg:291 - 頻道 富立電視台 獲取 72 個節目
2026-06-30 22:52:00.371 | INFO     | __main__:get_tbc_epg:291 - 頻道 Z頻道 獲取 144 個節目
2026-06-30 22:52:00.371 | INFO     | __main__:get_tbc_epg:291 - 頻道 冠軍夢想台 獲取 71 個節目
2026-06-30 22:52:00.371 | INFO     | __main__:get_tbc_epg:291 - 頻道 新天地民俗台 獲取 144 個節目
2026-06-30 22:52:00.371 | INFO     | __main__:get_tbc_epg:291 - 頻道 三聖電視台 獲取 144 個節目
2026-06-30 22:52:00.371 | INFO     | __main__:get_tbc_epg:291 - 頻道 威達超舜生活台 獲取 90 個節目
2026-06-30 22:52:00.371 | INFO     | __main__:get_tbc_epg:291 - 頻道 天美麗電視台 獲取 48 個節目
2026-06-30 22:52:00.371 | INFO     | __main__:get_tbc_epg:291 - 頻道 大立電視台 獲取 72 個節目
2026-06-30 22:52:00.371 | INFO     | __main__:get_tbc_epg:291 - 頻道 小公視 獲取 247 個節目
2026-06-30 22:52:00.371 | INFO     | __main__:get_tbc_epg:291 - 頻道 華視教育體育文化台 獲取 259 個節目
2026-06-30 22:52:00.371 | INFO     | __main__:get_tbc_epg:291 - 頻道 國會頻道1台 獲取 72 個節目
2026-06-30 22:52:00.371 | INFO     | __main__:get_tbc_epg:291 - 頻道 國會頻道2台 獲取 72 個節目
2026-06-30 22:52:00.372 | INFO     | __main__:get_tbc_epg:291 - 頻道 幸福空間居家台 獲取 146 個節目
2026-06-30 22:52:00.372 | INFO     | __main__:get_tbc_epg:291 - 頻道 高點育樂台 獲取 148 個節目
2026-06-30 22:52:00.372 | INFO     | __main__:get_tbc_epg:291 - 頻道 台灣綜合台 獲取 144 個節目
2026-06-30 22:52:00.372 | INFO     | __main__:get_tbc_epg:291 - 頻道 大台中生活頻道 獲取 147 個節目
2026-06-30 22:52:00.372 | INFO     | __main__:get_tbc_epg:291 - 頻道 彰化生活台 獲取 144 個節目
2026-06-30 22:52:00.372 | INFO     | __main__:get_tbc_epg:291 - 頻道 唯心電視台 獲取 228 個節目
2026-06-30 22:52:00.372 | INFO     | __main__:get_tbc_epg:291 - 頻道 美麗人生購物台 獲取 144 個節目
2026-06-30 22:52:00.372 | INFO     | __main__:get_tbc_epg:291 - 頻道 大愛二台  獲取 288 個節目
2026-06-30 22:52:00.372 | INFO     | __main__:get_tbc_epg:291 - 頻道 靖天映畫 獲取 78 個節目
2026-06-30 22:52:00.372 | INFO     | __main__:get_tbc_epg:291 - 頻道 靖洋戲劇台 獲取 152 個節目
2026-06-30 22:52:00.372 | INFO     | __main__:get_tbc_epg:291 - 頻道 ROCK Action 獲取 83 個節目
2026-06-30 22:52:00.372 | INFO     | __main__:get_tbc_epg:291 - 頻道 Global Trekker 探索世界  獲取 217 個節目
2026-06-30 22:52:00.372 | INFO     | __main__:get_tbc_epg:291 - 頻道 靖天綜合台 獲取 144 個節目
2026-06-30 22:52:00.372 | INFO     | __main__:get_tbc_epg:291 - 頻道 寶島文化台 獲取 144 個節目
2026-06-30 22:52:00.373 | INFO     | __main__:get_tbc_epg:291 - 頻道 TaiwanPlus 獲取 347 個節目
2026-06-30 22:52:00.373 | INFO     | __main__:get_tbc_epg:291 - 頻道 BBC News 獲取 305 個節目
2026-06-30 22:52:00.373 | INFO     | __main__:get_tbc_epg:291 - 頻道 民視第一台 獲取 198 個節目
2026-06-30 22:52:00.373 | INFO     | __main__:get_tbc_epg:291 - 頻道 民視台灣台 獲取 173 個節目
2026-06-30 22:52:00.373 | INFO     | __main__:get_tbc_epg:291 - 頻道 中視新聞台 獲取 144 個節目
2026-06-30 22:52:00.373 | INFO     | __main__:get_tbc_epg:291 - 頻道 台視新聞台 獲取 154 個節目
2026-06-30 22:52:00.373 | INFO     | __main__:get_tbc_epg:291 - 頻道 台視財經台 獲取 133 個節目
2026-06-30 22:52:00.373 | INFO     | __main__:get_tbc_epg:291 - 頻道 台視綜合台 獲取 144 個節目
2026-06-30 22:52:00.373 | INFO     | __main__:get_tbc_epg:291 - 頻道 彭博財經台 獲取 147 個節目
2026-06-30 22:52:00.373 | INFO     | __main__:get_tbc_epg:291 - 頻道 Channel NewsAsia 獲取 188 個節目
2026-06-30 22:52:00.373 | INFO     | __main__:get_tbc_epg:291 - 頻道 韓國阿里郎 獲取 315 個節目
2026-06-30 22:52:00.373 | INFO     | __main__:get_tbc_epg:291 - 頻道 DREAMWORKS 獲取 354 個節目
2026-06-30 22:52:00.373 | INFO     | __main__:get_tbc_epg:291 - 頻道 Warner TV 獲取 241 個節目
2026-06-30 22:52:00.373 | INFO     | __main__:get_tbc_epg:291 - 頻道 靖天電影台 獲取 85 個節目
2026-06-30 22:52:00.373 | INFO     | __main__:get_tbc_epg:291 - 頻道 CinemaWorld 獲取 90 個節目
2026-06-30 22:52:00.374 | INFO     | __main__:get_tbc_epg:291 - 頻道 HBO HD 獲取 183 個節目
2026-06-30 22:52:00.374 | INFO     | __main__:get_tbc_epg:291 - 頻道 HBO 強檔鉅獻 獲取 93 個節目
2026-06-30 22:52:00.374 | INFO     | __main__:get_tbc_epg:291 - 頻道 HBO 原創鉅獻 獲取 100 個節目
2026-06-30 22:52:00.374 | INFO     | __main__:get_tbc_epg:291 - 頻道 HBO 溫馨家庭 獲取 283 個節目
2026-06-30 22:52:00.374 | INFO     | __main__:get_tbc_epg:291 - 頻道 靖天日本台 獲取 226 個節目
2026-06-30 22:52:00.374 | INFO     | __main__:get_tbc_epg:291 - 頻道 EVE 獲取 247 個節目
2026-06-30 22:52:00.374 | INFO     | __main__:get_tbc_epg:291 - 頻道 tvN 獲取 105 個節目
2026-06-30 22:52:00.374 | INFO     | __main__:get_tbc_epg:291 - 頻道 靖天歡樂台 獲取 148 個節目
2026-06-30 22:52:00.374 | INFO     | __main__:get_tbc_epg:291 - 頻道 HITS 獲取 174 個節目
2026-06-30 22:52:00.374 | INFO     | __main__:get_tbc_epg:291 - 頻道 韓國娛樂台KMTV 獲取 230 個節目
2026-06-30 22:52:00.374 | INFO     | __main__:get_tbc_epg:291 - 頻道 靖天育樂台 獲取 166 個節目
2026-06-30 22:52:00.374 | INFO     | __main__:get_tbc_epg:291 - 頻道 Lifetime 獲取 156 個節目
2026-06-30 22:52:00.374 | INFO     | __main__:get_tbc_epg:291 - 頻道 罪案偵緝頻道 獲取 180 個節目
2026-06-30 22:52:00.374 | INFO     | __main__:get_tbc_epg:291 - 頻道 寵物頻道 獲取 161 個節目
2026-06-30 22:52:00.374 | INFO     | __main__:get_tbc_epg:291 - 頻道 歷史頻道 獲取 161 個節目
2026-06-30 22:52:00.375 | INFO     | __main__:get_tbc_epg:291 - 頻道 Discovery Asia 獲取 210 個節目
2026-06-30 22:52:00.375 | INFO     | __main__:get_tbc_epg:291 - 頻道 Discovery科學頻道 獲取 243 個節目
2026-06-30 22:52:00.375 | INFO     | __main__:get_tbc_epg:291 - 頻道 DMAX 獲取 217 個節目
2026-06-30 22:52:00.375 | INFO     | __main__:get_tbc_epg:291 - 頻道 寰宇新聞台灣台 獲取 150 個節目
2026-06-30 22:52:00.375 | INFO     | __main__:get_tbc_epg:291 - 頻道 亞洲旅遊台 獲取 144 個節目
2026-06-30 22:52:00.375 | INFO     | __main__:get_tbc_epg:291 - 頻道 梅迪奇藝術 獲取 102 個節目
2026-06-30 22:52:00.375 | INFO     | __main__:get_tbc_epg:291 - 頻道 博斯運動二台 獲取 53 個節目
2026-06-30 22:52:00.375 | INFO     | __main__:get_tbc_epg:291 - 頻道 博斯網球台 獲取 17 個節目
2026-06-30 22:52:00.375 | INFO     | __main__:get_tbc_epg:291 - 頻道 博斯無限台 獲取 55 個節目
2026-06-30 22:52:00.375 | INFO     | __main__:get_tbc_epg:291 - 頻道 博斯高球1台 獲取 49 個節目
2026-06-30 22:52:00.375 | INFO     | __main__:get_tbc_epg:291 - 頻道 博斯高球2台 獲取 43 個節目
2026-06-30 22:52:00.375 | INFO     | __main__:get_tbc_epg:291 - 頻道 博斯魅力網 獲取 52 個節目
2026-06-30 22:52:00.375 | INFO     | __main__:get_tbc_epg:291 - 頻道 博斯運動一台 獲取 35 個節目
2026-06-30 22:52:00.375 | INFO     | __main__:get_tbc_epg:291 - 頻道 博斯無限二台 獲取 76 個節目
2026-06-30 22:52:00.375 | INFO     | __main__:get_tbc_epg:291 - 頻道 尼克兒童頻道 獲取 395 個節目
2026-06-30 22:52:00.376 | INFO     | __main__:get_tbc_epg:291 - 頻道 達文西頻道 獲取 596 個節目
2026-06-30 22:52:00.376 | INFO     | __main__:get_tbc_epg:291 - 頻道 CBeebies 獲取 987 個節目
2026-06-30 22:52:00.376 | INFO     | __main__:get_tbc_epg:291 - 頻道 CARTOONITO 獲取 256 個節目
2026-06-30 22:52:00.376 | INFO     | __main__:get_tbc_epg:291 - 頻道 靖洋卡通台 獲取 288 個節目
2026-06-30 22:52:00.376 | INFO     | __main__:get_tbc_epg:291 - 頻道 靖天卡通台 獲取 250 個節目
2026-06-30 22:52:00.376 | INFO     | __main__:get_tbc_epg:291 - 頻道 LOVE NATURE 4K 獲取 168 個節目
2026-06-30 22:52:00.376 | INFO     | __main__:get_tbc_epg:291 - 頻道 ROCK ENTERTAINMENT 獲取 154 個節目
2026-06-30 22:52:00.376 | INFO     | __main__:get_tbc_epg:291 - 頻道 ROCK EXTREME 獲取 143 個節目
2026-06-30 22:52:00.376 | INFO     | __main__:get_tbc_epg:291 - 頻道 彩虹頻道 獲取 160 個節目
2026-06-30 22:52:00.376 | INFO     | __main__:get_tbc_epg:291 - 頻道 彩虹e台 獲取 58 個節目
2026-06-30 22:52:00.376 | INFO     | __main__:get_tbc_epg:291 - 頻道 彩虹電影台 獲取 59 個節目
2026-06-30 22:52:00.376 | INFO     | __main__:get_tbc_epg:291 - 頻道 K 頻道 獲取 66 個節目
2026-06-30 22:52:00.376 | INFO     | __main__:get_tbc_epg:291 - 頻道 松視1台 獲取 72 個節目
2026-06-30 22:52:00.376 | INFO     | __main__:get_tbc_epg:291 - 頻道 松視2台 獲取 72 個節目
2026-06-30 22:52:00.376 | INFO     | __main__:get_tbc_epg:291 - 頻道 松視3台 獲取 107 個節目
2026-06-30 22:52:00.377 | INFO     | __main__:get_tbc_epg:291 - 頻道 松視4台 獲取 115 個節目
2026-06-30 22:52:00.377 | INFO     | __main__:get_tbc_epg:291 - 頻道 潘朵啦高畫質玩美台 獲取 72 個節目
2026-06-30 22:52:00.377 | INFO     | __main__:get_tbc_epg:291 - 頻道 潘朵啦高畫質粉紅台 獲取 78 個節目
2026-06-30 22:52:00.377 | INFO     | __main__:get_tbc_epg:291 - 頻道 JStar極限台電影頻道 獲取 94 個節目
2026-06-30 22:52:00.377 | INFO     | __main__:get_tbc_epg:291 - 頻道 驚豔成人電影台 獲取 65 個節目
2026-06-30 22:52:00.377 | INFO     | __main__:get_tbc_epg:291 - 頻道 香蕉台 獲取 93 個節目
2026-06-30 22:52:00.377 | INFO     | __main__:get_tbc_epg:291 - 頻道 樂活頻道 獲取 85 個節目
2026-06-30 22:52:00.377 | INFO     | __main__:get_tbc_epg:291 - 頻道 玩家頻道 獲取 144 個節目
2026-06-30 22:52:00.377 | INFO     | __main__:get_tbc_epg:291 - 頻道 Happy 獲取 72 個節目
2026-06-30 22:52:00.377 | INFO     | __main__:get_tbc_epg:291 - 頻道 Hot 獲取 144 個節目
2026-06-30 22:52:00.377 | INFO     | __main__:get_tbc_epg:292 - 總計獲取 32168 個節目
2026-06-30 22:52:03.594 | INFO     | __main__:main:361 - EPG 已儲存到 ./output/epg_tbc.xml
2026-06-30 22:52:03.594 | INFO     | __main__:main:363 - ========== 抓取完成 ==========
2026-07-01 03:39:47 | INFO | ==================================================
2026-07-01 03:39:47 | INFO | 開始生成四季線上電子節目單
2026-07-01 03:39:47 | INFO | 輸出目錄: /home/runner/work/EPG/EPG/output
2026-07-01 03:39:48 | SUCCESS | 已更新本地頻道檔案，保存 133 個頻道
2026-07-01 03:39:48 | SUCCESS | 從 API 獲取到 133 個頻道（已跳過 9 個）
2026-07-01 03:39:48 | INFO | 成功加載 133 個頻道
2026-07-01 03:40:07 | INFO | 共獲取 13419 個節目
2026-07-01 03:40:07 | INFO | 電子節目單已生成: /home/runner/work/EPG/EPG/output/4g.xml
2026-07-01 03:40:07 | SUCCESS | EPG 生成完成
2026-07-01 22:40:55.167 | INFO     | __main__:main:350 - ========== 開始抓取 TBC EPG ==========
2026-07-01 22:40:55.168 | INFO     | __main__:get_tbc_epg:246 - 正在獲取TBC EPG
2026-07-01 22:40:58.801 | INFO     | __main__:get_channels_tbc:161 - 成功獲取 233 個頻道
2026-07-01 22:40:58.801 | INFO     | __main__:get_tbc_epg:258 - 正在獲取 2026/07/02 節目表
2026-07-01 22:42:37.190 | INFO     | __main__:get_tbc_epg:258 - 正在獲取 2026/07/03 節目表
2026-07-01 22:44:14.361 | INFO     | __main__:get_tbc_epg:258 - 正在獲取 2026/07/04 節目表
2026-07-01 22:45:55.713 | INFO     | __main__:get_tbc_epg:258 - 正在獲取 2026/07/05 節目表
2026-07-01 22:47:33.178 | INFO     | __main__:get_tbc_epg:258 - 正在獲取 2026/07/06 節目表
2026-07-01 22:49:13.112 | INFO     | __main__:get_tbc_epg:258 - 正在獲取 2026/07/07 節目表
2026-07-01 22:50:46.977 | INFO     | __main__:get_tbc_epg:291 - 頻道 南桃園節目總表 獲取 144 個節目
2026-07-01 22:50:46.978 | INFO     | __main__:get_tbc_epg:291 - 頻道 南桃園公用頻道 獲取 192 個節目
2026-07-01 22:50:46.978 | INFO     | __main__:get_tbc_epg:291 - 頻道 CNN 獲取 177 個節目
2026-07-01 22:50:46.978 | INFO     | __main__:get_tbc_epg:291 - 頻道 民視無線台 獲取 205 個節目
2026-07-01 22:50:46.978 | INFO     | __main__:get_tbc_epg:291 - 頻道 TBC桃園生活台 獲取 240 個節目
2026-07-01 22:50:46.978 | INFO     | __main__:get_tbc_epg:291 - 頻道 台視 獲取 147 個節目
2026-07-01 22:50:46.978 | INFO     | __main__:get_tbc_epg:291 - 頻道 大愛電視台 獲取 376 個節目
2026-07-01 22:50:46.978 | INFO     | __main__:get_tbc_epg:291 - 頻道 中視 獲取 150 個節目
2026-07-01 22:50:46.978 | INFO     | __main__:get_tbc_epg:291 - 頻道 人間衛視 獲取 180 個節目
2026-07-01 22:50:46.978 | INFO     | __main__:get_tbc_epg:291 - 頻道 華視 獲取 147 個節目
2026-07-01 22:50:46.978 | INFO     | __main__:get_tbc_epg:291 - 頻道 公共電視 獲取 210 個節目
2026-07-01 22:50:46.978 | INFO     | __main__:get_tbc_epg:291 - 頻道 公視台語台 獲取 156 個節目
2026-07-01 22:50:46.978 | INFO     | __main__:get_tbc_epg:291 - 頻道 好消息頻道 獲取 276 個節目
2026-07-01 22:50:46.978 | INFO     | __main__:get_tbc_epg:291 - 頻道 原住民頻道 獲取 172 個節目
2026-07-01 22:50:46.978 | INFO     | __main__:get_tbc_epg:291 - 頻道 客家電視台 獲取 224 個節目
2026-07-01 22:50:46.979 | INFO     | __main__:get_tbc_epg:291 - 頻道 BBC Earth 獲取 156 個節目
2026-07-01 22:50:46.979 | INFO     | __main__:get_tbc_epg:291 - 頻道 Discovery 獲取 201 個節目
2026-07-01 22:50:46.979 | INFO     | __main__:get_tbc_epg:291 - 頻道 TLC旅遊生活頻道 獲取 173 個節目
2026-07-01 22:50:46.979 | INFO     | __main__:get_tbc_epg:291 - 頻道 動物星球 獲取 168 個節目
2026-07-01 22:50:46.979 | INFO     | __main__:get_tbc_epg:291 - 頻道 卡通頻道 獲取 204 個節目
2026-07-01 22:50:46.979 | INFO     | __main__:get_tbc_epg:291 - 頻道 小尼克頻道 獲取 494 個節目
2026-07-01 22:50:46.979 | INFO     | __main__:get_tbc_epg:291 - 頻道 MOMO親子台 獲取 212 個節目
2026-07-01 22:50:46.979 | INFO     | __main__:get_tbc_epg:291 - 頻道 東森幼幼台 獲取 369 個節目
2026-07-01 22:50:46.979 | INFO     | __main__:get_tbc_epg:291 - 頻道 緯來綜合台 獲取 141 個節目
2026-07-01 22:50:46.979 | INFO     | __main__:get_tbc_epg:291 - 頻道 八大第一台 獲取 142 個節目
2026-07-01 22:50:46.979 | INFO     | __main__:get_tbc_epg:291 - 頻道 八大綜合台 獲取 152 個節目
2026-07-01 22:50:46.979 | INFO     | __main__:get_tbc_epg:291 - 頻道 三立台灣台 獲取 132 個節目
2026-07-01 22:50:46.979 | INFO     | __main__:get_tbc_epg:291 - 頻道 三立都會台 獲取 136 個節目
2026-07-01 22:50:46.979 | INFO     | __main__:get_tbc_epg:291 - 頻道 華藝中文台 獲取 164 個節目
2026-07-01 22:50:46.979 | INFO     | __main__:get_tbc_epg:291 - 頻道 東森綜合台 獲取 133 個節目
2026-07-01 22:50:46.979 | INFO     | __main__:get_tbc_epg:291 - 頻道 東森超視 獲取 137 個節目
2026-07-01 22:50:46.979 | INFO     | __main__:get_tbc_epg:291 - 頻道 東森購物2台 獲取 144 個節目
2026-07-01 22:50:46.979 | INFO     | __main__:get_tbc_epg:291 - 頻道 MOMO 2台 獲取 144 個節目
2026-07-01 22:50:46.979 | INFO     | __main__:get_tbc_epg:291 - 頻道 中天綜合台 獲取 115 個節目
2026-07-01 22:50:46.980 | INFO     | __main__:get_tbc_epg:291 - 頻道 東風衛視 獲取 151 個節目
2026-07-01 22:50:46.980 | INFO     | __main__:get_tbc_epg:291 - 頻道 年代MUCH TV 獲取 176 個節目
2026-07-01 22:50:46.980 | INFO     | __main__:get_tbc_epg:291 - 頻道 中天娛樂台 獲取 133 個節目
2026-07-01 22:50:46.980 | INFO     | __main__:get_tbc_epg:291 - 頻道 東森戲劇台 獲取 139 個節目
2026-07-01 22:50:46.980 | INFO     | __main__:get_tbc_epg:291 - 頻道 八大戲劇台 獲取 144 個節目
2026-07-01 22:50:46.980 | INFO     | __main__:get_tbc_epg:291 - 頻道 TVBS歡樂台 獲取 144 個節目
2026-07-01 22:50:46.980 | INFO     | __main__:get_tbc_epg:291 - 頻道 緯來戲劇台 獲取 140 個節目
2026-07-01 22:50:46.980 | INFO     | __main__:get_tbc_epg:291 - 頻道 高點電視台 獲取 144 個節目
2026-07-01 22:50:46.980 | INFO     | __main__:get_tbc_epg:291 - 頻道 JET綜合台 獲取 139 個節目
2026-07-01 22:50:46.980 | INFO     | __main__:get_tbc_epg:291 - 頻道 東森購物3台 獲取 144 個節目
2026-07-01 22:50:46.980 | INFO     | __main__:get_tbc_epg:291 - 頻道 東森購物1台 獲取 144 個節目
2026-07-01 22:50:46.980 | INFO     | __main__:get_tbc_epg:291 - 頻道 MOMO 1台 獲取 144 個節目
2026-07-01 22:50:46.980 | INFO     | __main__:get_tbc_epg:291 - 頻道 壹電視新聞台 獲取 113 個節目
2026-07-01 22:50:46.980 | INFO     | __main__:get_tbc_epg:291 - 頻道 年代新聞台 獲取 116 個節目
2026-07-01 22:50:46.980 | INFO     | __main__:get_tbc_epg:291 - 頻道 東森新聞台 獲取 118 個節目
2026-07-01 22:50:46.980 | INFO     | __main__:get_tbc_epg:291 - 頻道 民視新聞台 獲取 142 個節目
2026-07-01 22:50:46.980 | INFO     | __main__:get_tbc_epg:291 - 頻道 三立新聞台 獲取 138 個節目
2026-07-01 22:50:46.980 | INFO     | __main__:get_tbc_epg:291 - 頻道 TVBS 新聞台 獲取 114 個節目
2026-07-01 22:50:46.980 | INFO     | __main__:get_tbc_epg:291 - 頻道 TVBS 獲取 118 個節目
2026-07-01 22:50:46.980 | INFO     | __main__:get_tbc_epg:291 - 頻道 東森財經新聞台 獲取 138 個節目
2026-07-01 22:50:46.980 | INFO     | __main__:get_tbc_epg:291 - 頻道 非凡新聞台 獲取 148 個節目
2026-07-01 22:50:46.980 | INFO     | __main__:get_tbc_epg:291 - 頻道 ViVa1台 獲取 144 個節目
2026-07-01 22:50:46.980 | INFO     | __main__:get_tbc_epg:291 - 頻道 東森購物5台 獲取 144 個節目
2026-07-01 22:50:46.980 | INFO     | __main__:get_tbc_epg:291 - 頻道 CATCHPLAY電影台 獲取 130 個節目
2026-07-01 22:50:46.980 | INFO     | __main__:get_tbc_epg:291 - 頻道 東森電影台 獲取 103 個節目
2026-07-01 22:50:46.980 | INFO     | __main__:get_tbc_epg:291 - 頻道 緯來電影台 獲取 82 個節目
2026-07-01 22:50:46.980 | INFO     | __main__:get_tbc_epg:291 - 頻道 LS Time電影台 獲取 66 個節目
2026-07-01 22:50:46.980 | INFO     | __main__:get_tbc_epg:291 - 頻道 HBO 獲取 87 個節目
2026-07-01 22:50:46.980 | INFO     | __main__:get_tbc_epg:291 - 頻道 東森洋片台 獲取 82 個節目
2026-07-01 22:50:46.980 | INFO     | __main__:get_tbc_epg:291 - 頻道 AXN 獲取 124 個節目
2026-07-01 22:50:46.980 | INFO     | __main__:get_tbc_epg:291 - 頻道 好萊塢電影台 獲取 77 個節目
2026-07-01 22:50:46.980 | INFO     | __main__:get_tbc_epg:291 - 頻道 amc電影台 獲取 103 個節目
2026-07-01 22:50:46.981 | INFO     | __main__:get_tbc_epg:291 - 頻道 緯來育樂台 獲取 126 個節目
2026-07-01 22:50:46.981 | INFO     | __main__:get_tbc_epg:291 - 頻道 CINEMAX 獲取 88 個節目
2026-07-01 22:50:46.981 | INFO     | __main__:get_tbc_epg:291 - 頻道 緯來體育台 獲取 110 個節目
2026-07-01 22:50:46.981 | INFO     | __main__:get_tbc_epg:291 - 頻道 DAZN 1 獲取 88 個節目
2026-07-01 22:50:46.981 | INFO     | __main__:get_tbc_epg:291 - 頻道 DAZN 2 獲取 83 個節目
2026-07-01 22:50:46.981 | INFO     | __main__:get_tbc_epg:291 - 頻道 MOMO綜合台 獲取 113 個節目
2026-07-01 22:50:46.981 | INFO     | __main__:get_tbc_epg:291 - 頻道 緯來日本台 獲取 128 個節目
2026-07-01 22:50:46.981 | INFO     | __main__:get_tbc_epg:291 - 頻道 國興衛視 獲取 193 個節目
2026-07-01 22:50:46.981 | INFO     | __main__:get_tbc_epg:291 - 頻道 BBC Lifestyle 獲取 183 個節目
2026-07-01 22:50:46.981 | INFO     | __main__:get_tbc_epg:291 - 頻道 靖天資訊台 獲取 159 個節目
2026-07-01 22:50:46.981 | INFO     | __main__:get_tbc_epg:291 - 頻道 信吉電視台 獲取 71 個節目
2026-07-01 22:50:46.981 | INFO     | __main__:get_tbc_epg:291 - 頻道 信大電視台 獲取 72 個節目
2026-07-01 22:50:46.981 | INFO     | __main__:get_tbc_epg:291 - 頻道 中台灣生活網頻道 獲取 288 個節目
2026-07-01 22:50:46.981 | INFO     | __main__:get_tbc_epg:291 - 頻道 TBC台中生活台 獲取 288 個節目
2026-07-01 22:50:46.981 | INFO     | __main__:get_tbc_epg:291 - 頻道 鏡電視新聞台 獲取 143 個節目
2026-07-01 22:50:46.981 | INFO     | __main__:get_tbc_epg:291 - 頻道 台灣藝術台 獲取 90 個節目
2026-07-01 22:50:46.981 | INFO     | __main__:get_tbc_epg:291 - 頻道 樂視台 獲取 288 個節目
2026-07-01 22:50:46.981 | INFO     | __main__:get_tbc_epg:291 - 頻道 非凡商業台 獲取 181 個節目
2026-07-01 22:50:46.981 | INFO     | __main__:get_tbc_epg:291 - 頻道 三立財經新聞台 獲取 139 個節目
2026-07-01 22:50:46.981 | INFO     | __main__:get_tbc_epg:291 - 頻道 冠軍電視台 獲取 78 個節目
2026-07-01 22:50:46.981 | INFO     | __main__:get_tbc_epg:291 - 頻道 運通財經綜合台 獲取 288 個節目
2026-07-01 22:50:46.981 | INFO     | __main__:get_tbc_epg:291 - 頻道 SBN全球財經台 獲取 288 個節目
2026-07-01 22:50:46.981 | INFO     | __main__:get_tbc_epg:291 - 頻道 誠心電視台 獲取 72 個節目
2026-07-01 22:50:46.981 | INFO     | __main__:get_tbc_epg:291 - 頻道 NHK 獲取 419 個節目
2026-07-01 22:50:46.981 | INFO     | __main__:get_tbc_epg:291 - 頻道 MTV 獲取 156 個節目
2026-07-01 22:50:46.982 | INFO     | __main__:get_tbc_epg:291 - 頻道 Animax 獲取 281 個節目
2026-07-01 22:50:46.982 | INFO     | __main__:get_tbc_epg:291 - 頻道 霹靂台灣台 獲取 139 個節目
2026-07-01 22:50:46.982 | INFO     | __main__:get_tbc_epg:291 - 頻道 海豚綜合台 獲取 102 個節目
2026-07-01 22:50:46.982 | INFO     | __main__:get_tbc_epg:291 - 頻道 八大娛樂台 獲取 141 個節目
2026-07-01 22:50:46.982 | INFO     | __main__:get_tbc_epg:291 - 頻道 十方法界 獲取 249 個節目
2026-07-01 22:50:46.982 | INFO     | __main__:get_tbc_epg:291 - 頻道 壹電視電影台 獲取 90 個節目
2026-07-01 22:50:46.982 | INFO     | __main__:get_tbc_epg:291 - 頻道 華藏衛視  獲取 167 個節目
2026-07-01 22:50:46.982 | INFO     | __main__:get_tbc_epg:291 - 頻道 壹電視資訊綜合台 獲取 161 個節目
2026-07-01 22:50:46.982 | INFO     | __main__:get_tbc_epg:291 - 頻道 佛衛慈悲台 獲取 186 個節目
2026-07-01 22:50:46.982 | INFO     | __main__:get_tbc_epg:291 - 頻道 紅豆電視台 獲取 84 個節目
2026-07-01 22:50:46.982 | INFO     | __main__:get_tbc_epg:291 - 頻道 全大電視台 獲取 72 個節目
2026-07-01 22:50:46.982 | INFO     | __main__:get_tbc_epg:291 - 頻道 華藝台灣台 獲取 66 個節目
2026-07-01 22:50:46.982 | INFO     | __main__:get_tbc_epg:291 - 頻道 正德電視台 獲取 144 個節目
2026-07-01 22:50:46.982 | INFO     | __main__:get_tbc_epg:291 - 頻道 天良綜合台 獲取 60 個節目
2026-07-01 22:50:46.982 | INFO     | __main__:get_tbc_epg:291 - 頻道 番薯衛星電視台 獲取 24 個節目
2026-07-01 22:50:46.982 | INFO     | __main__:get_tbc_epg:291 - 頻道 富立電視台 獲取 72 個節目
2026-07-01 22:50:46.982 | INFO     | __main__:get_tbc_epg:291 - 頻道 Z頻道 獲取 144 個節目
2026-07-01 22:50:46.982 | INFO     | __main__:get_tbc_epg:291 - 頻道 冠軍夢想台 獲取 70 個節目
2026-07-01 22:50:46.982 | INFO     | __main__:get_tbc_epg:291 - 頻道 新天地民俗台 獲取 144 個節目
2026-07-01 22:50:46.982 | INFO     | __main__:get_tbc_epg:291 - 頻道 三聖電視台 獲取 144 個節目
2026-07-01 22:50:46.982 | INFO     | __main__:get_tbc_epg:291 - 頻道 威達超舜生活台 獲取 90 個節目
2026-07-01 22:50:46.982 | INFO     | __main__:get_tbc_epg:291 - 頻道 天美麗電視台 獲取 48 個節目
2026-07-01 22:50:46.982 | INFO     | __main__:get_tbc_epg:291 - 頻道 大立電視台 獲取 72 個節目
2026-07-01 22:50:46.982 | INFO     | __main__:get_tbc_epg:291 - 頻道 小公視 獲取 247 個節目
2026-07-01 22:50:46.982 | INFO     | __main__:get_tbc_epg:291 - 頻道 華視教育體育文化台 獲取 257 個節目
2026-07-01 22:50:46.983 | INFO     | __main__:get_tbc_epg:291 - 頻道 國會頻道1台 獲取 72 個節目
2026-07-01 22:50:46.983 | INFO     | __main__:get_tbc_epg:291 - 頻道 國會頻道2台 獲取 72 個節目
2026-07-01 22:50:46.983 | INFO     | __main__:get_tbc_epg:291 - 頻道 幸福空間居家台 獲取 146 個節目
2026-07-01 22:50:46.983 | INFO     | __main__:get_tbc_epg:291 - 頻道 高點育樂台 獲取 148 個節目
2026-07-01 22:50:46.983 | INFO     | __main__:get_tbc_epg:291 - 頻道 台灣綜合台 獲取 144 個節目
2026-07-01 22:50:46.983 | INFO     | __main__:get_tbc_epg:291 - 頻道 大台中生活頻道 獲取 147 個節目
2026-07-01 22:50:46.983 | INFO     | __main__:get_tbc_epg:291 - 頻道 彰化生活台 獲取 144 個節目
2026-07-01 22:50:46.983 | INFO     | __main__:get_tbc_epg:291 - 頻道 唯心電視台 獲取 228 個節目
2026-07-01 22:50:46.983 | INFO     | __main__:get_tbc_epg:291 - 頻道 美麗人生購物台 獲取 144 個節目
2026-07-01 22:50:46.983 | INFO     | __main__:get_tbc_epg:291 - 頻道 大愛二台  獲取 288 個節目
2026-07-01 22:50:46.983 | INFO     | __main__:get_tbc_epg:291 - 頻道 靖天映畫 獲取 78 個節目
2026-07-01 22:50:46.983 | INFO     | __main__:get_tbc_epg:291 - 頻道 靖洋戲劇台 獲取 152 個節目
2026-07-01 22:50:46.983 | INFO     | __main__:get_tbc_epg:291 - 頻道 ROCK Action 獲取 86 個節目
2026-07-01 22:50:46.983 | INFO     | __main__:get_tbc_epg:291 - 頻道 Global Trekker 探索世界  獲取 220 個節目
2026-07-01 22:50:46.983 | INFO     | __main__:get_tbc_epg:291 - 頻道 靖天綜合台 獲取 144 個節目
2026-07-01 22:50:46.983 | INFO     | __main__:get_tbc_epg:291 - 頻道 寶島文化台 獲取 144 個節目
2026-07-01 22:50:46.983 | INFO     | __main__:get_tbc_epg:291 - 頻道 TaiwanPlus 獲取 350 個節目
2026-07-01 22:50:46.983 | INFO     | __main__:get_tbc_epg:291 - 頻道 BBC News 獲取 305 個節目
2026-07-01 22:50:46.983 | INFO     | __main__:get_tbc_epg:291 - 頻道 民視第一台 獲取 197 個節目
2026-07-01 22:50:46.983 | INFO     | __main__:get_tbc_epg:291 - 頻道 民視台灣台 獲取 172 個節目
2026-07-01 22:50:46.983 | INFO     | __main__:get_tbc_epg:291 - 頻道 中視新聞台 獲取 144 個節目
2026-07-01 22:50:46.983 | INFO     | __main__:get_tbc_epg:291 - 頻道 台視新聞台 獲取 152 個節目
2026-07-01 22:50:46.983 | INFO     | __main__:get_tbc_epg:291 - 頻道 台視財經台 獲取 132 個節目
2026-07-01 22:50:46.984 | INFO     | __main__:get_tbc_epg:291 - 頻道 台視綜合台 獲取 144 個節目
2026-07-01 22:50:46.984 | INFO     | __main__:get_tbc_epg:291 - 頻道 彭博財經台 獲取 144 個節目
2026-07-01 22:50:46.984 | INFO     | __main__:get_tbc_epg:291 - 頻道 Channel NewsAsia 獲取 188 個節目
2026-07-01 22:50:46.984 | INFO     | __main__:get_tbc_epg:291 - 頻道 韓國阿里郎 獲取 313 個節目
2026-07-01 22:50:46.984 | INFO     | __main__:get_tbc_epg:291 - 頻道 DREAMWORKS 獲取 353 個節目
2026-07-01 22:50:46.984 | INFO     | __main__:get_tbc_epg:291 - 頻道 Warner TV 獲取 239 個節目
2026-07-01 22:50:46.984 | INFO     | __main__:get_tbc_epg:291 - 頻道 靖天電影台 獲取 84 個節目
2026-07-01 22:50:46.984 | INFO     | __main__:get_tbc_epg:291 - 頻道 CinemaWorld 獲取 90 個節目
2026-07-01 22:50:46.984 | INFO     | __main__:get_tbc_epg:291 - 頻道 HBO HD 獲取 183 個節目
2026-07-01 22:50:46.984 | INFO     | __main__:get_tbc_epg:291 - 頻道 HBO 強檔鉅獻 獲取 94 個節目
2026-07-01 22:50:46.984 | INFO     | __main__:get_tbc_epg:291 - 頻道 HBO 原創鉅獻 獲取 101 個節目
2026-07-01 22:50:46.984 | INFO     | __main__:get_tbc_epg:291 - 頻道 HBO 溫馨家庭 獲取 289 個節目
2026-07-01 22:50:46.984 | INFO     | __main__:get_tbc_epg:291 - 頻道 靖天日本台 獲取 226 個節目
2026-07-01 22:50:46.984 | INFO     | __main__:get_tbc_epg:291 - 頻道 EVE 獲取 247 個節目
2026-07-01 22:50:46.984 | INFO     | __main__:get_tbc_epg:291 - 頻道 tvN 獲取 106 個節目
2026-07-01 22:50:46.984 | INFO     | __main__:get_tbc_epg:291 - 頻道 靖天歡樂台 獲取 148 個節目
2026-07-01 22:50:46.984 | INFO     | __main__:get_tbc_epg:291 - 頻道 HITS 獲取 175 個節目
2026-07-01 22:50:46.984 | INFO     | __main__:get_tbc_epg:291 - 頻道 韓國娛樂台KMTV 獲取 230 個節目
2026-07-01 22:50:46.984 | INFO     | __main__:get_tbc_epg:291 - 頻道 靖天育樂台 獲取 166 個節目
2026-07-01 22:50:46.985 | INFO     | __main__:get_tbc_epg:291 - 頻道 Lifetime 獲取 152 個節目
2026-07-01 22:50:46.985 | INFO     | __main__:get_tbc_epg:291 - 頻道 罪案偵緝頻道 獲取 180 個節目
2026-07-01 22:50:46.985 | INFO     | __main__:get_tbc_epg:291 - 頻道 寵物頻道 獲取 160 個節目
2026-07-01 22:50:46.985 | INFO     | __main__:get_tbc_epg:291 - 頻道 歷史頻道 獲取 166 個節目
2026-07-01 22:50:46.985 | INFO     | __main__:get_tbc_epg:291 - 頻道 Discovery Asia 獲取 211 個節目
2026-07-01 22:50:46.985 | INFO     | __main__:get_tbc_epg:291 - 頻道 Discovery科學頻道 獲取 240 個節目
2026-07-01 22:50:46.985 | INFO     | __main__:get_tbc_epg:291 - 頻道 DMAX 獲取 217 個節目
2026-07-01 22:50:46.985 | INFO     | __main__:get_tbc_epg:291 - 頻道 寰宇新聞台灣台 獲取 150 個節目
2026-07-01 22:50:46.985 | INFO     | __main__:get_tbc_epg:291 - 頻道 亞洲旅遊台 獲取 144 個節目
2026-07-01 22:50:46.985 | INFO     | __main__:get_tbc_epg:291 - 頻道 梅迪奇藝術 獲取 102 個節目
2026-07-01 22:50:46.985 | INFO     | __main__:get_tbc_epg:291 - 頻道 博斯運動二台 獲取 56 個節目
2026-07-01 22:50:46.985 | INFO     | __main__:get_tbc_epg:291 - 頻道 博斯網球台 獲取 25 個節目
2026-07-01 22:50:46.985 | INFO     | __main__:get_tbc_epg:291 - 頻道 博斯無限台 獲取 55 個節目
2026-07-01 22:50:46.985 | INFO     | __main__:get_tbc_epg:291 - 頻道 博斯高球1台 獲取 50 個節目
2026-07-01 22:50:46.985 | INFO     | __main__:get_tbc_epg:291 - 頻道 博斯高球2台 獲取 48 個節目
2026-07-01 22:50:46.985 | INFO     | __main__:get_tbc_epg:291 - 頻道 博斯魅力網 獲取 51 個節目
2026-07-01 22:50:46.985 | INFO     | __main__:get_tbc_epg:291 - 頻道 博斯運動一台 獲取 35 個節目
2026-07-01 22:50:46.985 | INFO     | __main__:get_tbc_epg:291 - 頻道 博斯無限二台 獲取 76 個節目
2026-07-01 22:50:46.986 | INFO     | __main__:get_tbc_epg:291 - 頻道 尼克兒童頻道 獲取 393 個節目
2026-07-01 22:50:46.986 | INFO     | __main__:get_tbc_epg:291 - 頻道 達文西頻道 獲取 594 個節目
2026-07-01 22:50:46.986 | INFO     | __main__:get_tbc_epg:291 - 頻道 CBeebies 獲取 979 個節目
2026-07-01 22:50:46.986 | INFO     | __main__:get_tbc_epg:291 - 頻道 CARTOONITO 獲取 256 個節目
2026-07-01 22:50:46.986 | INFO     | __main__:get_tbc_epg:291 - 頻道 靖洋卡通台 獲取 288 個節目
2026-07-01 22:50:46.986 | INFO     | __main__:get_tbc_epg:291 - 頻道 靖天卡通台 獲取 250 個節目
2026-07-01 22:50:46.986 | INFO     | __main__:get_tbc_epg:291 - 頻道 LOVE NATURE 4K 獲取 168 個節目
2026-07-01 22:50:46.986 | INFO     | __main__:get_tbc_epg:291 - 頻道 ROCK ENTERTAINMENT 獲取 156 個節目
2026-07-01 22:50:46.986 | INFO     | __main__:get_tbc_epg:291 - 頻道 ROCK EXTREME 獲取 142 個節目
2026-07-01 22:50:46.986 | INFO     | __main__:get_tbc_epg:291 - 頻道 彩虹頻道 獲取 156 個節目
2026-07-01 22:50:46.986 | INFO     | __main__:get_tbc_epg:291 - 頻道 彩虹e台 獲取 59 個節目
2026-07-01 22:50:46.986 | INFO     | __main__:get_tbc_epg:291 - 頻道 彩虹電影台 獲取 59 個節目
2026-07-01 22:50:46.986 | INFO     | __main__:get_tbc_epg:291 - 頻道 K 頻道 獲取 67 個節目
2026-07-01 22:50:46.986 | INFO     | __main__:get_tbc_epg:291 - 頻道 松視1台 獲取 72 個節目
2026-07-01 22:50:46.986 | INFO     | __main__:get_tbc_epg:291 - 頻道 松視2台 獲取 72 個節目
2026-07-01 22:50:46.986 | INFO     | __main__:get_tbc_epg:291 - 頻道 松視3台 獲取 105 個節目
2026-07-01 22:50:46.986 | INFO     | __main__:get_tbc_epg:291 - 頻道 松視4台 獲取 117 個節目
2026-07-01 22:50:46.986 | INFO     | __main__:get_tbc_epg:291 - 頻道 潘朵啦高畫質玩美台 獲取 72 個節目
2026-07-01 22:50:46.986 | INFO     | __main__:get_tbc_epg:291 - 頻道 潘朵啦高畫質粉紅台 獲取 78 個節目
2026-07-01 22:50:46.986 | INFO     | __main__:get_tbc_epg:291 - 頻道 JStar極限台電影頻道 獲取 95 個節目
2026-07-01 22:50:46.987 | INFO     | __main__:get_tbc_epg:291 - 頻道 驚豔成人電影台 獲取 65 個節目
2026-07-01 22:50:46.987 | INFO     | __main__:get_tbc_epg:291 - 頻道 香蕉台 獲取 96 個節目
2026-07-01 22:50:46.987 | INFO     | __main__:get_tbc_epg:291 - 頻道 樂活頻道 獲取 68 個節目
2026-07-01 22:50:46.987 | INFO     | __main__:get_tbc_epg:291 - 頻道 玩家頻道 獲取 144 個節目
2026-07-01 22:50:46.987 | INFO     | __main__:get_tbc_epg:291 - 頻道 Happy 獲取 72 個節目
2026-07-01 22:50:46.987 | INFO     | __main__:get_tbc_epg:291 - 頻道 Hot 獲取 144 個節目
2026-07-01 22:50:46.987 | INFO     | __main__:get_tbc_epg:292 - 總計獲取 32142 個節目
2026-07-01 22:50:49.891 | INFO     | __main__:main:361 - EPG 已儲存到 ./output/epg_tbc.xml
2026-07-01 22:50:49.892 | INFO     | __main__:main:363 - ========== 抓取完成 ==========
2026-07-02 03:25:56 | INFO | ==================================================
2026-07-02 03:25:56 | INFO | 開始生成四季線上電子節目單
2026-07-02 03:25:56 | INFO | 輸出目錄: /home/runner/work/EPG/EPG/output
2026-07-02 03:25:57 | SUCCESS | 已更新本地頻道檔案，保存 133 個頻道
2026-07-02 03:25:57 | SUCCESS | 從 API 獲取到 133 個頻道（已跳過 9 個）
2026-07-02 03:25:57 | INFO | 成功加載 133 個頻道
2026-07-02 03:26:12 | INFO | 共獲取 13418 個節目
2026-07-02 03:26:13 | INFO | 電子節目單已生成: /home/runner/work/EPG/EPG/output/4g.xml
2026-07-02 03:26:13 | SUCCESS | EPG 生成完成
2026-07-02 22:19:36.372 | INFO     | __main__:main:350 - ========== 開始抓取 TBC EPG ==========
2026-07-02 22:19:36.372 | INFO     | __main__:get_tbc_epg:246 - 正在獲取TBC EPG
2026-07-02 22:19:39.724 | INFO     | __main__:get_channels_tbc:161 - 成功獲取 233 個頻道
2026-07-02 22:19:39.724 | INFO     | __main__:get_tbc_epg:258 - 正在獲取 2026/07/03 節目表
2026-07-02 22:21:36.789 | INFO     | __main__:get_tbc_epg:258 - 正在獲取 2026/07/04 節目表
2026-07-02 22:23:17.932 | INFO     | __main__:get_tbc_epg:258 - 正在獲取 2026/07/05 節目表
2026-07-02 22:25:03.090 | INFO     | __main__:get_tbc_epg:258 - 正在獲取 2026/07/06 節目表
2026-07-02 22:26:48.971 | INFO     | __main__:get_tbc_epg:258 - 正在獲取 2026/07/07 節目表
2026-07-02 22:28:30.682 | INFO     | __main__:get_tbc_epg:258 - 正在獲取 2026/07/08 節目表
2026-07-02 22:30:08.468 | INFO     | __main__:get_tbc_epg:291 - 頻道 南桃園節目總表 獲取 144 個節目
2026-07-02 22:30:08.468 | INFO     | __main__:get_tbc_epg:291 - 頻道 南桃園公用頻道 獲取 192 個節目
2026-07-02 22:30:08.469 | INFO     | __main__:get_tbc_epg:291 - 頻道 CNN 獲取 177 個節目
2026-07-02 22:30:08.469 | INFO     | __main__:get_tbc_epg:291 - 頻道 民視無線台 獲取 205 個節目
2026-07-02 22:30:08.469 | INFO     | __main__:get_tbc_epg:291 - 頻道 TBC桃園生活台 獲取 240 個節目
2026-07-02 22:30:08.469 | INFO     | __main__:get_tbc_epg:291 - 頻道 台視 獲取 135 個節目
2026-07-02 22:30:08.469 | INFO     | __main__:get_tbc_epg:291 - 頻道 大愛電視台 獲取 376 個節目
2026-07-02 22:30:08.469 | INFO     | __main__:get_tbc_epg:291 - 頻道 中視 獲取 150 個節目
2026-07-02 22:30:08.469 | INFO     | __main__:get_tbc_epg:291 - 頻道 人間衛視 獲取 180 個節目
2026-07-02 22:30:08.469 | INFO     | __main__:get_tbc_epg:291 - 頻道 華視 獲取 146 個節目
2026-07-02 22:30:08.469 | INFO     | __main__:get_tbc_epg:291 - 頻道 公共電視 獲取 210 個節目
2026-07-02 22:30:08.469 | INFO     | __main__:get_tbc_epg:291 - 頻道 公視台語台 獲取 156 個節目
2026-07-02 22:30:08.469 | INFO     | __main__:get_tbc_epg:291 - 頻道 好消息頻道 獲取 278 個節目
2026-07-02 22:30:08.470 | INFO     | __main__:get_tbc_epg:291 - 頻道 原住民頻道 獲取 172 個節目
2026-07-02 22:30:08.470 | INFO     | __main__:get_tbc_epg:291 - 頻道 客家電視台 獲取 226 個節目
2026-07-02 22:30:08.470 | INFO     | __main__:get_tbc_epg:291 - 頻道 BBC Earth 獲取 156 個節目
2026-07-02 22:30:08.470 | INFO     | __main__:get_tbc_epg:291 - 頻道 Discovery 獲取 199 個節目
2026-07-02 22:30:08.470 | INFO     | __main__:get_tbc_epg:291 - 頻道 TLC旅遊生活頻道 獲取 178 個節目
2026-07-02 22:30:08.470 | INFO     | __main__:get_tbc_epg:291 - 頻道 動物星球 獲取 167 個節目
2026-07-02 22:30:08.470 | INFO     | __main__:get_tbc_epg:291 - 頻道 卡通頻道 獲取 204 個節目
2026-07-02 22:30:08.470 | INFO     | __main__:get_tbc_epg:291 - 頻道 小尼克頻道 獲取 494 個節目
2026-07-02 22:30:08.470 | INFO     | __main__:get_tbc_epg:291 - 頻道 MOMO親子台 獲取 218 個節目
2026-07-02 22:30:08.470 | INFO     | __main__:get_tbc_epg:291 - 頻道 東森幼幼台 獲取 369 個節目
2026-07-02 22:30:08.470 | INFO     | __main__:get_tbc_epg:291 - 頻道 緯來綜合台 獲取 141 個節目
2026-07-02 22:30:08.470 | INFO     | __main__:get_tbc_epg:291 - 頻道 八大第一台 獲取 142 個節目
2026-07-02 22:30:08.470 | INFO     | __main__:get_tbc_epg:291 - 頻道 八大綜合台 獲取 162 個節目
2026-07-02 22:30:08.470 | INFO     | __main__:get_tbc_epg:291 - 頻道 三立台灣台 獲取 132 個節目
2026-07-02 22:30:08.470 | INFO     | __main__:get_tbc_epg:291 - 頻道 三立都會台 獲取 136 個節目
2026-07-02 22:30:08.470 | INFO     | __main__:get_tbc_epg:291 - 頻道 華藝中文台 獲取 164 個節目
2026-07-02 22:30:08.470 | INFO     | __main__:get_tbc_epg:291 - 頻道 東森綜合台 獲取 134 個節目
2026-07-02 22:30:08.471 | INFO     | __main__:get_tbc_epg:291 - 頻道 東森超視 獲取 137 個節目
2026-07-02 22:30:08.471 | INFO     | __main__:get_tbc_epg:291 - 頻道 東森購物2台 獲取 144 個節目
2026-07-02 22:30:08.471 | INFO     | __main__:get_tbc_epg:291 - 頻道 MOMO 2台 獲取 144 個節目
2026-07-02 22:30:08.471 | INFO     | __main__:get_tbc_epg:291 - 頻道 中天綜合台 獲取 115 個節目
2026-07-02 22:30:08.471 | INFO     | __main__:get_tbc_epg:291 - 頻道 東風衛視 獲取 150 個節目
2026-07-02 22:30:08.471 | INFO     | __main__:get_tbc_epg:291 - 頻道 年代MUCH TV 獲取 176 個節目
2026-07-02 22:30:08.471 | INFO     | __main__:get_tbc_epg:291 - 頻道 中天娛樂台 獲取 133 個節目
2026-07-02 22:30:08.471 | INFO     | __main__:get_tbc_epg:291 - 頻道 東森戲劇台 獲取 139 個節目
2026-07-02 22:30:08.471 | INFO     | __main__:get_tbc_epg:291 - 頻道 八大戲劇台 獲取 144 個節目
2026-07-02 22:30:08.471 | INFO     | __main__:get_tbc_epg:291 - 頻道 TVBS歡樂台 獲取 144 個節目
2026-07-02 22:30:08.471 | INFO     | __main__:get_tbc_epg:291 - 頻道 緯來戲劇台 獲取 140 個節目
2026-07-02 22:30:08.471 | INFO     | __main__:get_tbc_epg:291 - 頻道 高點電視台 獲取 144 個節目
2026-07-02 22:30:08.471 | INFO     | __main__:get_tbc_epg:291 - 頻道 JET綜合台 獲取 139 個節目
2026-07-02 22:30:08.471 | INFO     | __main__:get_tbc_epg:291 - 頻道 東森購物3台 獲取 144 個節目
2026-07-02 22:30:08.471 | INFO     | __main__:get_tbc_epg:291 - 頻道 東森購物1台 獲取 144 個節目
2026-07-02 22:30:08.471 | INFO     | __main__:get_tbc_epg:291 - 頻道 MOMO 1台 獲取 144 個節目
2026-07-02 22:30:08.471 | INFO     | __main__:get_tbc_epg:291 - 頻道 壹電視新聞台 獲取 113 個節目
2026-07-02 22:30:08.471 | INFO     | __main__:get_tbc_epg:291 - 頻道 年代新聞台 獲取 116 個節目
2026-07-02 22:30:08.471 | INFO     | __main__:get_tbc_epg:291 - 頻道 東森新聞台 獲取 118 個節目
2026-07-02 22:30:08.471 | INFO     | __main__:get_tbc_epg:291 - 頻道 民視新聞台 獲取 142 個節目
2026-07-02 22:30:08.471 | INFO     | __main__:get_tbc_epg:291 - 頻道 三立新聞台 獲取 138 個節目
2026-07-02 22:30:08.471 | INFO     | __main__:get_tbc_epg:291 - 頻道 TVBS 新聞台 獲取 114 個節目
2026-07-02 22:30:08.471 | INFO     | __main__:get_tbc_epg:291 - 頻道 TVBS 獲取 118 個節目
2026-07-02 22:30:08.471 | INFO     | __main__:get_tbc_epg:291 - 頻道 東森財經新聞台 獲取 138 個節目
2026-07-02 22:30:08.472 | INFO     | __main__:get_tbc_epg:291 - 頻道 非凡新聞台 獲取 148 個節目
2026-07-02 22:30:08.472 | INFO     | __main__:get_tbc_epg:291 - 頻道 ViVa1台 獲取 144 個節目
2026-07-02 22:30:08.472 | INFO     | __main__:get_tbc_epg:291 - 頻道 東森購物5台 獲取 144 個節目
2026-07-02 22:30:08.472 | INFO     | __main__:get_tbc_epg:291 - 頻道 CATCHPLAY電影台 獲取 132 個節目
2026-07-02 22:30:08.472 | INFO     | __main__:get_tbc_epg:291 - 頻道 東森電影台 獲取 101 個節目
2026-07-02 22:30:08.472 | INFO     | __main__:get_tbc_epg:291 - 頻道 緯來電影台 獲取 82 個節目
2026-07-02 22:30:08.472 | INFO     | __main__:get_tbc_epg:291 - 頻道 LS Time電影台 獲取 67 個節目
2026-07-02 22:30:08.472 | INFO     | __main__:get_tbc_epg:291 - 頻道 HBO 獲取 87 個節目
2026-07-02 22:30:08.472 | INFO     | __main__:get_tbc_epg:291 - 頻道 東森洋片台 獲取 81 個節目
2026-07-02 22:30:08.472 | INFO     | __main__:get_tbc_epg:291 - 頻道 AXN 獲取 123 個節目
2026-07-02 22:30:08.472 | INFO     | __main__:get_tbc_epg:291 - 頻道 好萊塢電影台 獲取 78 個節目
2026-07-02 22:30:08.472 | INFO     | __main__:get_tbc_epg:291 - 頻道 amc電影台 獲取 103 個節目
2026-07-02 22:30:08.472 | INFO     | __main__:get_tbc_epg:291 - 頻道 緯來育樂台 獲取 127 個節目
2026-07-02 22:30:08.472 | INFO     | __main__:get_tbc_epg:291 - 頻道 CINEMAX 獲取 87 個節目
2026-07-02 22:30:08.472 | INFO     | __main__:get_tbc_epg:291 - 頻道 緯來體育台 獲取 109 個節目
2026-07-02 22:30:08.472 | INFO     | __main__:get_tbc_epg:291 - 頻道 DAZN 1 獲取 89 個節目
2026-07-02 22:30:08.472 | INFO     | __main__:get_tbc_epg:291 - 頻道 DAZN 2 獲取 85 個節目
2026-07-02 22:30:08.472 | INFO     | __main__:get_tbc_epg:291 - 頻道 MOMO綜合台 獲取 113 個節目
2026-07-02 22:30:08.472 | INFO     | __main__:get_tbc_epg:291 - 頻道 緯來日本台 獲取 130 個節目
2026-07-02 22:30:08.472 | INFO     | __main__:get_tbc_epg:291 - 頻道 國興衛視 獲取 193 個節目
2026-07-02 22:30:08.472 | INFO     | __main__:get_tbc_epg:291 - 頻道 BBC Lifestyle 獲取 183 個節目
2026-07-02 22:30:08.472 | INFO     | __main__:get_tbc_epg:291 - 頻道 靖天資訊台 獲取 159 個節目
2026-07-02 22:30:08.472 | INFO     | __main__:get_tbc_epg:291 - 頻道 信吉電視台 獲取 71 個節目
2026-07-02 22:30:08.472 | INFO     | __main__:get_tbc_epg:291 - 頻道 信大電視台 獲取 72 個節目
2026-07-02 22:30:08.472 | INFO     | __main__:get_tbc_epg:291 - 頻道 中台灣生活網頻道 獲取 288 個節目
2026-07-02 22:30:08.472 | INFO     | __main__:get_tbc_epg:291 - 頻道 TBC台中生活台 獲取 288 個節目
2026-07-02 22:30:08.472 | INFO     | __main__:get_tbc_epg:291 - 頻道 鏡電視新聞台 獲取 142 個節目
2026-07-02 22:30:08.473 | INFO     | __main__:get_tbc_epg:291 - 頻道 台灣藝術台 獲取 90 個節目
2026-07-02 22:30:08.473 | INFO     | __main__:get_tbc_epg:291 - 頻道 樂視台 獲取 288 個節目
2026-07-02 22:30:08.473 | INFO     | __main__:get_tbc_epg:291 - 頻道 非凡商業台 獲取 180 個節目
2026-07-02 22:30:08.473 | INFO     | __main__:get_tbc_epg:291 - 頻道 三立財經新聞台 獲取 139 個節目
2026-07-02 22:30:08.473 | INFO     | __main__:get_tbc_epg:291 - 頻道 冠軍電視台 獲取 78 個節目
2026-07-02 22:30:08.473 | INFO     | __main__:get_tbc_epg:291 - 頻道 運通財經綜合台 獲取 288 個節目
2026-07-02 22:30:08.473 | INFO     | __main__:get_tbc_epg:291 - 頻道 SBN全球財經台 獲取 288 個節目
2026-07-02 22:30:08.473 | INFO     | __main__:get_tbc_epg:291 - 頻道 誠心電視台 獲取 72 個節目
2026-07-02 22:30:08.473 | INFO     | __main__:get_tbc_epg:291 - 頻道 NHK 獲取 411 個節目
2026-07-02 22:30:08.473 | INFO     | __main__:get_tbc_epg:291 - 頻道 MTV 獲取 156 個節目
2026-07-02 22:30:08.473 | INFO     | __main__:get_tbc_epg:291 - 頻道 Animax 獲取 276 個節目
2026-07-02 22:30:08.473 | INFO     | __main__:get_tbc_epg:291 - 頻道 霹靂台灣台 獲取 139 個節目
2026-07-02 22:30:08.473 | INFO     | __main__:get_tbc_epg:291 - 頻道 海豚綜合台 獲取 102 個節目
2026-07-02 22:30:08.473 | INFO     | __main__:get_tbc_epg:291 - 頻道 八大娛樂台 獲取 141 個節目
2026-07-02 22:30:08.473 | INFO     | __main__:get_tbc_epg:291 - 頻道 十方法界 獲取 249 個節目
2026-07-02 22:30:08.473 | INFO     | __main__:get_tbc_epg:291 - 頻道 壹電視電影台 獲取 90 個節目
2026-07-02 22:30:08.473 | INFO     | __main__:get_tbc_epg:291 - 頻道 華藏衛視  獲取 167 個節目
2026-07-02 22:30:08.473 | INFO     | __main__:get_tbc_epg:291 - 頻道 壹電視資訊綜合台 獲取 161 個節目
2026-07-02 22:30:08.473 | INFO     | __main__:get_tbc_epg:291 - 頻道 佛衛慈悲台 獲取 186 個節目
2026-07-02 22:30:08.473 | INFO     | __main__:get_tbc_epg:291 - 頻道 紅豆電視台 獲取 84 個節目
2026-07-02 22:30:08.474 | INFO     | __main__:get_tbc_epg:291 - 頻道 全大電視台 獲取 72 個節目
2026-07-02 22:30:08.474 | INFO     | __main__:get_tbc_epg:291 - 頻道 華藝台灣台 獲取 66 個節目
2026-07-02 22:30:08.474 | INFO     | __main__:get_tbc_epg:291 - 頻道 正德電視台 獲取 144 個節目
2026-07-02 22:30:08.474 | INFO     | __main__:get_tbc_epg:291 - 頻道 天良綜合台 獲取 60 個節目
2026-07-02 22:30:08.474 | INFO     | __main__:get_tbc_epg:291 - 頻道 番薯衛星電視台 獲取 24 個節目
2026-07-02 22:30:08.474 | INFO     | __main__:get_tbc_epg:291 - 頻道 富立電視台 獲取 72 個節目
2026-07-02 22:30:08.474 | INFO     | __main__:get_tbc_epg:291 - 頻道 Z頻道 獲取 144 個節目
2026-07-02 22:30:08.474 | INFO     | __main__:get_tbc_epg:291 - 頻道 冠軍夢想台 獲取 69 個節目
2026-07-02 22:30:08.474 | INFO     | __main__:get_tbc_epg:291 - 頻道 新天地民俗台 獲取 144 個節目
2026-07-02 22:30:08.474 | INFO     | __main__:get_tbc_epg:291 - 頻道 三聖電視台 獲取 144 個節目
2026-07-02 22:30:08.474 | INFO     | __main__:get_tbc_epg:291 - 頻道 威達超舜生活台 獲取 90 個節目
2026-07-02 22:30:08.474 | INFO     | __main__:get_tbc_epg:291 - 頻道 天美麗電視台 獲取 48 個節目
2026-07-02 22:30:08.474 | INFO     | __main__:get_tbc_epg:291 - 頻道 大立電視台 獲取 72 個節目
2026-07-02 22:30:08.474 | INFO     | __main__:get_tbc_epg:291 - 頻道 小公視 獲取 247 個節目
2026-07-02 22:30:08.474 | INFO     | __main__:get_tbc_epg:291 - 頻道 華視教育體育文化台 獲取 257 個節目
2026-07-02 22:30:08.474 | INFO     | __main__:get_tbc_epg:291 - 頻道 國會頻道1台 獲取 72 個節目
2026-07-02 22:30:08.475 | INFO     | __main__:get_tbc_epg:291 - 頻道 國會頻道2台 獲取 72 個節目
2026-07-02 22:30:08.475 | INFO     | __main__:get_tbc_epg:291 - 頻道 幸福空間居家台 獲取 146 個節目
2026-07-02 22:30:08.475 | INFO     | __main__:get_tbc_epg:291 - 頻道 高點育樂台 獲取 148 個節目
2026-07-02 22:30:08.475 | INFO     | __main__:get_tbc_epg:291 - 頻道 台灣綜合台 獲取 144 個節目
2026-07-02 22:30:08.475 | INFO     | __main__:get_tbc_epg:291 - 頻道 大台中生活頻道 獲取 150 個節目
2026-07-02 22:30:08.475 | INFO     | __main__:get_tbc_epg:291 - 頻道 彰化生活台 獲取 144 個節目
2026-07-02 22:30:08.475 | INFO     | __main__:get_tbc_epg:291 - 頻道 唯心電視台 獲取 228 個節目
2026-07-02 22:30:08.475 | INFO     | __main__:get_tbc_epg:291 - 頻道 美麗人生購物台 獲取 144 個節目
2026-07-02 22:30:08.475 | INFO     | __main__:get_tbc_epg:291 - 頻道 大愛二台  獲取 288 個節目
2026-07-02 22:30:08.475 | INFO     | __main__:get_tbc_epg:291 - 頻道 靖天映畫 獲取 78 個節目
2026-07-02 22:30:08.475 | INFO     | __main__:get_tbc_epg:291 - 頻道 靖洋戲劇台 獲取 152 個節目
2026-07-02 22:30:08.475 | INFO     | __main__:get_tbc_epg:291 - 頻道 ROCK Action 獲取 87 個節目
2026-07-02 22:30:08.475 | INFO     | __main__:get_tbc_epg:291 - 頻道 Global Trekker 探索世界  獲取 211 個節目
2026-07-02 22:30:08.475 | INFO     | __main__:get_tbc_epg:291 - 頻道 靖天綜合台 獲取 144 個節目
2026-07-02 22:30:08.476 | INFO     | __main__:get_tbc_epg:291 - 頻道 寶島文化台 獲取 144 個節目
2026-07-02 22:30:08.476 | INFO     | __main__:get_tbc_epg:291 - 頻道 TaiwanPlus 獲取 342 個節目
2026-07-02 22:30:08.476 | INFO     | __main__:get_tbc_epg:291 - 頻道 BBC News 獲取 300 個節目
2026-07-02 22:30:08.476 | INFO     | __main__:get_tbc_epg:291 - 頻道 民視第一台 獲取 196 個節目
2026-07-02 22:30:08.476 | INFO     | __main__:get_tbc_epg:291 - 頻道 民視台灣台 獲取 171 個節目
2026-07-02 22:30:08.476 | INFO     | __main__:get_tbc_epg:291 - 頻道 中視新聞台 獲取 144 個節目
2026-07-02 22:30:08.476 | INFO     | __main__:get_tbc_epg:291 - 頻道 台視新聞台 獲取 154 個節目
2026-07-02 22:30:08.476 | INFO     | __main__:get_tbc_epg:291 - 頻道 台視財經台 獲取 130 個節目
2026-07-02 22:30:08.476 | INFO     | __main__:get_tbc_epg:291 - 頻道 台視綜合台 獲取 143 個節目
2026-07-02 22:30:08.476 | INFO     | __main__:get_tbc_epg:291 - 頻道 彭博財經台 獲取 141 個節目
2026-07-02 22:30:08.476 | INFO     | __main__:get_tbc_epg:291 - 頻道 Channel NewsAsia 獲取 186 個節目
2026-07-02 22:30:08.476 | INFO     | __main__:get_tbc_epg:291 - 頻道 韓國阿里郎 獲取 314 個節目
2026-07-02 22:30:08.476 | INFO     | __main__:get_tbc_epg:291 - 頻道 DREAMWORKS 獲取 352 個節目
2026-07-02 22:30:08.476 | INFO     | __main__:get_tbc_epg:291 - 頻道 Warner TV 獲取 238 個節目
2026-07-02 22:30:08.476 | INFO     | __main__:get_tbc_epg:291 - 頻道 靖天電影台 獲取 85 個節目
2026-07-02 22:30:08.477 | INFO     | __main__:get_tbc_epg:291 - 頻道 CinemaWorld 獲取 91 個節目
2026-07-02 22:30:08.477 | INFO     | __main__:get_tbc_epg:291 - 頻道 HBO HD 獲取 182 個節目
2026-07-02 22:30:08.477 | INFO     | __main__:get_tbc_epg:291 - 頻道 HBO 強檔鉅獻 獲取 93 個節目
2026-07-02 22:30:08.477 | INFO     | __main__:get_tbc_epg:291 - 頻道 HBO 原創鉅獻 獲取 100 個節目
2026-07-02 22:30:08.477 | INFO     | __main__:get_tbc_epg:291 - 頻道 HBO 溫馨家庭 獲取 286 個節目
2026-07-02 22:30:08.477 | INFO     | __main__:get_tbc_epg:291 - 頻道 靖天日本台 獲取 226 個節目
2026-07-02 22:30:08.477 | INFO     | __main__:get_tbc_epg:291 - 頻道 EVE 獲取 246 個節目
2026-07-02 22:30:08.477 | INFO     | __main__:get_tbc_epg:291 - 頻道 tvN 獲取 106 個節目
2026-07-02 22:30:08.477 | INFO     | __main__:get_tbc_epg:291 - 頻道 靖天歡樂台 獲取 148 個節目
2026-07-02 22:30:08.477 | INFO     | __main__:get_tbc_epg:291 - 頻道 HITS 獲取 175 個節目
2026-07-02 22:30:08.477 | INFO     | __main__:get_tbc_epg:291 - 頻道 韓國娛樂台KMTV 獲取 230 個節目
2026-07-02 22:30:08.477 | INFO     | __main__:get_tbc_epg:291 - 頻道 靖天育樂台 獲取 166 個節目
2026-07-02 22:30:08.477 | INFO     | __main__:get_tbc_epg:291 - 頻道 Lifetime 獲取 150 個節目
2026-07-02 22:30:08.477 | INFO     | __main__:get_tbc_epg:291 - 頻道 罪案偵緝頻道 獲取 180 個節目
2026-07-02 22:30:08.477 | INFO     | __main__:get_tbc_epg:291 - 頻道 寵物頻道 獲取 161 個節目
2026-07-02 22:30:08.478 | INFO     | __main__:get_tbc_epg:291 - 頻道 歷史頻道 獲取 166 個節目
2026-07-02 22:30:08.478 | INFO     | __main__:get_tbc_epg:291 - 頻道 Discovery Asia 獲取 210 個節目
2026-07-02 22:30:08.478 | INFO     | __main__:get_tbc_epg:291 - 頻道 Discovery科學頻道 獲取 238 個節目
2026-07-02 22:30:08.478 | INFO     | __main__:get_tbc_epg:291 - 頻道 DMAX 獲取 215 個節目
2026-07-02 22:30:08.478 | INFO     | __main__:get_tbc_epg:291 - 頻道 寰宇新聞台灣台 獲取 150 個節目
2026-07-02 22:30:08.478 | INFO     | __main__:get_tbc_epg:291 - 頻道 亞洲旅遊台 獲取 144 個節目
2026-07-02 22:30:08.478 | INFO     | __main__:get_tbc_epg:291 - 頻道 梅迪奇藝術 獲取 102 個節目
2026-07-02 22:30:08.478 | INFO     | __main__:get_tbc_epg:291 - 頻道 博斯運動二台 獲取 59 個節目
2026-07-02 22:30:08.478 | INFO     | __main__:get_tbc_epg:291 - 頻道 博斯網球台 獲取 28 個節目
2026-07-02 22:30:08.478 | INFO     | __main__:get_tbc_epg:291 - 頻道 博斯無限台 獲取 55 個節目
2026-07-02 22:30:08.478 | INFO     | __main__:get_tbc_epg:291 - 頻道 博斯高球1台 獲取 51 個節目
2026-07-02 22:30:08.478 | INFO     | __main__:get_tbc_epg:291 - 頻道 博斯高球2台 獲取 51 個節目
2026-07-02 22:30:08.478 | INFO     | __main__:get_tbc_epg:291 - 頻道 博斯魅力網 獲取 54 個節目
2026-07-02 22:30:08.478 | INFO     | __main__:get_tbc_epg:291 - 頻道 博斯運動一台 獲取 35 個節目
2026-07-02 22:30:08.479 | INFO     | __main__:get_tbc_epg:291 - 頻道 博斯無限二台 獲取 76 個節目
2026-07-02 22:30:08.479 | INFO     | __main__:get_tbc_epg:291 - 頻道 尼克兒童頻道 獲取 392 個節目
2026-07-02 22:30:08.479 | INFO     | __main__:get_tbc_epg:291 - 頻道 達文西頻道 獲取 593 個節目
2026-07-02 22:30:08.479 | INFO     | __main__:get_tbc_epg:291 - 頻道 CBeebies 獲取 977 個節目
2026-07-02 22:30:08.479 | INFO     | __main__:get_tbc_epg:291 - 頻道 CARTOONITO 獲取 256 個節目
2026-07-02 22:30:08.479 | INFO     | __main__:get_tbc_epg:291 - 頻道 靖洋卡通台 獲取 288 個節目
2026-07-02 22:30:08.479 | INFO     | __main__:get_tbc_epg:291 - 頻道 靖天卡通台 獲取 250 個節目
2026-07-02 22:30:08.479 | INFO     | __main__:get_tbc_epg:291 - 頻道 LOVE NATURE 4K 獲取 168 個節目
2026-07-02 22:30:08.479 | INFO     | __main__:get_tbc_epg:291 - 頻道 ROCK ENTERTAINMENT 獲取 157 個節目
2026-07-02 22:30:08.479 | INFO     | __main__:get_tbc_epg:291 - 頻道 ROCK EXTREME 獲取 142 個節目
2026-07-02 22:30:08.479 | INFO     | __main__:get_tbc_epg:291 - 頻道 彩虹頻道 獲取 152 個節目
2026-07-02 22:30:08.479 | INFO     | __main__:get_tbc_epg:291 - 頻道 彩虹e台 獲取 59 個節目
2026-07-02 22:30:08.479 | INFO     | __main__:get_tbc_epg:291 - 頻道 彩虹電影台 獲取 60 個節目
2026-07-02 22:30:08.479 | INFO     | __main__:get_tbc_epg:291 - 頻道 K 頻道 獲取 68 個節目
2026-07-02 22:30:08.479 | INFO     | __main__:get_tbc_epg:291 - 頻道 松視1台 獲取 72 個節目
2026-07-02 22:30:08.480 | INFO     | __main__:get_tbc_epg:291 - 頻道 松視2台 獲取 72 個節目
2026-07-02 22:30:08.480 | INFO     | __main__:get_tbc_epg:291 - 頻道 松視3台 獲取 108 個節目
2026-07-02 22:30:08.480 | INFO     | __main__:get_tbc_epg:291 - 頻道 松視4台 獲取 118 個節目
2026-07-02 22:30:08.480 | INFO     | __main__:get_tbc_epg:291 - 頻道 潘朵啦高畫質玩美台 獲取 72 個節目
2026-07-02 22:30:08.480 | INFO     | __main__:get_tbc_epg:291 - 頻道 潘朵啦高畫質粉紅台 獲取 78 個節目
2026-07-02 22:30:08.480 | INFO     | __main__:get_tbc_epg:291 - 頻道 JStar極限台電影頻道 獲取 93 個節目
2026-07-02 22:30:08.480 | INFO     | __main__:get_tbc_epg:291 - 頻道 驚豔成人電影台 獲取 65 個節目
2026-07-02 22:30:08.480 | INFO     | __main__:get_tbc_epg:291 - 頻道 香蕉台 獲取 102 個節目
2026-07-02 22:30:08.480 | INFO     | __main__:get_tbc_epg:291 - 頻道 樂活頻道 獲取 51 個節目
2026-07-02 22:30:08.480 | INFO     | __main__:get_tbc_epg:291 - 頻道 玩家頻道 獲取 144 個節目
2026-07-02 22:30:08.480 | INFO     | __main__:get_tbc_epg:291 - 頻道 Happy 獲取 72 個節目
2026-07-02 22:30:08.480 | INFO     | __main__:get_tbc_epg:291 - 頻道 Hot 獲取 144 個節目
2026-07-02 22:30:08.480 | INFO     | __main__:get_tbc_epg:292 - 總計獲取 32100 個節目
2026-07-02 22:30:11.416 | INFO     | __main__:main:361 - EPG 已儲存到 ./output/epg_tbc.xml
2026-07-02 22:30:11.416 | INFO     | __main__:main:363 - ========== 抓取完成 ==========
2026-07-03 02:48:27 | INFO | ==================================================
2026-07-03 02:48:27 | INFO | 開始生成四季線上電子節目單
2026-07-03 02:48:27 | INFO | 輸出目錄: /home/runner/work/EPG/EPG/output
2026-07-03 02:48:28 | SUCCESS | 已更新本地頻道檔案，保存 133 個頻道
2026-07-03 02:48:28 | SUCCESS | 從 API 獲取到 133 個頻道（已跳過 9 個）
2026-07-03 02:48:28 | INFO | 成功加載 133 個頻道
2026-07-03 02:48:44 | INFO | 共獲取 13252 個節目
2026-07-03 02:48:44 | INFO | 電子節目單已生成: /home/runner/work/EPG/EPG/output/4g.xml
2026-07-03 02:48:44 | SUCCESS | EPG 生成完成
2026-07-03 22:16:31.850 | INFO     | __main__:main:350 - ========== 開始抓取 TBC EPG ==========
2026-07-03 22:16:31.851 | INFO     | __main__:get_tbc_epg:246 - 正在獲取TBC EPG
2026-07-03 22:16:35.063 | INFO     | __main__:get_channels_tbc:161 - 成功獲取 233 個頻道
2026-07-03 22:16:35.063 | INFO     | __main__:get_tbc_epg:258 - 正在獲取 2026/07/04 節目表
2026-07-03 22:18:22.631 | INFO     | __main__:get_tbc_epg:258 - 正在獲取 2026/07/05 節目表
2026-07-03 22:20:13.002 | INFO     | __main__:get_tbc_epg:258 - 正在獲取 2026/07/06 節目表
2026-07-03 22:22:01.052 | INFO     | __main__:get_tbc_epg:258 - 正在獲取 2026/07/07 節目表
2026-07-03 22:23:48.924 | INFO     | __main__:get_tbc_epg:258 - 正在獲取 2026/07/08 節目表
2026-07-03 22:25:35.259 | INFO     | __main__:get_tbc_epg:258 - 正在獲取 2026/07/09 節目表
2026-07-03 22:27:20.576 | INFO     | __main__:get_tbc_epg:291 - 頻道 南桃園節目總表 獲取 144 個節目
2026-07-03 22:27:20.576 | INFO     | __main__:get_tbc_epg:291 - 頻道 南桃園公用頻道 獲取 192 個節目
2026-07-03 22:27:20.576 | INFO     | __main__:get_tbc_epg:291 - 頻道 CNN 獲取 179 個節目
2026-07-03 22:27:20.576 | INFO     | __main__:get_tbc_epg:291 - 頻道 民視無線台 獲取 205 個節目
2026-07-03 22:27:20.576 | INFO     | __main__:get_tbc_epg:291 - 頻道 TBC桃園生活台 獲取 240 個節目
2026-07-03 22:27:20.576 | INFO     | __main__:get_tbc_epg:291 - 頻道 台視 獲取 126 個節目
2026-07-03 22:27:20.576 | INFO     | __main__:get_tbc_epg:291 - 頻道 大愛電視台 獲取 376 個節目
2026-07-03 22:27:20.576 | INFO     | __main__:get_tbc_epg:291 - 頻道 中視 獲取 150 個節目
2026-07-03 22:27:20.577 | INFO     | __main__:get_tbc_epg:291 - 頻道 人間衛視 獲取 180 個節目
2026-07-03 22:27:20.577 | INFO     | __main__:get_tbc_epg:291 - 頻道 華視 獲取 147 個節目
2026-07-03 22:27:20.577 | INFO     | __main__:get_tbc_epg:291 - 頻道 公共電視 獲取 210 個節目
2026-07-03 22:27:20.577 | INFO     | __main__:get_tbc_epg:291 - 頻道 公視台語台 獲取 156 個節目
2026-07-03 22:27:20.577 | INFO     | __main__:get_tbc_epg:291 - 頻道 好消息頻道 獲取 277 個節目
2026-07-03 22:27:20.577 | INFO     | __main__:get_tbc_epg:291 - 頻道 原住民頻道 獲取 172 個節目
2026-07-03 22:27:20.577 | INFO     | __main__:get_tbc_epg:291 - 頻道 客家電視台 獲取 224 個節目
2026-07-03 22:27:20.577 | INFO     | __main__:get_tbc_epg:291 - 頻道 BBC Earth 獲取 155 個節目
2026-07-03 22:27:20.577 | INFO     | __main__:get_tbc_epg:291 - 頻道 Discovery 獲取 203 個節目
2026-07-03 22:27:20.577 | INFO     | __main__:get_tbc_epg:291 - 頻道 TLC旅遊生活頻道 獲取 176 個節目
2026-07-03 22:27:20.577 | INFO     | __main__:get_tbc_epg:291 - 頻道 動物星球 獲取 167 個節目
2026-07-03 22:27:20.577 | INFO     | __main__:get_tbc_epg:291 - 頻道 卡通頻道 獲取 204 個節目
2026-07-03 22:27:20.577 | INFO     | __main__:get_tbc_epg:291 - 頻道 小尼克頻道 獲取 494 個節目
2026-07-03 22:27:20.577 | INFO     | __main__:get_tbc_epg:291 - 頻道 MOMO親子台 獲取 222 個節目
2026-07-03 22:27:20.578 | INFO     | __main__:get_tbc_epg:291 - 頻道 東森幼幼台 獲取 368 個節目
2026-07-03 22:27:20.578 | INFO     | __main__:get_tbc_epg:291 - 頻道 緯來綜合台 獲取 142 個節目
2026-07-03 22:27:20.578 | INFO     | __main__:get_tbc_epg:291 - 頻道 八大第一台 獲取 141 個節目
2026-07-03 22:27:20.578 | INFO     | __main__:get_tbc_epg:291 - 頻道 八大綜合台 獲取 162 個節目
2026-07-03 22:27:20.578 | INFO     | __main__:get_tbc_epg:291 - 頻道 三立台灣台 獲取 133 個節目
2026-07-03 22:27:20.578 | INFO     | __main__:get_tbc_epg:291 - 頻道 三立都會台 獲取 136 個節目
2026-07-03 22:27:20.578 | INFO     | __main__:get_tbc_epg:291 - 頻道 華藝中文台 獲取 164 個節目
2026-07-03 22:27:20.578 | INFO     | __main__:get_tbc_epg:291 - 頻道 東森綜合台 獲取 135 個節目
2026-07-03 22:27:20.578 | INFO     | __main__:get_tbc_epg:291 - 頻道 東森超視 獲取 134 個節目
2026-07-03 22:27:20.578 | INFO     | __main__:get_tbc_epg:291 - 頻道 東森購物2台 獲取 144 個節目
2026-07-03 22:27:20.578 | INFO     | __main__:get_tbc_epg:291 - 頻道 MOMO 2台 獲取 144 個節目
2026-07-03 22:27:20.578 | INFO     | __main__:get_tbc_epg:291 - 頻道 中天綜合台 獲取 115 個節目
2026-07-03 22:27:20.578 | INFO     | __main__:get_tbc_epg:291 - 頻道 東風衛視 獲取 149 個節目
2026-07-03 22:27:20.578 | INFO     | __main__:get_tbc_epg:291 - 頻道 年代MUCH TV 獲取 176 個節目
2026-07-03 22:27:20.579 | INFO     | __main__:get_tbc_epg:291 - 頻道 中天娛樂台 獲取 133 個節目
2026-07-03 22:27:20.579 | INFO     | __main__:get_tbc_epg:291 - 頻道 東森戲劇台 獲取 139 個節目
2026-07-03 22:27:20.579 | INFO     | __main__:get_tbc_epg:291 - 頻道 八大戲劇台 獲取 144 個節目
2026-07-03 22:27:20.579 | INFO     | __main__:get_tbc_epg:291 - 頻道 TVBS歡樂台 獲取 144 個節目
2026-07-03 22:27:20.579 | INFO     | __main__:get_tbc_epg:291 - 頻道 緯來戲劇台 獲取 140 個節目
2026-07-03 22:27:20.579 | INFO     | __main__:get_tbc_epg:291 - 頻道 高點電視台 獲取 144 個節目
2026-07-03 22:27:20.579 | INFO     | __main__:get_tbc_epg:291 - 頻道 JET綜合台 獲取 139 個節目
2026-07-03 22:27:20.579 | INFO     | __main__:get_tbc_epg:291 - 頻道 東森購物3台 獲取 144 個節目
2026-07-03 22:27:20.579 | INFO     | __main__:get_tbc_epg:291 - 頻道 東森購物1台 獲取 144 個節目
2026-07-03 22:27:20.579 | INFO     | __main__:get_tbc_epg:291 - 頻道 MOMO 1台 獲取 144 個節目
2026-07-03 22:27:20.579 | INFO     | __main__:get_tbc_epg:291 - 頻道 壹電視新聞台 獲取 113 個節目
2026-07-03 22:27:20.579 | INFO     | __main__:get_tbc_epg:291 - 頻道 年代新聞台 獲取 116 個節目
2026-07-03 22:27:20.579 | INFO     | __main__:get_tbc_epg:291 - 頻道 東森新聞台 獲取 119 個節目
2026-07-03 22:27:20.579 | INFO     | __main__:get_tbc_epg:291 - 頻道 民視新聞台 獲取 142 個節目
2026-07-03 22:27:20.579 | INFO     | __main__:get_tbc_epg:291 - 頻道 三立新聞台 獲取 138 個節目
2026-07-03 22:27:20.580 | INFO     | __main__:get_tbc_epg:291 - 頻道 TVBS 新聞台 獲取 114 個節目
2026-07-03 22:27:20.580 | INFO     | __main__:get_tbc_epg:291 - 頻道 TVBS 獲取 118 個節目
2026-07-03 22:27:20.580 | INFO     | __main__:get_tbc_epg:291 - 頻道 東森財經新聞台 獲取 137 個節目
2026-07-03 22:27:20.580 | INFO     | __main__:get_tbc_epg:291 - 頻道 非凡新聞台 獲取 149 個節目
2026-07-03 22:27:20.580 | INFO     | __main__:get_tbc_epg:291 - 頻道 ViVa1台 獲取 144 個節目
2026-07-03 22:27:20.580 | INFO     | __main__:get_tbc_epg:291 - 頻道 東森購物5台 獲取 144 個節目
2026-07-03 22:27:20.580 | INFO     | __main__:get_tbc_epg:291 - 頻道 CATCHPLAY電影台 獲取 133 個節目
2026-07-03 22:27:20.580 | INFO     | __main__:get_tbc_epg:291 - 頻道 東森電影台 獲取 98 個節目
2026-07-03 22:27:20.580 | INFO     | __main__:get_tbc_epg:291 - 頻道 緯來電影台 獲取 82 個節目
2026-07-03 22:27:20.580 | INFO     | __main__:get_tbc_epg:291 - 頻道 LS Time電影台 獲取 67 個節目
2026-07-03 22:27:20.580 | INFO     | __main__:get_tbc_epg:291 - 頻道 HBO 獲取 88 個節目
2026-07-03 22:27:20.580 | INFO     | __main__:get_tbc_epg:291 - 頻道 東森洋片台 獲取 79 個節目
2026-07-03 22:27:20.580 | INFO     | __main__:get_tbc_epg:291 - 頻道 AXN 獲取 123 個節目
2026-07-03 22:27:20.580 | INFO     | __main__:get_tbc_epg:291 - 頻道 好萊塢電影台 獲取 76 個節目
2026-07-03 22:27:20.581 | INFO     | __main__:get_tbc_epg:291 - 頻道 amc電影台 獲取 103 個節目
2026-07-03 22:27:20.581 | INFO     | __main__:get_tbc_epg:291 - 頻道 緯來育樂台 獲取 125 個節目
2026-07-03 22:27:20.581 | INFO     | __main__:get_tbc_epg:291 - 頻道 CINEMAX 獲取 86 個節目
2026-07-03 22:27:20.581 | INFO     | __main__:get_tbc_epg:291 - 頻道 緯來體育台 獲取 111 個節目
2026-07-03 22:27:20.581 | INFO     | __main__:get_tbc_epg:291 - 頻道 DAZN 1 獲取 89 個節目
2026-07-03 22:27:20.581 | INFO     | __main__:get_tbc_epg:291 - 頻道 DAZN 2 獲取 86 個節目
2026-07-03 22:27:20.581 | INFO     | __main__:get_tbc_epg:291 - 頻道 MOMO綜合台 獲取 90 個節目
2026-07-03 22:27:20.581 | INFO     | __main__:get_tbc_epg:291 - 頻道 緯來日本台 獲取 128 個節目
2026-07-03 22:27:20.581 | INFO     | __main__:get_tbc_epg:291 - 頻道 國興衛視 獲取 193 個節目
2026-07-03 22:27:20.581 | INFO     | __main__:get_tbc_epg:291 - 頻道 BBC Lifestyle 獲取 184 個節目
2026-07-03 22:27:20.581 | INFO     | __main__:get_tbc_epg:291 - 頻道 靖天資訊台 獲取 159 個節目
2026-07-03 22:27:20.581 | INFO     | __main__:get_tbc_epg:291 - 頻道 信吉電視台 獲取 71 個節目
2026-07-03 22:27:20.581 | INFO     | __main__:get_tbc_epg:291 - 頻道 信大電視台 獲取 72 個節目
2026-07-03 22:27:20.581 | INFO     | __main__:get_tbc_epg:291 - 頻道 中台灣生活網頻道 獲取 288 個節目
2026-07-03 22:27:20.581 | INFO     | __main__:get_tbc_epg:291 - 頻道 TBC台中生活台 獲取 288 個節目
2026-07-03 22:27:20.582 | INFO     | __main__:get_tbc_epg:291 - 頻道 鏡電視新聞台 獲取 141 個節目
2026-07-03 22:27:20.582 | INFO     | __main__:get_tbc_epg:291 - 頻道 台灣藝術台 獲取 90 個節目
2026-07-03 22:27:20.582 | INFO     | __main__:get_tbc_epg:291 - 頻道 樂視台 獲取 288 個節目
2026-07-03 22:27:20.582 | INFO     | __main__:get_tbc_epg:291 - 頻道 非凡商業台 獲取 180 個節目
2026-07-03 22:27:20.582 | INFO     | __main__:get_tbc_epg:291 - 頻道 三立財經新聞台 獲取 139 個節目
2026-07-03 22:27:20.582 | INFO     | __main__:get_tbc_epg:291 - 頻道 冠軍電視台 獲取 78 個節目
2026-07-03 22:27:20.582 | INFO     | __main__:get_tbc_epg:291 - 頻道 運通財經綜合台 獲取 288 個節目
2026-07-03 22:27:20.582 | INFO     | __main__:get_tbc_epg:291 - 頻道 SBN全球財經台 獲取 288 個節目
2026-07-03 22:27:20.582 | INFO     | __main__:get_tbc_epg:291 - 頻道 誠心電視台 獲取 72 個節目
2026-07-03 22:27:20.582 | INFO     | __main__:get_tbc_epg:291 - 頻道 NHK 獲取 417 個節目
2026-07-03 22:27:20.582 | INFO     | __main__:get_tbc_epg:291 - 頻道 MTV 獲取 158 個節目
2026-07-03 22:27:20.582 | INFO     | __main__:get_tbc_epg:291 - 頻道 Animax 獲取 276 個節目
2026-07-03 22:27:20.582 | INFO     | __main__:get_tbc_epg:291 - 頻道 霹靂台灣台 獲取 139 個節目
2026-07-03 22:27:20.582 | INFO     | __main__:get_tbc_epg:291 - 頻道 海豚綜合台 獲取 102 個節目
2026-07-03 22:27:20.582 | INFO     | __main__:get_tbc_epg:291 - 頻道 八大娛樂台 獲取 141 個節目
2026-07-03 22:27:20.583 | INFO     | __main__:get_tbc_epg:291 - 頻道 十方法界 獲取 249 個節目
2026-07-03 22:27:20.583 | INFO     | __main__:get_tbc_epg:291 - 頻道 壹電視電影台 獲取 91 個節目
2026-07-03 22:27:20.583 | INFO     | __main__:get_tbc_epg:291 - 頻道 華藏衛視  獲取 167 個節目
2026-07-03 22:27:20.583 | INFO     | __main__:get_tbc_epg:291 - 頻道 壹電視資訊綜合台 獲取 161 個節目
2026-07-03 22:27:20.583 | INFO     | __main__:get_tbc_epg:291 - 頻道 佛衛慈悲台 獲取 186 個節目
2026-07-03 22:27:20.583 | INFO     | __main__:get_tbc_epg:291 - 頻道 紅豆電視台 獲取 84 個節目
2026-07-03 22:27:20.583 | INFO     | __main__:get_tbc_epg:291 - 頻道 全大電視台 獲取 72 個節目
2026-07-03 22:27:20.583 | INFO     | __main__:get_tbc_epg:291 - 頻道 華藝台灣台 獲取 66 個節目
2026-07-03 22:27:20.583 | INFO     | __main__:get_tbc_epg:291 - 頻道 正德電視台 獲取 144 個節目
2026-07-03 22:27:20.583 | INFO     | __main__:get_tbc_epg:291 - 頻道 天良綜合台 獲取 60 個節目
2026-07-03 22:27:20.583 | INFO     | __main__:get_tbc_epg:291 - 頻道 番薯衛星電視台 獲取 24 個節目
2026-07-03 22:27:20.583 | INFO     | __main__:get_tbc_epg:291 - 頻道 富立電視台 獲取 72 個節目
2026-07-03 22:27:20.583 | INFO     | __main__:get_tbc_epg:291 - 頻道 Z頻道 獲取 144 個節目
2026-07-03 22:27:20.583 | INFO     | __main__:get_tbc_epg:291 - 頻道 冠軍夢想台 獲取 72 個節目
2026-07-03 22:27:20.584 | INFO     | __main__:get_tbc_epg:291 - 頻道 新天地民俗台 獲取 144 個節目
2026-07-03 22:27:20.584 | INFO     | __main__:get_tbc_epg:291 - 頻道 三聖電視台 獲取 144 個節目
2026-07-03 22:27:20.584 | INFO     | __main__:get_tbc_epg:291 - 頻道 威達超舜生活台 獲取 90 個節目
2026-07-03 22:27:20.584 | INFO     | __main__:get_tbc_epg:291 - 頻道 天美麗電視台 獲取 48 個節目
2026-07-03 22:27:20.584 | INFO     | __main__:get_tbc_epg:291 - 頻道 大立電視台 獲取 72 個節目
2026-07-03 22:27:20.584 | INFO     | __main__:get_tbc_epg:291 - 頻道 小公視 獲取 248 個節目
2026-07-03 22:27:20.584 | INFO     | __main__:get_tbc_epg:291 - 頻道 華視教育體育文化台 獲取 258 個節目
2026-07-03 22:27:20.584 | INFO     | __main__:get_tbc_epg:291 - 頻道 國會頻道1台 獲取 72 個節目
2026-07-03 22:27:20.584 | INFO     | __main__:get_tbc_epg:291 - 頻道 國會頻道2台 獲取 72 個節目
2026-07-03 22:27:20.584 | INFO     | __main__:get_tbc_epg:291 - 頻道 幸福空間居家台 獲取 146 個節目
2026-07-03 22:27:20.584 | INFO     | __main__:get_tbc_epg:291 - 頻道 高點育樂台 獲取 148 個節目
2026-07-03 22:27:20.584 | INFO     | __main__:get_tbc_epg:291 - 頻道 台灣綜合台 獲取 144 個節目
2026-07-03 22:27:20.584 | INFO     | __main__:get_tbc_epg:291 - 頻道 大台中生活頻道 獲取 147 個節目
2026-07-03 22:27:20.584 | INFO     | __main__:get_tbc_epg:291 - 頻道 彰化生活台 獲取 144 個節目
2026-07-03 22:27:20.584 | INFO     | __main__:get_tbc_epg:291 - 頻道 唯心電視台 獲取 228 個節目
2026-07-03 22:27:20.585 | INFO     | __main__:get_tbc_epg:291 - 頻道 美麗人生購物台 獲取 144 個節目
2026-07-03 22:27:20.585 | INFO     | __main__:get_tbc_epg:291 - 頻道 大愛二台  獲取 288 個節目
2026-07-03 22:27:20.585 | INFO     | __main__:get_tbc_epg:291 - 頻道 靖天映畫 獲取 78 個節目
2026-07-03 22:27:20.585 | INFO     | __main__:get_tbc_epg:291 - 頻道 靖洋戲劇台 獲取 152 個節目
2026-07-03 22:27:20.585 | INFO     | __main__:get_tbc_epg:291 - 頻道 ROCK Action 獲取 88 個節目
2026-07-03 22:27:20.585 | INFO     | __main__:get_tbc_epg:291 - 頻道 Global Trekker 探索世界  獲取 199 個節目
2026-07-03 22:27:20.585 | INFO     | __main__:get_tbc_epg:291 - 頻道 靖天綜合台 獲取 144 個節目
2026-07-03 22:27:20.585 | INFO     | __main__:get_tbc_epg:291 - 頻道 寶島文化台 獲取 144 個節目
2026-07-03 22:27:20.585 | INFO     | __main__:get_tbc_epg:291 - 頻道 TaiwanPlus 獲取 335 個節目
2026-07-03 22:27:20.585 | INFO     | __main__:get_tbc_epg:291 - 頻道 BBC News 獲取 301 個節目
2026-07-03 22:27:20.585 | INFO     | __main__:get_tbc_epg:291 - 頻道 民視第一台 獲取 197 個節目
2026-07-03 22:27:20.585 | INFO     | __main__:get_tbc_epg:291 - 頻道 民視台灣台 獲取 171 個節目
2026-07-03 22:27:20.585 | INFO     | __main__:get_tbc_epg:291 - 頻道 中視新聞台 獲取 144 個節目
2026-07-03 22:27:20.585 | INFO     | __main__:get_tbc_epg:291 - 頻道 台視新聞台 獲取 153 個節目
2026-07-03 22:27:20.586 | INFO     | __main__:get_tbc_epg:291 - 頻道 台視財經台 獲取 129 個節目
2026-07-03 22:27:20.586 | INFO     | __main__:get_tbc_epg:291 - 頻道 台視綜合台 獲取 143 個節目
2026-07-03 22:27:20.586 | INFO     | __main__:get_tbc_epg:291 - 頻道 彭博財經台 獲取 150 個節目
2026-07-03 22:27:20.586 | INFO     | __main__:get_tbc_epg:291 - 頻道 Channel NewsAsia 獲取 188 個節目
2026-07-03 22:27:20.586 | INFO     | __main__:get_tbc_epg:291 - 頻道 韓國阿里郎 獲取 319 個節目
2026-07-03 22:27:20.586 | INFO     | __main__:get_tbc_epg:291 - 頻道 DREAMWORKS 獲取 351 個節目
2026-07-03 22:27:20.586 | INFO     | __main__:get_tbc_epg:291 - 頻道 Warner TV 獲取 239 個節目
2026-07-03 22:27:20.586 | INFO     | __main__:get_tbc_epg:291 - 頻道 靖天電影台 獲取 83 個節目
2026-07-03 22:27:20.586 | INFO     | __main__:get_tbc_epg:291 - 頻道 CinemaWorld 獲取 91 個節目
2026-07-03 22:27:20.586 | INFO     | __main__:get_tbc_epg:291 - 頻道 HBO HD 獲取 182 個節目
2026-07-03 22:27:20.586 | INFO     | __main__:get_tbc_epg:291 - 頻道 HBO 強檔鉅獻 獲取 93 個節目
2026-07-03 22:27:20.586 | INFO     | __main__:get_tbc_epg:291 - 頻道 HBO 原創鉅獻 獲取 101 個節目
2026-07-03 22:27:20.586 | INFO     | __main__:get_tbc_epg:291 - 頻道 HBO 溫馨家庭 獲取 287 個節目
2026-07-03 22:27:20.586 | INFO     | __main__:get_tbc_epg:291 - 頻道 靖天日本台 獲取 226 個節目
2026-07-03 22:27:20.586 | INFO     | __main__:get_tbc_epg:291 - 頻道 EVE 獲取 246 個節目
2026-07-03 22:27:20.587 | INFO     | __main__:get_tbc_epg:291 - 頻道 tvN 獲取 105 個節目
2026-07-03 22:27:20.587 | INFO     | __main__:get_tbc_epg:291 - 頻道 靖天歡樂台 獲取 148 個節目
2026-07-03 22:27:20.587 | INFO     | __main__:get_tbc_epg:291 - 頻道 HITS 獲取 175 個節目
2026-07-03 22:27:20.587 | INFO     | __main__:get_tbc_epg:291 - 頻道 韓國娛樂台KMTV 獲取 229 個節目
2026-07-03 22:27:20.587 | INFO     | __main__:get_tbc_epg:291 - 頻道 靖天育樂台 獲取 160 個節目
2026-07-03 22:27:20.587 | INFO     | __main__:get_tbc_epg:291 - 頻道 Lifetime 獲取 150 個節目
2026-07-03 22:27:20.587 | INFO     | __main__:get_tbc_epg:291 - 頻道 罪案偵緝頻道 獲取 180 個節目
2026-07-03 22:27:20.587 | INFO     | __main__:get_tbc_epg:291 - 頻道 寵物頻道 獲取 161 個節目
2026-07-03 22:27:20.587 | INFO     | __main__:get_tbc_epg:291 - 頻道 歷史頻道 獲取 167 個節目
2026-07-03 22:27:20.587 | INFO     | __main__:get_tbc_epg:291 - 頻道 Discovery Asia 獲取 208 個節目
2026-07-03 22:27:20.587 | INFO     | __main__:get_tbc_epg:291 - 頻道 Discovery科學頻道 獲取 236 個節目
2026-07-03 22:27:20.587 | INFO     | __main__:get_tbc_epg:291 - 頻道 DMAX 獲取 217 個節目
2026-07-03 22:27:20.587 | INFO     | __main__:get_tbc_epg:291 - 頻道 寰宇新聞台灣台 獲取 150 個節目
2026-07-03 22:27:20.587 | INFO     | __main__:get_tbc_epg:291 - 頻道 亞洲旅遊台 獲取 144 個節目
2026-07-03 22:27:20.587 | INFO     | __main__:get_tbc_epg:291 - 頻道 梅迪奇藝術 獲取 102 個節目
2026-07-03 22:27:20.587 | INFO     | __main__:get_tbc_epg:291 - 頻道 博斯運動二台 獲取 61 個節目
2026-07-03 22:27:20.588 | INFO     | __main__:get_tbc_epg:291 - 頻道 博斯網球台 獲取 19 個節目
2026-07-03 22:27:20.588 | INFO     | __main__:get_tbc_epg:291 - 頻道 博斯無限台 獲取 63 個節目
2026-07-03 22:27:20.588 | INFO     | __main__:get_tbc_epg:291 - 頻道 博斯高球1台 獲取 46 個節目
2026-07-03 22:27:20.588 | INFO     | __main__:get_tbc_epg:291 - 頻道 博斯高球2台 獲取 46 個節目
2026-07-03 22:27:20.588 | INFO     | __main__:get_tbc_epg:291 - 頻道 博斯魅力網 獲取 53 個節目
2026-07-03 22:27:20.588 | INFO     | __main__:get_tbc_epg:291 - 頻道 博斯運動一台 獲取 35 個節目
2026-07-03 22:27:20.588 | INFO     | __main__:get_tbc_epg:291 - 頻道 博斯無限二台 獲取 76 個節目
2026-07-03 22:27:20.588 | INFO     | __main__:get_tbc_epg:291 - 頻道 尼克兒童頻道 獲取 391 個節目
2026-07-03 22:27:20.588 | INFO     | __main__:get_tbc_epg:291 - 頻道 達文西頻道 獲取 594 個節目
2026-07-03 22:27:20.588 | INFO     | __main__:get_tbc_epg:291 - 頻道 CBeebies 獲取 983 個節目
2026-07-03 22:27:20.588 | INFO     | __main__:get_tbc_epg:291 - 頻道 CARTOONITO 獲取 256 個節目
2026-07-03 22:27:20.588 | INFO     | __main__:get_tbc_epg:291 - 頻道 靖洋卡通台 獲取 288 個節目
2026-07-03 22:27:20.588 | INFO     | __main__:get_tbc_epg:291 - 頻道 靖天卡通台 獲取 250 個節目
2026-07-03 22:27:20.588 | INFO     | __main__:get_tbc_epg:291 - 頻道 LOVE NATURE 4K 獲取 168 個節目
2026-07-03 22:27:20.588 | INFO     | __main__:get_tbc_epg:291 - 頻道 ROCK ENTERTAINMENT 獲取 159 個節目
2026-07-03 22:27:20.588 | INFO     | __main__:get_tbc_epg:291 - 頻道 ROCK EXTREME 獲取 142 個節目
2026-07-03 22:27:20.589 | INFO     | __main__:get_tbc_epg:291 - 頻道 彩虹頻道 獲取 148 個節目
2026-07-03 22:27:20.589 | INFO     | __main__:get_tbc_epg:291 - 頻道 彩虹e台 獲取 58 個節目
2026-07-03 22:27:20.589 | INFO     | __main__:get_tbc_epg:291 - 頻道 彩虹電影台 獲取 61 個節目
2026-07-03 22:27:20.589 | INFO     | __main__:get_tbc_epg:291 - 頻道 K 頻道 獲取 68 個節目
2026-07-03 22:27:20.589 | INFO     | __main__:get_tbc_epg:291 - 頻道 松視1台 獲取 72 個節目
2026-07-03 22:27:20.589 | INFO     | __main__:get_tbc_epg:291 - 頻道 松視2台 獲取 72 個節目
2026-07-03 22:27:20.589 | INFO     | __main__:get_tbc_epg:291 - 頻道 松視3台 獲取 109 個節目
2026-07-03 22:27:20.589 | INFO     | __main__:get_tbc_epg:291 - 頻道 松視4台 獲取 117 個節目
2026-07-03 22:27:20.589 | INFO     | __main__:get_tbc_epg:291 - 頻道 潘朵啦高畫質玩美台 獲取 72 個節目
2026-07-03 22:27:20.589 | INFO     | __main__:get_tbc_epg:291 - 頻道 潘朵啦高畫質粉紅台 獲取 78 個節目
2026-07-03 22:27:20.589 | INFO     | __main__:get_tbc_epg:291 - 頻道 JStar極限台電影頻道 獲取 93 個節目
2026-07-03 22:27:20.589 | INFO     | __main__:get_tbc_epg:291 - 頻道 驚豔成人電影台 獲取 68 個節目
2026-07-03 22:27:20.589 | INFO     | __main__:get_tbc_epg:291 - 頻道 香蕉台 獲取 103 個節目
2026-07-03 22:27:20.589 | INFO     | __main__:get_tbc_epg:291 - 頻道 樂活頻道 獲取 102 個節目
2026-07-03 22:27:20.589 | INFO     | __main__:get_tbc_epg:291 - 頻道 玩家頻道 獲取 144 個節目
2026-07-03 22:27:20.589 | INFO     | __main__:get_tbc_epg:291 - 頻道 Happy 獲取 72 個節目
2026-07-03 22:27:20.590 | INFO     | __main__:get_tbc_epg:291 - 頻道 Hot 獲取 144 個節目
2026-07-03 22:27:20.590 | INFO     | __main__:get_tbc_epg:292 - 總計獲取 32113 個節目
2026-07-03 22:27:23.681 | INFO     | __main__:main:361 - EPG 已儲存到 ./output/epg_tbc.xml
2026-07-03 22:27:23.681 | INFO     | __main__:main:363 - ========== 抓取完成 ==========
2026-07-04 02:44:42 | INFO | ==================================================
2026-07-04 02:44:42 | INFO | 開始生成四季線上電子節目單
2026-07-04 02:44:42 | INFO | 輸出目錄: /home/runner/work/EPG/EPG/output
2026-07-04 02:44:43 | SUCCESS | 已更新本地頻道檔案，保存 133 個頻道
2026-07-04 02:44:43 | SUCCESS | 從 API 獲取到 133 個頻道（已跳過 9 個）
2026-07-04 02:44:43 | INFO | 成功加載 133 個頻道
2026-07-04 02:45:01 | INFO | 共獲取 13273 個節目
2026-07-04 02:45:01 | INFO | 電子節目單已生成: /home/runner/work/EPG/EPG/output/4g.xml
2026-07-04 02:45:01 | SUCCESS | EPG 生成完成
2026-07-04 22:12:42.495 | INFO     | __main__:main:350 - ========== 開始抓取 TBC EPG ==========
2026-07-04 22:12:42.495 | INFO     | __main__:get_tbc_epg:246 - 正在獲取TBC EPG
2026-07-04 22:12:46.587 | INFO     | __main__:get_channels_tbc:161 - 成功獲取 233 個頻道
2026-07-04 22:12:46.587 | INFO     | __main__:get_tbc_epg:258 - 正在獲取 2026/07/05 節目表
2026-07-04 22:14:39.680 | INFO     | __main__:get_tbc_epg:258 - 正在獲取 2026/07/06 節目表
2026-07-04 22:16:33.143 | INFO     | __main__:get_tbc_epg:258 - 正在獲取 2026/07/07 節目表
2026-07-04 22:18:21.081 | INFO     | __main__:get_tbc_epg:258 - 正在獲取 2026/07/08 節目表
2026-07-04 22:20:09.018 | INFO     | __main__:get_tbc_epg:258 - 正在獲取 2026/07/09 節目表
2026-07-04 22:21:59.928 | INFO     | __main__:get_tbc_epg:258 - 正在獲取 2026/07/10 節目表
2026-07-04 22:23:43.472 | INFO     | __main__:get_tbc_epg:291 - 頻道 南桃園節目總表 獲取 144 個節目
2026-07-04 22:23:43.472 | INFO     | __main__:get_tbc_epg:291 - 頻道 南桃園公用頻道 獲取 191 個節目
2026-07-04 22:23:43.472 | INFO     | __main__:get_tbc_epg:291 - 頻道 CNN 獲取 175 個節目
2026-07-04 22:23:43.472 | INFO     | __main__:get_tbc_epg:291 - 頻道 民視無線台 獲取 212 個節目
2026-07-04 22:23:43.472 | INFO     | __main__:get_tbc_epg:291 - 頻道 TBC桃園生活台 獲取 240 個節目
2026-07-04 22:23:43.472 | INFO     | __main__:get_tbc_epg:291 - 頻道 台視 獲取 135 個節目
2026-07-04 22:23:43.472 | INFO     | __main__:get_tbc_epg:291 - 頻道 大愛電視台 獲取 396 個節目
2026-07-04 22:23:43.473 | INFO     | __main__:get_tbc_epg:291 - 頻道 中視 獲取 157 個節目
2026-07-04 22:23:43.473 | INFO     | __main__:get_tbc_epg:291 - 頻道 人間衛視 獲取 183 個節目
2026-07-04 22:23:43.473 | INFO     | __main__:get_tbc_epg:291 - 頻道 華視 獲取 153 個節目
2026-07-04 22:23:43.473 | INFO     | __main__:get_tbc_epg:291 - 頻道 公共電視 獲取 208 個節目
2026-07-04 22:23:43.473 | INFO     | __main__:get_tbc_epg:291 - 頻道 公視台語台 獲取 155 個節目
2026-07-04 22:23:43.473 | INFO     | __main__:get_tbc_epg:291 - 頻道 好消息頻道 獲取 283 個節目
2026-07-04 22:23:43.473 | INFO     | __main__:get_tbc_epg:291 - 頻道 原住民頻道 獲取 168 個節目
2026-07-04 22:23:43.473 | INFO     | __main__:get_tbc_epg:291 - 頻道 客家電視台 獲取 219 個節目
2026-07-04 22:23:43.473 | INFO     | __main__:get_tbc_epg:291 - 頻道 BBC Earth 獲取 157 個節目
2026-07-04 22:23:43.473 | INFO     | __main__:get_tbc_epg:291 - 頻道 Discovery 獲取 208 個節目
2026-07-04 22:23:43.473 | INFO     | __main__:get_tbc_epg:291 - 頻道 TLC旅遊生活頻道 獲取 173 個節目
2026-07-04 22:23:43.474 | INFO     | __main__:get_tbc_epg:291 - 頻道 動物星球 獲取 169 個節目
2026-07-04 22:23:43.474 | INFO     | __main__:get_tbc_epg:291 - 頻道 卡通頻道 獲取 201 個節目
2026-07-04 22:23:43.474 | INFO     | __main__:get_tbc_epg:291 - 頻道 小尼克頻道 獲取 496 個節目
2026-07-04 22:23:43.474 | INFO     | __main__:get_tbc_epg:291 - 頻道 MOMO親子台 獲取 236 個節目
2026-07-04 22:23:43.474 | INFO     | __main__:get_tbc_epg:291 - 頻道 東森幼幼台 獲取 393 個節目
2026-07-04 22:23:43.474 | INFO     | __main__:get_tbc_epg:291 - 頻道 緯來綜合台 獲取 153 個節目
2026-07-04 22:23:43.474 | INFO     | __main__:get_tbc_epg:291 - 頻道 八大第一台 獲取 142 個節目
2026-07-04 22:23:43.474 | INFO     | __main__:get_tbc_epg:291 - 頻道 八大綜合台 獲取 162 個節目
2026-07-04 22:23:43.474 | INFO     | __main__:get_tbc_epg:291 - 頻道 三立台灣台 獲取 141 個節目
2026-07-04 22:23:43.474 | INFO     | __main__:get_tbc_epg:291 - 頻道 三立都會台 獲取 138 個節目
2026-07-04 22:23:43.474 | INFO     | __main__:get_tbc_epg:291 - 頻道 華藝中文台 獲取 164 個節目
2026-07-04 22:23:43.474 | INFO     | __main__:get_tbc_epg:291 - 頻道 東森綜合台 獲取 139 個節目
2026-07-04 22:23:43.474 | INFO     | __main__:get_tbc_epg:291 - 頻道 東森超視 獲取 141 個節目
2026-07-04 22:23:43.475 | INFO     | __main__:get_tbc_epg:291 - 頻道 東森購物2台 獲取 144 個節目
2026-07-04 22:23:43.475 | INFO     | __main__:get_tbc_epg:291 - 頻道 MOMO 2台 獲取 144 個節目
2026-07-04 22:23:43.475 | INFO     | __main__:get_tbc_epg:291 - 頻道 中天綜合台 獲取 120 個節目
2026-07-04 22:23:43.475 | INFO     | __main__:get_tbc_epg:291 - 頻道 東風衛視 獲取 146 個節目
2026-07-04 22:23:43.475 | INFO     | __main__:get_tbc_epg:291 - 頻道 年代MUCH TV 獲取 178 個節目
2026-07-04 22:23:43.475 | INFO     | __main__:get_tbc_epg:291 - 頻道 中天娛樂台 獲取 137 個節目
2026-07-04 22:23:43.475 | INFO     | __main__:get_tbc_epg:291 - 頻道 東森戲劇台 獲取 140 個節目
2026-07-04 22:23:43.475 | INFO     | __main__:get_tbc_epg:291 - 頻道 八大戲劇台 獲取 144 個節目
2026-07-04 22:23:43.475 | INFO     | __main__:get_tbc_epg:291 - 頻道 TVBS歡樂台 獲取 144 個節目
2026-07-04 22:23:43.475 | INFO     | __main__:get_tbc_epg:291 - 頻道 緯來戲劇台 獲取 141 個節目
2026-07-04 22:23:43.475 | INFO     | __main__:get_tbc_epg:291 - 頻道 高點電視台 獲取 144 個節目
2026-07-04 22:23:43.475 | INFO     | __main__:get_tbc_epg:291 - 頻道 JET綜合台 獲取 139 個節目
2026-07-04 22:23:43.476 | INFO     | __main__:get_tbc_epg:291 - 頻道 東森購物3台 獲取 144 個節目
2026-07-04 22:23:43.476 | INFO     | __main__:get_tbc_epg:291 - 頻道 東森購物1台 獲取 144 個節目
2026-07-04 22:23:43.476 | INFO     | __main__:get_tbc_epg:291 - 頻道 MOMO 1台 獲取 144 個節目
2026-07-04 22:23:43.476 | INFO     | __main__:get_tbc_epg:291 - 頻道 壹電視新聞台 獲取 110 個節目
2026-07-04 22:23:43.476 | INFO     | __main__:get_tbc_epg:291 - 頻道 年代新聞台 獲取 114 個節目
2026-07-04 22:23:43.476 | INFO     | __main__:get_tbc_epg:291 - 頻道 東森新聞台 獲取 119 個節目
2026-07-04 22:23:43.476 | INFO     | __main__:get_tbc_epg:291 - 頻道 民視新聞台 獲取 141 個節目
2026-07-04 22:23:43.476 | INFO     | __main__:get_tbc_epg:291 - 頻道 三立新聞台 獲取 138 個節目
2026-07-04 22:23:43.476 | INFO     | __main__:get_tbc_epg:291 - 頻道 TVBS 新聞台 獲取 114 個節目
2026-07-04 22:23:43.476 | INFO     | __main__:get_tbc_epg:291 - 頻道 TVBS 獲取 119 個節目
2026-07-04 22:23:43.476 | INFO     | __main__:get_tbc_epg:291 - 頻道 東森財經新聞台 獲取 136 個節目
2026-07-04 22:23:43.476 | INFO     | __main__:get_tbc_epg:291 - 頻道 非凡新聞台 獲取 145 個節目
2026-07-04 22:23:43.476 | INFO     | __main__:get_tbc_epg:291 - 頻道 ViVa1台 獲取 144 個節目
2026-07-04 22:23:43.477 | INFO     | __main__:get_tbc_epg:291 - 頻道 東森購物5台 獲取 144 個節目
2026-07-04 22:23:43.477 | INFO     | __main__:get_tbc_epg:291 - 頻道 CATCHPLAY電影台 獲取 134 個節目
2026-07-04 22:23:43.477 | INFO     | __main__:get_tbc_epg:291 - 頻道 東森電影台 獲取 98 個節目
2026-07-04 22:23:43.477 | INFO     | __main__:get_tbc_epg:291 - 頻道 緯來電影台 獲取 84 個節目
2026-07-04 22:23:43.477 | INFO     | __main__:get_tbc_epg:291 - 頻道 LS Time電影台 獲取 67 個節目
2026-07-04 22:23:43.477 | INFO     | __main__:get_tbc_epg:291 - 頻道 HBO 獲取 88 個節目
2026-07-04 22:23:43.477 | INFO     | __main__:get_tbc_epg:291 - 頻道 東森洋片台 獲取 78 個節目
2026-07-04 22:23:43.477 | INFO     | __main__:get_tbc_epg:291 - 頻道 AXN 獲取 127 個節目
2026-07-04 22:23:43.477 | INFO     | __main__:get_tbc_epg:291 - 頻道 好萊塢電影台 獲取 77 個節目
2026-07-04 22:23:43.477 | INFO     | __main__:get_tbc_epg:291 - 頻道 amc電影台 獲取 104 個節目
2026-07-04 22:23:43.477 | INFO     | __main__:get_tbc_epg:291 - 頻道 緯來育樂台 獲取 128 個節目
2026-07-04 22:23:43.477 | INFO     | __main__:get_tbc_epg:291 - 頻道 CINEMAX 獲取 85 個節目
2026-07-04 22:23:43.477 | INFO     | __main__:get_tbc_epg:291 - 頻道 緯來體育台 獲取 109 個節目
2026-07-04 22:23:43.478 | INFO     | __main__:get_tbc_epg:291 - 頻道 DAZN 1 獲取 91 個節目
2026-07-04 22:23:43.478 | INFO     | __main__:get_tbc_epg:291 - 頻道 DAZN 2 獲取 89 個節目
2026-07-04 22:23:43.478 | INFO     | __main__:get_tbc_epg:291 - 頻道 MOMO綜合台 獲取 89 個節目
2026-07-04 22:23:43.478 | INFO     | __main__:get_tbc_epg:291 - 頻道 緯來日本台 獲取 130 個節目
2026-07-04 22:23:43.478 | INFO     | __main__:get_tbc_epg:291 - 頻道 國興衛視 獲取 193 個節目
2026-07-04 22:23:43.478 | INFO     | __main__:get_tbc_epg:291 - 頻道 BBC Lifestyle 獲取 180 個節目
2026-07-04 22:23:43.478 | INFO     | __main__:get_tbc_epg:291 - 頻道 靖天資訊台 獲取 164 個節目
2026-07-04 22:23:43.478 | INFO     | __main__:get_tbc_epg:291 - 頻道 信吉電視台 獲取 72 個節目
2026-07-04 22:23:43.478 | INFO     | __main__:get_tbc_epg:291 - 頻道 信大電視台 獲取 72 個節目
2026-07-04 22:23:43.478 | INFO     | __main__:get_tbc_epg:291 - 頻道 中台灣生活網頻道 獲取 288 個節目
2026-07-04 22:23:43.478 | INFO     | __main__:get_tbc_epg:291 - 頻道 TBC台中生活台 獲取 288 個節目
2026-07-04 22:23:43.478 | INFO     | __main__:get_tbc_epg:291 - 頻道 鏡電視新聞台 獲取 139 個節目
2026-07-04 22:23:43.479 | INFO     | __main__:get_tbc_epg:291 - 頻道 台灣藝術台 獲取 90 個節目
2026-07-04 22:23:43.479 | INFO     | __main__:get_tbc_epg:291 - 頻道 樂視台 獲取 288 個節目
2026-07-04 22:23:43.479 | INFO     | __main__:get_tbc_epg:291 - 頻道 非凡商業台 獲取 174 個節目
2026-07-04 22:23:43.479 | INFO     | __main__:get_tbc_epg:291 - 頻道 三立財經新聞台 獲取 138 個節目
2026-07-04 22:23:43.479 | INFO     | __main__:get_tbc_epg:291 - 頻道 冠軍電視台 獲取 78 個節目
2026-07-04 22:23:43.479 | INFO     | __main__:get_tbc_epg:291 - 頻道 運通財經綜合台 獲取 288 個節目
2026-07-04 22:23:43.479 | INFO     | __main__:get_tbc_epg:291 - 頻道 SBN全球財經台 獲取 288 個節目
2026-07-04 22:23:43.479 | INFO     | __main__:get_tbc_epg:291 - 頻道 誠心電視台 獲取 72 個節目
2026-07-04 22:23:43.479 | INFO     | __main__:get_tbc_epg:291 - 頻道 NHK 獲取 414 個節目
2026-07-04 22:23:43.479 | INFO     | __main__:get_tbc_epg:291 - 頻道 MTV 獲取 158 個節目
2026-07-04 22:23:43.479 | INFO     | __main__:get_tbc_epg:291 - 頻道 Animax 獲取 278 個節目
2026-07-04 22:23:43.479 | INFO     | __main__:get_tbc_epg:291 - 頻道 霹靂台灣台 獲取 139 個節目
2026-07-04 22:23:43.479 | INFO     | __main__:get_tbc_epg:291 - 頻道 海豚綜合台 獲取 102 個節目
2026-07-04 22:23:43.480 | INFO     | __main__:get_tbc_epg:291 - 頻道 八大娛樂台 獲取 139 個節目
2026-07-04 22:23:43.480 | INFO     | __main__:get_tbc_epg:291 - 頻道 十方法界 獲取 251 個節目
2026-07-04 22:23:43.480 | INFO     | __main__:get_tbc_epg:291 - 頻道 壹電視電影台 獲取 95 個節目
2026-07-04 22:23:43.480 | INFO     | __main__:get_tbc_epg:291 - 頻道 華藏衛視  獲取 169 個節目
2026-07-04 22:23:43.480 | INFO     | __main__:get_tbc_epg:291 - 頻道 壹電視資訊綜合台 獲取 162 個節目
2026-07-04 22:23:43.480 | INFO     | __main__:get_tbc_epg:291 - 頻道 佛衛慈悲台 獲取 184 個節目
2026-07-04 22:23:43.480 | INFO     | __main__:get_tbc_epg:291 - 頻道 紅豆電視台 獲取 84 個節目
2026-07-04 22:23:43.480 | INFO     | __main__:get_tbc_epg:291 - 頻道 全大電視台 獲取 72 個節目
2026-07-04 22:23:43.480 | INFO     | __main__:get_tbc_epg:291 - 頻道 華藝台灣台 獲取 66 個節目
2026-07-04 22:23:43.480 | INFO     | __main__:get_tbc_epg:291 - 頻道 正德電視台 獲取 144 個節目
2026-07-04 22:23:43.480 | INFO     | __main__:get_tbc_epg:291 - 頻道 天良綜合台 獲取 60 個節目
2026-07-04 22:23:43.480 | INFO     | __main__:get_tbc_epg:291 - 頻道 番薯衛星電視台 獲取 24 個節目
2026-07-04 22:23:43.480 | INFO     | __main__:get_tbc_epg:291 - 頻道 富立電視台 獲取 72 個節目
2026-07-04 22:23:43.481 | INFO     | __main__:get_tbc_epg:291 - 頻道 Z頻道 獲取 144 個節目
2026-07-04 22:23:43.481 | INFO     | __main__:get_tbc_epg:291 - 頻道 冠軍夢想台 獲取 72 個節目
2026-07-04 22:23:43.481 | INFO     | __main__:get_tbc_epg:291 - 頻道 新天地民俗台 獲取 144 個節目
2026-07-04 22:23:43.481 | INFO     | __main__:get_tbc_epg:291 - 頻道 三聖電視台 獲取 144 個節目
2026-07-04 22:23:43.481 | INFO     | __main__:get_tbc_epg:291 - 頻道 威達超舜生活台 獲取 90 個節目
2026-07-04 22:23:43.481 | INFO     | __main__:get_tbc_epg:291 - 頻道 天美麗電視台 獲取 48 個節目
2026-07-04 22:23:43.481 | INFO     | __main__:get_tbc_epg:291 - 頻道 大立電視台 獲取 72 個節目
2026-07-04 22:23:43.481 | INFO     | __main__:get_tbc_epg:291 - 頻道 小公視 獲取 248 個節目
2026-07-04 22:23:43.481 | INFO     | __main__:get_tbc_epg:291 - 頻道 華視教育體育文化台 獲取 265 個節目
2026-07-04 22:23:43.481 | INFO     | __main__:get_tbc_epg:291 - 頻道 國會頻道1台 獲取 72 個節目
2026-07-04 22:23:43.481 | INFO     | __main__:get_tbc_epg:291 - 頻道 國會頻道2台 獲取 72 個節目
2026-07-04 22:23:43.481 | INFO     | __main__:get_tbc_epg:291 - 頻道 幸福空間居家台 獲取 145 個節目
2026-07-04 22:23:43.481 | INFO     | __main__:get_tbc_epg:291 - 頻道 高點育樂台 獲取 149 個節目
2026-07-04 22:23:43.481 | INFO     | __main__:get_tbc_epg:291 - 頻道 台灣綜合台 獲取 144 個節目
2026-07-04 22:23:43.481 | INFO     | __main__:get_tbc_epg:291 - 頻道 大台中生活頻道 獲取 147 個節目
2026-07-04 22:23:43.482 | INFO     | __main__:get_tbc_epg:291 - 頻道 彰化生活台 獲取 144 個節目
2026-07-04 22:23:43.482 | INFO     | __main__:get_tbc_epg:291 - 頻道 唯心電視台 獲取 228 個節目
2026-07-04 22:23:43.482 | INFO     | __main__:get_tbc_epg:291 - 頻道 美麗人生購物台 獲取 144 個節目
2026-07-04 22:23:43.482 | INFO     | __main__:get_tbc_epg:291 - 頻道 大愛二台  獲取 295 個節目
2026-07-04 22:23:43.482 | INFO     | __main__:get_tbc_epg:291 - 頻道 靖天映畫 獲取 78 個節目
2026-07-04 22:23:43.482 | INFO     | __main__:get_tbc_epg:291 - 頻道 靖洋戲劇台 獲取 154 個節目
2026-07-04 22:23:43.482 | INFO     | __main__:get_tbc_epg:291 - 頻道 ROCK Action 獲取 89 個節目
2026-07-04 22:23:43.482 | INFO     | __main__:get_tbc_epg:291 - 頻道 Global Trekker 探索世界  獲取 189 個節目
2026-07-04 22:23:43.482 | INFO     | __main__:get_tbc_epg:291 - 頻道 靖天綜合台 獲取 144 個節目
2026-07-04 22:23:43.482 | INFO     | __main__:get_tbc_epg:291 - 頻道 寶島文化台 獲取 144 個節目
2026-07-04 22:23:43.482 | INFO     | __main__:get_tbc_epg:291 - 頻道 TaiwanPlus 獲取 346 個節目
2026-07-04 22:23:43.482 | INFO     | __main__:get_tbc_epg:291 - 頻道 BBC News 獲取 306 個節目
2026-07-04 22:23:43.482 | INFO     | __main__:get_tbc_epg:291 - 頻道 民視第一台 獲取 196 個節目
2026-07-04 22:23:43.482 | INFO     | __main__:get_tbc_epg:291 - 頻道 民視台灣台 獲取 174 個節目
2026-07-04 22:23:43.483 | INFO     | __main__:get_tbc_epg:291 - 頻道 中視新聞台 獲取 144 個節目
2026-07-04 22:23:43.483 | INFO     | __main__:get_tbc_epg:291 - 頻道 台視新聞台 獲取 152 個節目
2026-07-04 22:23:43.483 | INFO     | __main__:get_tbc_epg:291 - 頻道 台視財經台 獲取 123 個節目
2026-07-04 22:23:43.483 | INFO     | __main__:get_tbc_epg:291 - 頻道 台視綜合台 獲取 148 個節目
2026-07-04 22:23:43.483 | INFO     | __main__:get_tbc_epg:291 - 頻道 彭博財經台 獲取 139 個節目
2026-07-04 22:23:43.483 | INFO     | __main__:get_tbc_epg:291 - 頻道 Channel NewsAsia 獲取 169 個節目
2026-07-04 22:23:43.483 | INFO     | __main__:get_tbc_epg:291 - 頻道 韓國阿里郎 獲取 318 個節目
2026-07-04 22:23:43.483 | INFO     | __main__:get_tbc_epg:291 - 頻道 DREAMWORKS 獲取 350 個節目
2026-07-04 22:23:43.483 | INFO     | __main__:get_tbc_epg:291 - 頻道 Warner TV 獲取 251 個節目
2026-07-04 22:23:43.483 | INFO     | __main__:get_tbc_epg:291 - 頻道 靖天電影台 獲取 84 個節目
2026-07-04 22:23:43.483 | INFO     | __main__:get_tbc_epg:291 - 頻道 CinemaWorld 獲取 92 個節目
2026-07-04 22:23:43.483 | INFO     | __main__:get_tbc_epg:291 - 頻道 HBO HD 獲取 179 個節目
2026-07-04 22:23:43.483 | INFO     | __main__:get_tbc_epg:291 - 頻道 HBO 強檔鉅獻 獲取 94 個節目
2026-07-04 22:23:43.483 | INFO     | __main__:get_tbc_epg:291 - 頻道 HBO 原創鉅獻 獲取 102 個節目
2026-07-04 22:23:43.483 | INFO     | __main__:get_tbc_epg:291 - 頻道 HBO 溫馨家庭 獲取 291 個節目
2026-07-04 22:23:43.484 | INFO     | __main__:get_tbc_epg:291 - 頻道 靖天日本台 獲取 235 個節目
2026-07-04 22:23:43.484 | INFO     | __main__:get_tbc_epg:291 - 頻道 EVE 獲取 249 個節目
2026-07-04 22:23:43.484 | INFO     | __main__:get_tbc_epg:291 - 頻道 tvN 獲取 105 個節目
2026-07-04 22:23:43.484 | INFO     | __main__:get_tbc_epg:291 - 頻道 靖天歡樂台 獲取 147 個節目
2026-07-04 22:23:43.484 | INFO     | __main__:get_tbc_epg:291 - 頻道 HITS 獲取 175 個節目
2026-07-04 22:23:43.484 | INFO     | __main__:get_tbc_epg:291 - 頻道 韓國娛樂台KMTV 獲取 231 個節目
2026-07-04 22:23:43.484 | INFO     | __main__:get_tbc_epg:291 - 頻道 靖天育樂台 獲取 164 個節目
2026-07-04 22:23:43.484 | INFO     | __main__:get_tbc_epg:291 - 頻道 Lifetime 獲取 143 個節目
2026-07-04 22:23:43.484 | INFO     | __main__:get_tbc_epg:291 - 頻道 罪案偵緝頻道 獲取 181 個節目
2026-07-04 22:23:43.484 | INFO     | __main__:get_tbc_epg:291 - 頻道 寵物頻道 獲取 160 個節目
2026-07-04 22:23:43.484 | INFO     | __main__:get_tbc_epg:291 - 頻道 歷史頻道 獲取 167 個節目
2026-07-04 22:23:43.484 | INFO     | __main__:get_tbc_epg:291 - 頻道 Discovery Asia 獲取 205 個節目
2026-07-04 22:23:43.484 | INFO     | __main__:get_tbc_epg:291 - 頻道 Discovery科學頻道 獲取 238 個節目
2026-07-04 22:23:43.484 | INFO     | __main__:get_tbc_epg:291 - 頻道 DMAX 獲取 213 個節目
2026-07-04 22:23:43.484 | INFO     | __main__:get_tbc_epg:291 - 頻道 寰宇新聞台灣台 獲取 150 個節目
2026-07-04 22:23:43.485 | INFO     | __main__:get_tbc_epg:291 - 頻道 亞洲旅遊台 獲取 144 個節目
2026-07-04 22:23:43.485 | INFO     | __main__:get_tbc_epg:291 - 頻道 梅迪奇藝術 獲取 102 個節目
2026-07-04 22:23:43.485 | INFO     | __main__:get_tbc_epg:291 - 頻道 博斯運動二台 獲取 64 個節目
2026-07-04 22:23:43.485 | INFO     | __main__:get_tbc_epg:291 - 頻道 博斯網球台 獲取 21 個節目
2026-07-04 22:23:43.485 | INFO     | __main__:get_tbc_epg:291 - 頻道 博斯無限台 獲取 64 個節目
2026-07-04 22:23:43.485 | INFO     | __main__:get_tbc_epg:291 - 頻道 博斯高球1台 獲取 46 個節目
2026-07-04 22:23:43.485 | INFO     | __main__:get_tbc_epg:291 - 頻道 博斯高球2台 獲取 44 個節目
2026-07-04 22:23:43.485 | INFO     | __main__:get_tbc_epg:291 - 頻道 博斯魅力網 獲取 55 個節目
2026-07-04 22:23:43.485 | INFO     | __main__:get_tbc_epg:291 - 頻道 博斯運動一台 獲取 34 個節目
2026-07-04 22:23:43.485 | INFO     | __main__:get_tbc_epg:291 - 頻道 博斯無限二台 獲取 77 個節目
2026-07-04 22:23:43.485 | INFO     | __main__:get_tbc_epg:291 - 頻道 尼克兒童頻道 獲取 393 個節目
2026-07-04 22:23:43.485 | INFO     | __main__:get_tbc_epg:291 - 頻道 達文西頻道 獲取 597 個節目
2026-07-04 22:23:43.485 | INFO     | __main__:get_tbc_epg:291 - 頻道 CBeebies 獲取 970 個節目
2026-07-04 22:23:43.485 | INFO     | __main__:get_tbc_epg:291 - 頻道 CARTOONITO 獲取 251 個節目
2026-07-04 22:23:43.486 | INFO     | __main__:get_tbc_epg:291 - 頻道 靖洋卡通台 獲取 288 個節目
2026-07-04 22:23:43.486 | INFO     | __main__:get_tbc_epg:291 - 頻道 靖天卡通台 獲取 254 個節目
2026-07-04 22:23:43.486 | INFO     | __main__:get_tbc_epg:291 - 頻道 LOVE NATURE 4K 獲取 168 個節目
2026-07-04 22:23:43.486 | INFO     | __main__:get_tbc_epg:291 - 頻道 ROCK ENTERTAINMENT 獲取 158 個節目
2026-07-04 22:23:43.486 | INFO     | __main__:get_tbc_epg:291 - 頻道 ROCK EXTREME 獲取 142 個節目
2026-07-04 22:23:43.486 | INFO     | __main__:get_tbc_epg:291 - 頻道 彩虹頻道 獲取 146 個節目
2026-07-04 22:23:43.486 | INFO     | __main__:get_tbc_epg:291 - 頻道 彩虹e台 獲取 59 個節目
2026-07-04 22:23:43.486 | INFO     | __main__:get_tbc_epg:291 - 頻道 彩虹電影台 獲取 60 個節目
2026-07-04 22:23:43.486 | INFO     | __main__:get_tbc_epg:291 - 頻道 K 頻道 獲取 69 個節目
2026-07-04 22:23:43.486 | INFO     | __main__:get_tbc_epg:291 - 頻道 松視1台 獲取 72 個節目
2026-07-04 22:23:43.486 | INFO     | __main__:get_tbc_epg:291 - 頻道 松視2台 獲取 72 個節目
2026-07-04 22:23:43.486 | INFO     | __main__:get_tbc_epg:291 - 頻道 松視3台 獲取 106 個節目
2026-07-04 22:23:43.486 | INFO     | __main__:get_tbc_epg:291 - 頻道 松視4台 獲取 116 個節目
2026-07-04 22:23:43.486 | INFO     | __main__:get_tbc_epg:291 - 頻道 潘朵啦高畫質玩美台 獲取 72 個節目
2026-07-04 22:23:43.486 | INFO     | __main__:get_tbc_epg:291 - 頻道 潘朵啦高畫質粉紅台 獲取 78 個節目
2026-07-04 22:23:43.487 | INFO     | __main__:get_tbc_epg:291 - 頻道 JStar極限台電影頻道 獲取 93 個節目
2026-07-04 22:23:43.487 | INFO     | __main__:get_tbc_epg:291 - 頻道 驚豔成人電影台 獲取 69 個節目
2026-07-04 22:23:43.487 | INFO     | __main__:get_tbc_epg:291 - 頻道 香蕉台 獲取 101 個節目
2026-07-04 22:23:43.487 | INFO     | __main__:get_tbc_epg:291 - 頻道 樂活頻道 獲取 102 個節目
2026-07-04 22:23:43.487 | INFO     | __main__:get_tbc_epg:291 - 頻道 玩家頻道 獲取 144 個節目
2026-07-04 22:23:43.487 | INFO     | __main__:get_tbc_epg:291 - 頻道 Happy 獲取 72 個節目
2026-07-04 22:23:43.487 | INFO     | __main__:get_tbc_epg:291 - 頻道 Hot 獲取 144 個節目
2026-07-04 22:23:43.487 | INFO     | __main__:get_tbc_epg:292 - 總計獲取 32245 個節目
2026-07-04 22:23:46.677 | INFO     | __main__:main:361 - EPG 已儲存到 ./output/epg_tbc.xml
2026-07-04 22:23:46.677 | INFO     | __main__:main:363 - ========== 抓取完成 ==========
2026-07-05 02:54:57 | INFO | ==================================================
2026-07-05 02:54:57 | INFO | 開始生成四季線上電子節目單
2026-07-05 02:54:57 | INFO | 輸出目錄: /home/runner/work/EPG/EPG/output
2026-07-05 02:54:58 | SUCCESS | 已更新本地頻道檔案，保存 132 個頻道
2026-07-05 02:54:58 | SUCCESS | 從 API 獲取到 132 個頻道（已跳過 9 個）
2026-07-05 02:54:58 | INFO | 成功加載 132 個頻道
2026-07-05 02:55:17 | INFO | 共獲取 13196 個節目
2026-07-05 02:55:17 | INFO | 電子節目單已生成: /home/runner/work/EPG/EPG/output/4g.xml
2026-07-05 02:55:17 | SUCCESS | EPG 生成完成
2026-07-05 22:14:17.977 | INFO     | __main__:main:350 - ========== 開始抓取 TBC EPG ==========
2026-07-05 22:14:17.978 | INFO     | __main__:get_tbc_epg:246 - 正在獲取TBC EPG
2026-07-05 22:14:21.756 | INFO     | __main__:get_channels_tbc:161 - 成功獲取 233 個頻道
2026-07-05 22:14:21.757 | INFO     | __main__:get_tbc_epg:258 - 正在獲取 2026/07/06 節目表
2026-07-05 22:16:15.178 | INFO     | __main__:get_tbc_epg:258 - 正在獲取 2026/07/07 節目表
2026-07-05 22:18:08.491 | INFO     | __main__:get_tbc_epg:258 - 正在獲取 2026/07/08 節目表
2026-07-05 22:19:53.723 | INFO     | __main__:get_tbc_epg:258 - 正在獲取 2026/07/09 節目表
2026-07-05 22:21:41.392 | INFO     | __main__:get_tbc_epg:258 - 正在獲取 2026/07/10 節目表
2026-07-05 22:23:25.112 | INFO     | __main__:get_tbc_epg:258 - 正在獲取 2026/07/11 節目表
2026-07-05 22:25:08.046 | INFO     | __main__:get_tbc_epg:291 - 頻道 南桃園節目總表 獲取 144 個節目
2026-07-05 22:25:08.046 | INFO     | __main__:get_tbc_epg:291 - 頻道 南桃園公用頻道 獲取 192 個節目
2026-07-05 22:25:08.047 | INFO     | __main__:get_tbc_epg:291 - 頻道 CNN 獲取 175 個節目
2026-07-05 22:25:08.047 | INFO     | __main__:get_tbc_epg:291 - 頻道 民視無線台 獲取 215 個節目
2026-07-05 22:25:08.047 | INFO     | __main__:get_tbc_epg:291 - 頻道 TBC桃園生活台 獲取 240 個節目
2026-07-05 22:25:08.047 | INFO     | __main__:get_tbc_epg:291 - 頻道 台視 獲取 137 個節目
2026-07-05 22:25:08.047 | INFO     | __main__:get_tbc_epg:291 - 頻道 大愛電視台 獲取 400 個節目
2026-07-05 22:25:08.047 | INFO     | __main__:get_tbc_epg:291 - 頻道 中視 獲取 159 個節目
2026-07-05 22:25:08.047 | INFO     | __main__:get_tbc_epg:291 - 頻道 人間衛視 獲取 184 個節目
2026-07-05 22:25:08.047 | INFO     | __main__:get_tbc_epg:291 - 頻道 華視 獲取 156 個節目
2026-07-05 22:25:08.047 | INFO     | __main__:get_tbc_epg:291 - 頻道 公共電視 獲取 211 個節目
2026-07-05 22:25:08.048 | INFO     | __main__:get_tbc_epg:291 - 頻道 公視台語台 獲取 155 個節目
2026-07-05 22:25:08.048 | INFO     | __main__:get_tbc_epg:291 - 頻道 好消息頻道 獲取 290 個節目
2026-07-05 22:25:08.048 | INFO     | __main__:get_tbc_epg:291 - 頻道 原住民頻道 獲取 167 個節目
2026-07-05 22:25:08.048 | INFO     | __main__:get_tbc_epg:291 - 頻道 客家電視台 獲取 218 個節目
2026-07-05 22:25:08.048 | INFO     | __main__:get_tbc_epg:291 - 頻道 BBC Earth 獲取 155 個節目
2026-07-05 22:25:08.048 | INFO     | __main__:get_tbc_epg:291 - 頻道 Discovery 獲取 209 個節目
2026-07-05 22:25:08.048 | INFO     | __main__:get_tbc_epg:291 - 頻道 TLC旅遊生活頻道 獲取 176 個節目
2026-07-05 22:25:08.048 | INFO     | __main__:get_tbc_epg:291 - 頻道 動物星球 獲取 170 個節目
2026-07-05 22:25:08.048 | INFO     | __main__:get_tbc_epg:291 - 頻道 卡通頻道 獲取 201 個節目
2026-07-05 22:25:08.048 | INFO     | __main__:get_tbc_epg:291 - 頻道 小尼克頻道 獲取 496 個節目
2026-07-05 22:25:08.048 | INFO     | __main__:get_tbc_epg:291 - 頻道 MOMO親子台 獲取 238 個節目
2026-07-05 22:25:08.048 | INFO     | __main__:get_tbc_epg:291 - 頻道 東森幼幼台 獲取 390 個節目
2026-07-05 22:25:08.048 | INFO     | __main__:get_tbc_epg:291 - 頻道 緯來綜合台 獲取 149 個節目
2026-07-05 22:25:08.048 | INFO     | __main__:get_tbc_epg:291 - 頻道 八大第一台 獲取 141 個節目
2026-07-05 22:25:08.048 | INFO     | __main__:get_tbc_epg:291 - 頻道 八大綜合台 獲取 162 個節目
2026-07-05 22:25:08.048 | INFO     | __main__:get_tbc_epg:291 - 頻道 三立台灣台 獲取 138 個節目
2026-07-05 22:25:08.048 | INFO     | __main__:get_tbc_epg:291 - 頻道 三立都會台 獲取 141 個節目
2026-07-05 22:25:08.048 | INFO     | __main__:get_tbc_epg:291 - 頻道 華藝中文台 獲取 164 個節目
2026-07-05 22:25:08.048 | INFO     | __main__:get_tbc_epg:291 - 頻道 東森綜合台 獲取 141 個節目
2026-07-05 22:25:08.048 | INFO     | __main__:get_tbc_epg:291 - 頻道 東森超視 獲取 143 個節目
2026-07-05 22:25:08.048 | INFO     | __main__:get_tbc_epg:291 - 頻道 東森購物2台 獲取 144 個節目
2026-07-05 22:25:08.048 | INFO     | __main__:get_tbc_epg:291 - 頻道 MOMO 2台 獲取 144 個節目
2026-07-05 22:25:08.049 | INFO     | __main__:get_tbc_epg:291 - 頻道 中天綜合台 獲取 120 個節目
2026-07-05 22:25:08.049 | INFO     | __main__:get_tbc_epg:291 - 頻道 東風衛視 獲取 148 個節目
2026-07-05 22:25:08.049 | INFO     | __main__:get_tbc_epg:291 - 頻道 年代MUCH TV 獲取 177 個節目
2026-07-05 22:25:08.049 | INFO     | __main__:get_tbc_epg:291 - 頻道 中天娛樂台 獲取 139 個節目
2026-07-05 22:25:08.049 | INFO     | __main__:get_tbc_epg:291 - 頻道 東森戲劇台 獲取 142 個節目
2026-07-05 22:25:08.049 | INFO     | __main__:get_tbc_epg:291 - 頻道 八大戲劇台 獲取 144 個節目
2026-07-05 22:25:08.049 | INFO     | __main__:get_tbc_epg:291 - 頻道 TVBS歡樂台 獲取 144 個節目
2026-07-05 22:25:08.049 | INFO     | __main__:get_tbc_epg:291 - 頻道 緯來戲劇台 獲取 142 個節目
2026-07-05 22:25:08.049 | INFO     | __main__:get_tbc_epg:291 - 頻道 高點電視台 獲取 144 個節目
2026-07-05 22:25:08.049 | INFO     | __main__:get_tbc_epg:291 - 頻道 JET綜合台 獲取 138 個節目
2026-07-05 22:25:08.049 | INFO     | __main__:get_tbc_epg:291 - 頻道 東森購物3台 獲取 144 個節目
2026-07-05 22:25:08.049 | INFO     | __main__:get_tbc_epg:291 - 頻道 東森購物1台 獲取 144 個節目
2026-07-05 22:25:08.049 | INFO     | __main__:get_tbc_epg:291 - 頻道 MOMO 1台 獲取 144 個節目
2026-07-05 22:25:08.049 | INFO     | __main__:get_tbc_epg:291 - 頻道 壹電視新聞台 獲取 107 個節目
2026-07-05 22:25:08.050 | INFO     | __main__:get_tbc_epg:291 - 頻道 年代新聞台 獲取 111 個節目
2026-07-05 22:25:08.050 | INFO     | __main__:get_tbc_epg:291 - 頻道 東森新聞台 獲取 118 個節目
2026-07-05 22:25:08.050 | INFO     | __main__:get_tbc_epg:291 - 頻道 民視新聞台 獲取 144 個節目
2026-07-05 22:25:08.050 | INFO     | __main__:get_tbc_epg:291 - 頻道 三立新聞台 獲取 138 個節目
2026-07-05 22:25:08.050 | INFO     | __main__:get_tbc_epg:291 - 頻道 TVBS 新聞台 獲取 114 個節目
2026-07-05 22:25:08.050 | INFO     | __main__:get_tbc_epg:291 - 頻道 TVBS 獲取 118 個節目
2026-07-05 22:25:08.050 | INFO     | __main__:get_tbc_epg:291 - 頻道 東森財經新聞台 獲取 136 個節目
2026-07-05 22:25:08.050 | INFO     | __main__:get_tbc_epg:291 - 頻道 非凡新聞台 獲取 146 個節目
2026-07-05 22:25:08.050 | INFO     | __main__:get_tbc_epg:291 - 頻道 ViVa1台 獲取 144 個節目
2026-07-05 22:25:08.050 | INFO     | __main__:get_tbc_epg:291 - 頻道 東森購物5台 獲取 144 個節目
2026-07-05 22:25:08.050 | INFO     | __main__:get_tbc_epg:291 - 頻道 CATCHPLAY電影台 獲取 138 個節目
2026-07-05 22:25:08.050 | INFO     | __main__:get_tbc_epg:291 - 頻道 東森電影台 獲取 97 個節目
2026-07-05 22:25:08.050 | INFO     | __main__:get_tbc_epg:291 - 頻道 緯來電影台 獲取 85 個節目
2026-07-05 22:25:08.050 | INFO     | __main__:get_tbc_epg:291 - 頻道 LS Time電影台 獲取 68 個節目
2026-07-05 22:25:08.050 | INFO     | __main__:get_tbc_epg:291 - 頻道 HBO 獲取 87 個節目
2026-07-05 22:25:08.051 | INFO     | __main__:get_tbc_epg:291 - 頻道 東森洋片台 獲取 78 個節目
2026-07-05 22:25:08.051 | INFO     | __main__:get_tbc_epg:291 - 頻道 AXN 獲取 131 個節目
2026-07-05 22:25:08.051 | INFO     | __main__:get_tbc_epg:291 - 頻道 好萊塢電影台 獲取 76 個節目
2026-07-05 22:25:08.051 | INFO     | __main__:get_tbc_epg:291 - 頻道 amc電影台 獲取 104 個節目
2026-07-05 22:25:08.051 | INFO     | __main__:get_tbc_epg:291 - 頻道 緯來育樂台 獲取 128 個節目
2026-07-05 22:25:08.051 | INFO     | __main__:get_tbc_epg:291 - 頻道 CINEMAX 獲取 85 個節目
2026-07-05 22:25:08.051 | INFO     | __main__:get_tbc_epg:291 - 頻道 緯來體育台 獲取 107 個節目
2026-07-05 22:25:08.051 | INFO     | __main__:get_tbc_epg:291 - 頻道 DAZN 1 獲取 86 個節目
2026-07-05 22:25:08.051 | INFO     | __main__:get_tbc_epg:291 - 頻道 DAZN 2 獲取 90 個節目
2026-07-05 22:25:08.051 | INFO     | __main__:get_tbc_epg:291 - 頻道 MOMO綜合台 獲取 89 個節目
2026-07-05 22:25:08.051 | INFO     | __main__:get_tbc_epg:291 - 頻道 緯來日本台 獲取 129 個節目
2026-07-05 22:25:08.051 | INFO     | __main__:get_tbc_epg:291 - 頻道 國興衛視 獲取 192 個節目
2026-07-05 22:25:08.051 | INFO     | __main__:get_tbc_epg:291 - 頻道 BBC Lifestyle 獲取 180 個節目
2026-07-05 22:25:08.051 | INFO     | __main__:get_tbc_epg:291 - 頻道 靖天資訊台 獲取 163 個節目
2026-07-05 22:25:08.051 | INFO     | __main__:get_tbc_epg:291 - 頻道 信吉電視台 獲取 71 個節目
2026-07-05 22:25:08.052 | INFO     | __main__:get_tbc_epg:291 - 頻道 信大電視台 獲取 72 個節目
2026-07-05 22:25:08.052 | INFO     | __main__:get_tbc_epg:291 - 頻道 中台灣生活網頻道 獲取 288 個節目
2026-07-05 22:25:08.052 | INFO     | __main__:get_tbc_epg:291 - 頻道 TBC台中生活台 獲取 288 個節目
2026-07-05 22:25:08.052 | INFO     | __main__:get_tbc_epg:291 - 頻道 鏡電視新聞台 獲取 139 個節目
2026-07-05 22:25:08.052 | INFO     | __main__:get_tbc_epg:291 - 頻道 台灣藝術台 獲取 90 個節目
2026-07-05 22:25:08.052 | INFO     | __main__:get_tbc_epg:291 - 頻道 樂視台 獲取 288 個節目
2026-07-05 22:25:08.052 | INFO     | __main__:get_tbc_epg:291 - 頻道 非凡商業台 獲取 174 個節目
2026-07-05 22:25:08.052 | INFO     | __main__:get_tbc_epg:291 - 頻道 三立財經新聞台 獲取 139 個節目
2026-07-05 22:25:08.052 | INFO     | __main__:get_tbc_epg:291 - 頻道 冠軍電視台 獲取 78 個節目
2026-07-05 22:25:08.052 | INFO     | __main__:get_tbc_epg:291 - 頻道 運通財經綜合台 獲取 288 個節目
2026-07-05 22:25:08.052 | INFO     | __main__:get_tbc_epg:291 - 頻道 SBN全球財經台 獲取 288 個節目
2026-07-05 22:25:08.052 | INFO     | __main__:get_tbc_epg:291 - 頻道 誠心電視台 獲取 72 個節目
2026-07-05 22:25:08.052 | INFO     | __main__:get_tbc_epg:291 - 頻道 NHK 獲取 410 個節目
2026-07-05 22:25:08.052 | INFO     | __main__:get_tbc_epg:291 - 頻道 MTV 獲取 159 個節目
2026-07-05 22:25:08.052 | INFO     | __main__:get_tbc_epg:291 - 頻道 Animax 獲取 278 個節目
2026-07-05 22:25:08.053 | INFO     | __main__:get_tbc_epg:291 - 頻道 霹靂台灣台 獲取 134 個節目
2026-07-05 22:25:08.053 | INFO     | __main__:get_tbc_epg:291 - 頻道 海豚綜合台 獲取 102 個節目
2026-07-05 22:25:08.053 | INFO     | __main__:get_tbc_epg:291 - 頻道 八大娛樂台 獲取 140 個節目
2026-07-05 22:25:08.053 | INFO     | __main__:get_tbc_epg:291 - 頻道 十方法界 獲取 250 個節目
2026-07-05 22:25:08.053 | INFO     | __main__:get_tbc_epg:291 - 頻道 壹電視電影台 獲取 97 個節目
2026-07-05 22:25:08.053 | INFO     | __main__:get_tbc_epg:291 - 頻道 華藏衛視  獲取 178 個節目
2026-07-05 22:25:08.053 | INFO     | __main__:get_tbc_epg:291 - 頻道 壹電視資訊綜合台 獲取 160 個節目
2026-07-05 22:25:08.053 | INFO     | __main__:get_tbc_epg:291 - 頻道 佛衛慈悲台 獲取 184 個節目
2026-07-05 22:25:08.053 | INFO     | __main__:get_tbc_epg:291 - 頻道 紅豆電視台 獲取 84 個節目
2026-07-05 22:25:08.053 | INFO     | __main__:get_tbc_epg:291 - 頻道 全大電視台 獲取 72 個節目
2026-07-05 22:25:08.053 | INFO     | __main__:get_tbc_epg:291 - 頻道 華藝台灣台 獲取 66 個節目
2026-07-05 22:25:08.053 | INFO     | __main__:get_tbc_epg:291 - 頻道 正德電視台 獲取 144 個節目
2026-07-05 22:25:08.053 | INFO     | __main__:get_tbc_epg:291 - 頻道 天良綜合台 獲取 60 個節目
2026-07-05 22:25:08.053 | INFO     | __main__:get_tbc_epg:291 - 頻道 番薯衛星電視台 獲取 24 個節目
2026-07-05 22:25:08.053 | INFO     | __main__:get_tbc_epg:291 - 頻道 富立電視台 獲取 72 個節目
2026-07-05 22:25:08.053 | INFO     | __main__:get_tbc_epg:291 - 頻道 Z頻道 獲取 144 個節目
2026-07-05 22:25:08.053 | INFO     | __main__:get_tbc_epg:291 - 頻道 冠軍夢想台 獲取 72 個節目
2026-07-05 22:25:08.053 | INFO     | __main__:get_tbc_epg:291 - 頻道 新天地民俗台 獲取 144 個節目
2026-07-05 22:25:08.053 | INFO     | __main__:get_tbc_epg:291 - 頻道 三聖電視台 獲取 144 個節目
2026-07-05 22:25:08.053 | INFO     | __main__:get_tbc_epg:291 - 頻道 威達超舜生活台 獲取 90 個節目
2026-07-05 22:25:08.053 | INFO     | __main__:get_tbc_epg:291 - 頻道 天美麗電視台 獲取 48 個節目
2026-07-05 22:25:08.053 | INFO     | __main__:get_tbc_epg:291 - 頻道 大立電視台 獲取 72 個節目
2026-07-05 22:25:08.053 | INFO     | __main__:get_tbc_epg:291 - 頻道 小公視 獲取 254 個節目
2026-07-05 22:25:08.053 | INFO     | __main__:get_tbc_epg:291 - 頻道 華視教育體育文化台 獲取 273 個節目
2026-07-05 22:25:08.054 | INFO     | __main__:get_tbc_epg:291 - 頻道 國會頻道1台 獲取 72 個節目
2026-07-05 22:25:08.054 | INFO     | __main__:get_tbc_epg:291 - 頻道 國會頻道2台 獲取 72 個節目
2026-07-05 22:25:08.054 | INFO     | __main__:get_tbc_epg:291 - 頻道 幸福空間居家台 獲取 145 個節目
2026-07-05 22:25:08.054 | INFO     | __main__:get_tbc_epg:291 - 頻道 高點育樂台 獲取 149 個節目
2026-07-05 22:25:08.054 | INFO     | __main__:get_tbc_epg:291 - 頻道 台灣綜合台 獲取 144 個節目
2026-07-05 22:25:08.054 | INFO     | __main__:get_tbc_epg:291 - 頻道 大台中生活頻道 獲取 147 個節目
2026-07-05 22:25:08.054 | INFO     | __main__:get_tbc_epg:291 - 頻道 彰化生活台 獲取 144 個節目
2026-07-05 22:25:08.054 | INFO     | __main__:get_tbc_epg:291 - 頻道 唯心電視台 獲取 228 個節目
2026-07-05 22:25:08.054 | INFO     | __main__:get_tbc_epg:291 - 頻道 美麗人生購物台 獲取 144 個節目
2026-07-05 22:25:08.054 | INFO     | __main__:get_tbc_epg:291 - 頻道 大愛二台  獲取 291 個節目
2026-07-05 22:25:08.054 | INFO     | __main__:get_tbc_epg:291 - 頻道 靖天映畫 獲取 78 個節目
2026-07-05 22:25:08.054 | INFO     | __main__:get_tbc_epg:291 - 頻道 靖洋戲劇台 獲取 154 個節目
2026-07-05 22:25:08.055 | INFO     | __main__:get_tbc_epg:291 - 頻道 ROCK Action 獲取 89 個節目
2026-07-05 22:25:08.055 | INFO     | __main__:get_tbc_epg:291 - 頻道 Global Trekker 探索世界  獲取 197 個節目
2026-07-05 22:25:08.055 | INFO     | __main__:get_tbc_epg:291 - 頻道 靖天綜合台 獲取 144 個節目
2026-07-05 22:25:08.055 | INFO     | __main__:get_tbc_epg:291 - 頻道 寶島文化台 獲取 144 個節目
2026-07-05 22:25:08.055 | INFO     | __main__:get_tbc_epg:291 - 頻道 TaiwanPlus 獲取 339 個節目
2026-07-05 22:25:08.055 | INFO     | __main__:get_tbc_epg:291 - 頻道 BBC News 獲取 309 個節目
2026-07-05 22:25:08.055 | INFO     | __main__:get_tbc_epg:291 - 頻道 民視第一台 獲取 197 個節目
2026-07-05 22:25:08.055 | INFO     | __main__:get_tbc_epg:291 - 頻道 民視台灣台 獲取 179 個節目
2026-07-05 22:25:08.055 | INFO     | __main__:get_tbc_epg:291 - 頻道 中視新聞台 獲取 144 個節目
2026-07-05 22:25:08.055 | INFO     | __main__:get_tbc_epg:291 - 頻道 台視新聞台 獲取 150 個節目
2026-07-05 22:25:08.055 | INFO     | __main__:get_tbc_epg:291 - 頻道 台視財經台 獲取 122 個節目
2026-07-05 22:25:08.055 | INFO     | __main__:get_tbc_epg:291 - 頻道 台視綜合台 獲取 147 個節目
2026-07-05 22:25:08.055 | INFO     | __main__:get_tbc_epg:291 - 頻道 彭博財經台 獲取 129 個節目
2026-07-05 22:25:08.055 | INFO     | __main__:get_tbc_epg:291 - 頻道 Channel NewsAsia 獲取 164 個節目
2026-07-05 22:25:08.055 | INFO     | __main__:get_tbc_epg:291 - 頻道 韓國阿里郎 獲取 320 個節目
2026-07-05 22:25:08.055 | INFO     | __main__:get_tbc_epg:291 - 頻道 DREAMWORKS 獲取 349 個節目
2026-07-05 22:25:08.056 | INFO     | __main__:get_tbc_epg:291 - 頻道 Warner TV 獲取 257 個節目
2026-07-05 22:25:08.056 | INFO     | __main__:get_tbc_epg:291 - 頻道 靖天電影台 獲取 83 個節目
2026-07-05 22:25:08.056 | INFO     | __main__:get_tbc_epg:291 - 頻道 CinemaWorld 獲取 91 個節目
2026-07-05 22:25:08.056 | INFO     | __main__:get_tbc_epg:291 - 頻道 HBO HD 獲取 181 個節目
2026-07-05 22:25:08.056 | INFO     | __main__:get_tbc_epg:291 - 頻道 HBO 強檔鉅獻 獲取 94 個節目
2026-07-05 22:25:08.056 | INFO     | __main__:get_tbc_epg:291 - 頻道 HBO 原創鉅獻 獲取 102 個節目
2026-07-05 22:25:08.056 | INFO     | __main__:get_tbc_epg:291 - 頻道 HBO 溫馨家庭 獲取 311 個節目
2026-07-05 22:25:08.056 | INFO     | __main__:get_tbc_epg:291 - 頻道 靖天日本台 獲取 238 個節目
2026-07-05 22:25:08.056 | INFO     | __main__:get_tbc_epg:291 - 頻道 EVE 獲取 247 個節目
2026-07-05 22:25:08.056 | INFO     | __main__:get_tbc_epg:291 - 頻道 tvN 獲取 107 個節目
2026-07-05 22:25:08.056 | INFO     | __main__:get_tbc_epg:291 - 頻道 靖天歡樂台 獲取 147 個節目
2026-07-05 22:25:08.056 | INFO     | __main__:get_tbc_epg:291 - 頻道 HITS 獲取 173 個節目
2026-07-05 22:25:08.056 | INFO     | __main__:get_tbc_epg:291 - 頻道 韓國娛樂台KMTV 獲取 233 個節目
2026-07-05 22:25:08.056 | INFO     | __main__:get_tbc_epg:291 - 頻道 靖天育樂台 獲取 164 個節目
2026-07-05 22:25:08.056 | INFO     | __main__:get_tbc_epg:291 - 頻道 Lifetime 獲取 145 個節目
2026-07-05 22:25:08.057 | INFO     | __main__:get_tbc_epg:291 - 頻道 罪案偵緝頻道 獲取 182 個節目
2026-07-05 22:25:08.057 | INFO     | __main__:get_tbc_epg:291 - 頻道 寵物頻道 獲取 160 個節目
2026-07-05 22:25:08.057 | INFO     | __main__:get_tbc_epg:291 - 頻道 歷史頻道 獲取 166 個節目
2026-07-05 22:25:08.057 | INFO     | __main__:get_tbc_epg:291 - 頻道 Discovery Asia 獲取 205 個節目
2026-07-05 22:25:08.057 | INFO     | __main__:get_tbc_epg:291 - 頻道 Discovery科學頻道 獲取 240 個節目
2026-07-05 22:25:08.057 | INFO     | __main__:get_tbc_epg:291 - 頻道 DMAX 獲取 213 個節目
2026-07-05 22:25:08.057 | INFO     | __main__:get_tbc_epg:291 - 頻道 寰宇新聞台灣台 獲取 150 個節目
2026-07-05 22:25:08.057 | INFO     | __main__:get_tbc_epg:291 - 頻道 亞洲旅遊台 獲取 144 個節目
2026-07-05 22:25:08.057 | INFO     | __main__:get_tbc_epg:291 - 頻道 梅迪奇藝術 獲取 102 個節目
2026-07-05 22:25:08.057 | INFO     | __main__:get_tbc_epg:291 - 頻道 博斯運動二台 獲取 68 個節目
2026-07-05 22:25:08.057 | INFO     | __main__:get_tbc_epg:291 - 頻道 博斯網球台 獲取 25 個節目
2026-07-05 22:25:08.057 | INFO     | __main__:get_tbc_epg:291 - 頻道 博斯無限台 獲取 67 個節目
2026-07-05 22:25:08.057 | INFO     | __main__:get_tbc_epg:291 - 頻道 博斯高球1台 獲取 48 個節目
2026-07-05 22:25:08.057 | INFO     | __main__:get_tbc_epg:291 - 頻道 博斯高球2台 獲取 42 個節目
2026-07-05 22:25:08.057 | INFO     | __main__:get_tbc_epg:291 - 頻道 博斯魅力網 獲取 59 個節目
2026-07-05 22:25:08.058 | INFO     | __main__:get_tbc_epg:291 - 頻道 博斯運動一台 獲取 35 個節目
2026-07-05 22:25:08.058 | INFO     | __main__:get_tbc_epg:291 - 頻道 博斯無限二台 獲取 81 個節目
2026-07-05 22:25:08.058 | INFO     | __main__:get_tbc_epg:291 - 頻道 尼克兒童頻道 獲取 393 個節目
2026-07-05 22:25:08.058 | INFO     | __main__:get_tbc_epg:291 - 頻道 達文西頻道 獲取 594 個節目
2026-07-05 22:25:08.058 | INFO     | __main__:get_tbc_epg:291 - 頻道 CBeebies 獲取 966 個節目
2026-07-05 22:25:08.058 | INFO     | __main__:get_tbc_epg:291 - 頻道 CARTOONITO 獲取 252 個節目
2026-07-05 22:25:08.058 | INFO     | __main__:get_tbc_epg:291 - 頻道 靖洋卡通台 獲取 288 個節目
2026-07-05 22:25:08.058 | INFO     | __main__:get_tbc_epg:291 - 頻道 靖天卡通台 獲取 254 個節目
2026-07-05 22:25:08.058 | INFO     | __main__:get_tbc_epg:291 - 頻道 LOVE NATURE 4K 獲取 168 個節目
2026-07-05 22:25:08.058 | INFO     | __main__:get_tbc_epg:291 - 頻道 ROCK ENTERTAINMENT 獲取 150 個節目
2026-07-05 22:25:08.058 | INFO     | __main__:get_tbc_epg:291 - 頻道 ROCK EXTREME 獲取 150 個節目
2026-07-05 22:25:08.058 | INFO     | __main__:get_tbc_epg:291 - 頻道 彩虹頻道 獲取 143 個節目
2026-07-05 22:25:08.058 | INFO     | __main__:get_tbc_epg:291 - 頻道 彩虹e台 獲取 58 個節目
2026-07-05 22:25:08.058 | INFO     | __main__:get_tbc_epg:291 - 頻道 彩虹電影台 獲取 60 個節目
2026-07-05 22:25:08.058 | INFO     | __main__:get_tbc_epg:291 - 頻道 K 頻道 獲取 70 個節目
2026-07-05 22:25:08.059 | INFO     | __main__:get_tbc_epg:291 - 頻道 松視1台 獲取 72 個節目
2026-07-05 22:25:08.059 | INFO     | __main__:get_tbc_epg:291 - 頻道 松視2台 獲取 72 個節目
2026-07-05 22:25:08.059 | INFO     | __main__:get_tbc_epg:291 - 頻道 松視3台 獲取 108 個節目
2026-07-05 22:25:08.059 | INFO     | __main__:get_tbc_epg:291 - 頻道 松視4台 獲取 115 個節目
2026-07-05 22:25:08.059 | INFO     | __main__:get_tbc_epg:291 - 頻道 潘朵啦高畫質玩美台 獲取 72 個節目
2026-07-05 22:25:08.059 | INFO     | __main__:get_tbc_epg:291 - 頻道 潘朵啦高畫質粉紅台 獲取 78 個節目
2026-07-05 22:25:08.059 | INFO     | __main__:get_tbc_epg:291 - 頻道 JStar極限台電影頻道 獲取 91 個節目
2026-07-05 22:25:08.059 | INFO     | __main__:get_tbc_epg:291 - 頻道 驚豔成人電影台 獲取 69 個節目
2026-07-05 22:25:08.059 | INFO     | __main__:get_tbc_epg:291 - 頻道 香蕉台 獲取 96 個節目
2026-07-05 22:25:08.059 | INFO     | __main__:get_tbc_epg:291 - 頻道 樂活頻道 獲取 102 個節目
2026-07-05 22:25:08.059 | INFO     | __main__:get_tbc_epg:291 - 頻道 玩家頻道 獲取 144 個節目
2026-07-05 22:25:08.059 | INFO     | __main__:get_tbc_epg:291 - 頻道 Happy 獲取 72 個節目
2026-07-05 22:25:08.059 | INFO     | __main__:get_tbc_epg:291 - 頻道 Hot 獲取 144 個節目
2026-07-05 22:25:08.059 | INFO     | __main__:get_tbc_epg:292 - 總計獲取 32310 個節目
2026-07-05 22:25:11.175 | INFO     | __main__:main:361 - EPG 已儲存到 ./output/epg_tbc.xml
2026-07-05 22:25:11.175 | INFO     | __main__:main:363 - ========== 抓取完成 ==========
2026-07-06 03:21:54 | INFO | ==================================================
2026-07-06 03:21:54 | INFO | 開始生成四季線上電子節目單
2026-07-06 03:21:54 | INFO | 輸出目錄: /home/runner/work/EPG/EPG/output
2026-07-06 03:21:54 | SUCCESS | 已更新本地頻道檔案，保存 132 個頻道
2026-07-06 03:21:54 | SUCCESS | 從 API 獲取到 132 個頻道（已跳過 9 個）
2026-07-06 03:21:54 | INFO | 成功加載 132 個頻道
2026-07-06 03:22:13 | INFO | 共獲取 13414 個節目
2026-07-06 03:22:13 | INFO | 電子節目單已生成: /home/runner/work/EPG/EPG/output/4g.xml
2026-07-06 03:22:13 | SUCCESS | EPG 生成完成
2026-07-06 22:38:59.899 | INFO     | __main__:main:350 - ========== 開始抓取 TBC EPG ==========
2026-07-06 22:38:59.899 | INFO     | __main__:get_tbc_epg:246 - 正在獲取TBC EPG
2026-07-06 22:39:03.608 | INFO     | __main__:get_channels_tbc:161 - 成功獲取 233 個頻道
2026-07-06 22:39:03.608 | INFO     | __main__:get_tbc_epg:258 - 正在獲取 2026/07/07 節目表
2026-07-06 22:40:58.729 | INFO     | __main__:get_tbc_epg:258 - 正在獲取 2026/07/08 節目表
2026-07-06 22:42:50.685 | INFO     | __main__:get_tbc_epg:258 - 正在獲取 2026/07/09 節目表
2026-07-06 22:44:45.186 | INFO     | __main__:get_tbc_epg:258 - 正在獲取 2026/07/10 節目表
2026-07-06 22:46:44.863 | INFO     | __main__:get_tbc_epg:258 - 正在獲取 2026/07/11 節目表
2026-07-06 22:48:40.463 | INFO     | __main__:get_tbc_epg:258 - 正在獲取 2026/07/12 節目表
2026-07-06 22:50:26.739 | INFO     | __main__:get_tbc_epg:291 - 頻道 南桃園節目總表 獲取 144 個節目
2026-07-06 22:50:26.739 | INFO     | __main__:get_tbc_epg:291 - 頻道 南桃園公用頻道 獲取 193 個節目
2026-07-06 22:50:26.739 | INFO     | __main__:get_tbc_epg:291 - 頻道 CNN 獲取 180 個節目
2026-07-06 22:50:26.739 | INFO     | __main__:get_tbc_epg:291 - 頻道 民視無線台 獲取 205 個節目
2026-07-06 22:50:26.739 | INFO     | __main__:get_tbc_epg:291 - 頻道 TBC桃園生活台 獲取 240 個節目
2026-07-06 22:50:26.739 | INFO     | __main__:get_tbc_epg:291 - 頻道 台視 獲取 132 個節目
2026-07-06 22:50:26.739 | INFO     | __main__:get_tbc_epg:291 - 頻道 大愛電視台 獲取 374 個節目
2026-07-06 22:50:26.739 | INFO     | __main__:get_tbc_epg:291 - 頻道 中視 獲取 152 個節目
2026-07-06 22:50:26.739 | INFO     | __main__:get_tbc_epg:291 - 頻道 人間衛視 獲取 183 個節目
2026-07-06 22:50:26.739 | INFO     | __main__:get_tbc_epg:291 - 頻道 華視 獲取 150 個節目
2026-07-06 22:50:26.739 | INFO     | __main__:get_tbc_epg:291 - 頻道 公共電視 獲取 206 個節目
2026-07-06 22:50:26.739 | INFO     | __main__:get_tbc_epg:291 - 頻道 公視台語台 獲取 158 個節目
2026-07-06 22:50:26.739 | INFO     | __main__:get_tbc_epg:291 - 頻道 好消息頻道 獲取 278 個節目
2026-07-06 22:50:26.739 | INFO     | __main__:get_tbc_epg:291 - 頻道 原住民頻道 獲取 171 個節目
2026-07-06 22:50:26.740 | INFO     | __main__:get_tbc_epg:291 - 頻道 客家電視台 獲取 223 個節目
2026-07-06 22:50:26.740 | INFO     | __main__:get_tbc_epg:291 - 頻道 BBC Earth 獲取 155 個節目
2026-07-06 22:50:26.740 | INFO     | __main__:get_tbc_epg:291 - 頻道 Discovery 獲取 201 個節目
2026-07-06 22:50:26.740 | INFO     | __main__:get_tbc_epg:291 - 頻道 TLC旅遊生活頻道 獲取 171 個節目
2026-07-06 22:50:26.740 | INFO     | __main__:get_tbc_epg:291 - 頻道 動物星球 獲取 167 個節目
2026-07-06 22:50:26.740 | INFO     | __main__:get_tbc_epg:291 - 頻道 卡通頻道 獲取 204 個節目
2026-07-06 22:50:26.740 | INFO     | __main__:get_tbc_epg:291 - 頻道 小尼克頻道 獲取 494 個節目
2026-07-06 22:50:26.740 | INFO     | __main__:get_tbc_epg:291 - 頻道 MOMO親子台 獲取 225 個節目
2026-07-06 22:50:26.740 | INFO     | __main__:get_tbc_epg:291 - 頻道 東森幼幼台 獲取 361 個節目
2026-07-06 22:50:26.740 | INFO     | __main__:get_tbc_epg:291 - 頻道 緯來綜合台 獲取 141 個節目
2026-07-06 22:50:26.740 | INFO     | __main__:get_tbc_epg:291 - 頻道 八大第一台 獲取 141 個節目
2026-07-06 22:50:26.740 | INFO     | __main__:get_tbc_epg:291 - 頻道 八大綜合台 獲取 161 個節目
2026-07-06 22:50:26.740 | INFO     | __main__:get_tbc_epg:291 - 頻道 三立台灣台 獲取 134 個節目
2026-07-06 22:50:26.740 | INFO     | __main__:get_tbc_epg:291 - 頻道 三立都會台 獲取 135 個節目
2026-07-06 22:50:26.740 | INFO     | __main__:get_tbc_epg:291 - 頻道 華藝中文台 獲取 168 個節目
2026-07-06 22:50:26.740 | INFO     | __main__:get_tbc_epg:291 - 頻道 東森綜合台 獲取 138 個節目
2026-07-06 22:50:26.740 | INFO     | __main__:get_tbc_epg:291 - 頻道 東森超視 獲取 138 個節目
2026-07-06 22:50:26.740 | INFO     | __main__:get_tbc_epg:291 - 頻道 東森購物2台 獲取 144 個節目
2026-07-06 22:50:26.740 | INFO     | __main__:get_tbc_epg:291 - 頻道 MOMO 2台 獲取 144 個節目
2026-07-06 22:50:26.740 | INFO     | __main__:get_tbc_epg:291 - 頻道 中天綜合台 獲取 116 個節目
2026-07-06 22:50:26.740 | INFO     | __main__:get_tbc_epg:291 - 頻道 東風衛視 獲取 150 個節目
2026-07-06 22:50:26.740 | INFO     | __main__:get_tbc_epg:291 - 頻道 年代MUCH TV 獲取 174 個節目
2026-07-06 22:50:26.740 | INFO     | __main__:get_tbc_epg:291 - 頻道 中天娛樂台 獲取 134 個節目
2026-07-06 22:50:26.740 | INFO     | __main__:get_tbc_epg:291 - 頻道 東森戲劇台 獲取 142 個節目
2026-07-06 22:50:26.740 | INFO     | __main__:get_tbc_epg:291 - 頻道 八大戲劇台 獲取 144 個節目
2026-07-06 22:50:26.740 | INFO     | __main__:get_tbc_epg:291 - 頻道 TVBS歡樂台 獲取 143 個節目
2026-07-06 22:50:26.740 | INFO     | __main__:get_tbc_epg:291 - 頻道 緯來戲劇台 獲取 141 個節目
2026-07-06 22:50:26.740 | INFO     | __main__:get_tbc_epg:291 - 頻道 高點電視台 獲取 144 個節目
2026-07-06 22:50:26.740 | INFO     | __main__:get_tbc_epg:291 - 頻道 JET綜合台 獲取 139 個節目
2026-07-06 22:50:26.740 | INFO     | __main__:get_tbc_epg:291 - 頻道 東森購物3台 獲取 144 個節目
2026-07-06 22:50:26.740 | INFO     | __main__:get_tbc_epg:291 - 頻道 東森購物1台 獲取 144 個節目
2026-07-06 22:50:26.740 | INFO     | __main__:get_tbc_epg:291 - 頻道 MOMO 1台 獲取 144 個節目
2026-07-06 22:50:26.740 | INFO     | __main__:get_tbc_epg:291 - 頻道 壹電視新聞台 獲取 111 個節目
2026-07-06 22:50:26.740 | INFO     | __main__:get_tbc_epg:291 - 頻道 年代新聞台 獲取 115 個節目
2026-07-06 22:50:26.740 | INFO     | __main__:get_tbc_epg:291 - 頻道 東森新聞台 獲取 118 個節目
2026-07-06 22:50:26.740 | INFO     | __main__:get_tbc_epg:291 - 頻道 民視新聞台 獲取 143 個節目
2026-07-06 22:50:26.740 | INFO     | __main__:get_tbc_epg:291 - 頻道 三立新聞台 獲取 138 個節目
2026-07-06 22:50:26.740 | INFO     | __main__:get_tbc_epg:291 - 頻道 TVBS 新聞台 獲取 114 個節目
2026-07-06 22:50:26.740 | INFO     | __main__:get_tbc_epg:291 - 頻道 TVBS 獲取 119 個節目
2026-07-06 22:50:26.740 | INFO     | __main__:get_tbc_epg:291 - 頻道 東森財經新聞台 獲取 140 個節目
2026-07-06 22:50:26.740 | INFO     | __main__:get_tbc_epg:291 - 頻道 非凡新聞台 獲取 147 個節目
2026-07-06 22:50:26.741 | INFO     | __main__:get_tbc_epg:291 - 頻道 ViVa1台 獲取 144 個節目
2026-07-06 22:50:26.741 | INFO     | __main__:get_tbc_epg:291 - 頻道 東森購物5台 獲取 144 個節目
2026-07-06 22:50:26.741 | INFO     | __main__:get_tbc_epg:291 - 頻道 CATCHPLAY電影台 獲取 138 個節目
2026-07-06 22:50:26.741 | INFO     | __main__:get_tbc_epg:291 - 頻道 東森電影台 獲取 96 個節目
2026-07-06 22:50:26.741 | INFO     | __main__:get_tbc_epg:291 - 頻道 緯來電影台 獲取 82 個節目
2026-07-06 22:50:26.741 | INFO     | __main__:get_tbc_epg:291 - 頻道 LS Time電影台 獲取 68 個節目
2026-07-06 22:50:26.741 | INFO     | __main__:get_tbc_epg:291 - 頻道 HBO 獲取 87 個節目
2026-07-06 22:50:26.741 | INFO     | __main__:get_tbc_epg:291 - 頻道 東森洋片台 獲取 79 個節目
2026-07-06 22:50:26.741 | INFO     | __main__:get_tbc_epg:291 - 頻道 AXN 獲取 125 個節目
2026-07-06 22:50:26.741 | INFO     | __main__:get_tbc_epg:291 - 頻道 好萊塢電影台 獲取 77 個節目
2026-07-06 22:50:26.741 | INFO     | __main__:get_tbc_epg:291 - 頻道 amc電影台 獲取 104 個節目
2026-07-06 22:50:26.741 | INFO     | __main__:get_tbc_epg:291 - 頻道 緯來育樂台 獲取 125 個節目
2026-07-06 22:50:26.741 | INFO     | __main__:get_tbc_epg:291 - 頻道 CINEMAX 獲取 87 個節目
2026-07-06 22:50:26.741 | INFO     | __main__:get_tbc_epg:291 - 頻道 緯來體育台 獲取 101 個節目
2026-07-06 22:50:26.741 | INFO     | __main__:get_tbc_epg:291 - 頻道 DAZN 1 獲取 84 個節目
2026-07-06 22:50:26.741 | INFO     | __main__:get_tbc_epg:291 - 頻道 DAZN 2 獲取 93 個節目
2026-07-06 22:50:26.741 | INFO     | __main__:get_tbc_epg:291 - 頻道 MOMO綜合台 獲取 96 個節目
2026-07-06 22:50:26.741 | INFO     | __main__:get_tbc_epg:291 - 頻道 緯來日本台 獲取 128 個節目
2026-07-06 22:50:26.741 | INFO     | __main__:get_tbc_epg:291 - 頻道 國興衛視 獲取 194 個節目
2026-07-06 22:50:26.741 | INFO     | __main__:get_tbc_epg:291 - 頻道 BBC Lifestyle 獲取 182 個節目
2026-07-06 22:50:26.741 | INFO     | __main__:get_tbc_epg:291 - 頻道 靖天資訊台 獲取 159 個節目
2026-07-06 22:50:26.741 | INFO     | __main__:get_tbc_epg:291 - 頻道 信吉電視台 獲取 71 個節目
2026-07-06 22:50:26.741 | INFO     | __main__:get_tbc_epg:291 - 頻道 信大電視台 獲取 72 個節目
2026-07-06 22:50:26.741 | INFO     | __main__:get_tbc_epg:291 - 頻道 中台灣生活網頻道 獲取 288 個節目
2026-07-06 22:50:26.741 | INFO     | __main__:get_tbc_epg:291 - 頻道 TBC台中生活台 獲取 288 個節目
2026-07-06 22:50:26.741 | INFO     | __main__:get_tbc_epg:291 - 頻道 鏡電視新聞台 獲取 138 個節目
2026-07-06 22:50:26.741 | INFO     | __main__:get_tbc_epg:291 - 頻道 台灣藝術台 獲取 90 個節目
2026-07-06 22:50:26.741 | INFO     | __main__:get_tbc_epg:291 - 頻道 樂視台 獲取 288 個節目
2026-07-06 22:50:26.741 | INFO     | __main__:get_tbc_epg:291 - 頻道 非凡商業台 獲取 178 個節目
2026-07-06 22:50:26.741 | INFO     | __main__:get_tbc_epg:291 - 頻道 三立財經新聞台 獲取 139 個節目
2026-07-06 22:50:26.741 | INFO     | __main__:get_tbc_epg:291 - 頻道 冠軍電視台 獲取 78 個節目
2026-07-06 22:50:26.741 | INFO     | __main__:get_tbc_epg:291 - 頻道 運通財經綜合台 獲取 288 個節目
2026-07-06 22:50:26.741 | INFO     | __main__:get_tbc_epg:291 - 頻道 SBN全球財經台 獲取 288 個節目
2026-07-06 22:50:26.741 | INFO     | __main__:get_tbc_epg:291 - 頻道 誠心電視台 獲取 72 個節目
2026-07-06 22:50:26.741 | INFO     | __main__:get_tbc_epg:291 - 頻道 NHK 獲取 397 個節目
2026-07-06 22:50:26.741 | INFO     | __main__:get_tbc_epg:291 - 頻道 MTV 獲取 157 個節目
2026-07-06 22:50:26.741 | INFO     | __main__:get_tbc_epg:291 - 頻道 Animax 獲取 277 個節目
2026-07-06 22:50:26.741 | INFO     | __main__:get_tbc_epg:291 - 頻道 霹靂台灣台 獲取 137 個節目
2026-07-06 22:50:26.741 | INFO     | __main__:get_tbc_epg:291 - 頻道 海豚綜合台 獲取 102 個節目
2026-07-06 22:50:26.742 | INFO     | __main__:get_tbc_epg:291 - 頻道 八大娛樂台 獲取 141 個節目
2026-07-06 22:50:26.742 | INFO     | __main__:get_tbc_epg:291 - 頻道 十方法界 獲取 249 個節目
2026-07-06 22:50:26.742 | INFO     | __main__:get_tbc_epg:291 - 頻道 壹電視電影台 獲取 97 個節目
2026-07-06 22:50:26.742 | INFO     | __main__:get_tbc_epg:291 - 頻道 華藏衛視  獲取 167 個節目
2026-07-06 22:50:26.742 | INFO     | __main__:get_tbc_epg:291 - 頻道 壹電視資訊綜合台 獲取 161 個節目
2026-07-06 22:50:26.742 | INFO     | __main__:get_tbc_epg:291 - 頻道 佛衛慈悲台 獲取 185 個節目
2026-07-06 22:50:26.742 | INFO     | __main__:get_tbc_epg:291 - 頻道 紅豆電視台 獲取 84 個節目
2026-07-06 22:50:26.742 | INFO     | __main__:get_tbc_epg:291 - 頻道 全大電視台 獲取 72 個節目
2026-07-06 22:50:26.742 | INFO     | __main__:get_tbc_epg:291 - 頻道 華藝台灣台 獲取 66 個節目
2026-07-06 22:50:26.742 | INFO     | __main__:get_tbc_epg:291 - 頻道 正德電視台 獲取 144 個節目
2026-07-06 22:50:26.742 | INFO     | __main__:get_tbc_epg:291 - 頻道 天良綜合台 獲取 60 個節目
2026-07-06 22:50:26.742 | INFO     | __main__:get_tbc_epg:291 - 頻道 番薯衛星電視台 獲取 24 個節目
2026-07-06 22:50:26.742 | INFO     | __main__:get_tbc_epg:291 - 頻道 富立電視台 獲取 72 個節目
2026-07-06 22:50:26.742 | INFO     | __main__:get_tbc_epg:291 - 頻道 Z頻道 獲取 144 個節目
2026-07-06 22:50:26.742 | INFO     | __main__:get_tbc_epg:291 - 頻道 冠軍夢想台 獲取 72 個節目
2026-07-06 22:50:26.742 | INFO     | __main__:get_tbc_epg:291 - 頻道 新天地民俗台 獲取 144 個節目
2026-07-06 22:50:26.742 | INFO     | __main__:get_tbc_epg:291 - 頻道 三聖電視台 獲取 144 個節目
2026-07-06 22:50:26.742 | INFO     | __main__:get_tbc_epg:291 - 頻道 威達超舜生活台 獲取 90 個節目
2026-07-06 22:50:26.742 | INFO     | __main__:get_tbc_epg:291 - 頻道 天美麗電視台 獲取 48 個節目
2026-07-06 22:50:26.742 | INFO     | __main__:get_tbc_epg:291 - 頻道 大立電視台 獲取 72 個節目
2026-07-06 22:50:26.742 | INFO     | __main__:get_tbc_epg:291 - 頻道 小公視 獲取 246 個節目
2026-07-06 22:50:26.742 | INFO     | __main__:get_tbc_epg:291 - 頻道 華視教育體育文化台 獲取 268 個節目
2026-07-06 22:50:26.742 | INFO     | __main__:get_tbc_epg:291 - 頻道 國會頻道1台 獲取 72 個節目
2026-07-06 22:50:26.742 | INFO     | __main__:get_tbc_epg:291 - 頻道 國會頻道2台 獲取 72 個節目
2026-07-06 22:50:26.742 | INFO     | __main__:get_tbc_epg:291 - 頻道 幸福空間居家台 獲取 146 個節目
2026-07-06 22:50:26.742 | INFO     | __main__:get_tbc_epg:291 - 頻道 高點育樂台 獲取 148 個節目
2026-07-06 22:50:26.742 | INFO     | __main__:get_tbc_epg:291 - 頻道 台灣綜合台 獲取 144 個節目
2026-07-06 22:50:26.742 | INFO     | __main__:get_tbc_epg:291 - 頻道 大台中生活頻道 獲取 147 個節目
2026-07-06 22:50:26.742 | INFO     | __main__:get_tbc_epg:291 - 頻道 彰化生活台 獲取 144 個節目
2026-07-06 22:50:26.742 | INFO     | __main__:get_tbc_epg:291 - 頻道 唯心電視台 獲取 228 個節目
2026-07-06 22:50:26.742 | INFO     | __main__:get_tbc_epg:291 - 頻道 美麗人生購物台 獲取 144 個節目
2026-07-06 22:50:26.742 | INFO     | __main__:get_tbc_epg:291 - 頻道 大愛二台  獲取 286 個節目
2026-07-06 22:50:26.742 | INFO     | __main__:get_tbc_epg:291 - 頻道 靖天映畫 獲取 78 個節目
2026-07-06 22:50:26.742 | INFO     | __main__:get_tbc_epg:291 - 頻道 靖洋戲劇台 獲取 152 個節目
2026-07-06 22:50:26.742 | INFO     | __main__:get_tbc_epg:291 - 頻道 ROCK Action 獲取 91 個節目
2026-07-06 22:50:26.742 | INFO     | __main__:get_tbc_epg:291 - 頻道 Global Trekker 探索世界  獲取 195 個節目
2026-07-06 22:50:26.743 | INFO     | __main__:get_tbc_epg:291 - 頻道 靖天綜合台 獲取 144 個節目
2026-07-06 22:50:26.743 | INFO     | __main__:get_tbc_epg:291 - 頻道 寶島文化台 獲取 144 個節目
2026-07-06 22:50:26.743 | INFO     | __main__:get_tbc_epg:291 - 頻道 TaiwanPlus 獲取 328 個節目
2026-07-06 22:50:26.743 | INFO     | __main__:get_tbc_epg:291 - 頻道 BBC News 獲取 302 個節目
2026-07-06 22:50:26.743 | INFO     | __main__:get_tbc_epg:291 - 頻道 民視第一台 獲取 199 個節目
2026-07-06 22:50:26.743 | INFO     | __main__:get_tbc_epg:291 - 頻道 民視台灣台 獲取 172 個節目
2026-07-06 22:50:26.743 | INFO     | __main__:get_tbc_epg:291 - 頻道 中視新聞台 獲取 144 個節目
2026-07-06 22:50:26.743 | INFO     | __main__:get_tbc_epg:291 - 頻道 台視新聞台 獲取 153 個節目
2026-07-06 22:50:26.743 | INFO     | __main__:get_tbc_epg:291 - 頻道 台視財經台 獲取 131 個節目
2026-07-06 22:50:26.743 | INFO     | __main__:get_tbc_epg:291 - 頻道 台視綜合台 獲取 146 個節目
2026-07-06 22:50:26.743 | INFO     | __main__:get_tbc_epg:291 - 頻道 彭博財經台 獲取 143 個節目
2026-07-06 22:50:26.743 | INFO     | __main__:get_tbc_epg:291 - 頻道 Channel NewsAsia 獲取 184 個節目
2026-07-06 22:50:26.743 | INFO     | __main__:get_tbc_epg:291 - 頻道 韓國阿里郎 獲取 318 個節目
2026-07-06 22:50:26.743 | INFO     | __main__:get_tbc_epg:291 - 頻道 DREAMWORKS 獲取 348 個節目
2026-07-06 22:50:26.743 | INFO     | __main__:get_tbc_epg:291 - 頻道 Warner TV 獲取 245 個節目
2026-07-06 22:50:26.743 | INFO     | __main__:get_tbc_epg:291 - 頻道 靖天電影台 獲取 84 個節目
2026-07-06 22:50:26.743 | INFO     | __main__:get_tbc_epg:291 - 頻道 CinemaWorld 獲取 91 個節目
2026-07-06 22:50:26.743 | INFO     | __main__:get_tbc_epg:291 - 頻道 HBO HD 獲取 181 個節目
2026-07-06 22:50:26.743 | INFO     | __main__:get_tbc_epg:291 - 頻道 HBO 強檔鉅獻 獲取 93 個節目
2026-07-06 22:50:26.743 | INFO     | __main__:get_tbc_epg:291 - 頻道 HBO 原創鉅獻 獲取 104 個節目
2026-07-06 22:50:26.743 | INFO     | __main__:get_tbc_epg:291 - 頻道 HBO 溫馨家庭 獲取 287 個節目
2026-07-06 22:50:26.743 | INFO     | __main__:get_tbc_epg:291 - 頻道 靖天日本台 獲取 225 個節目
2026-07-06 22:50:26.743 | INFO     | __main__:get_tbc_epg:291 - 頻道 EVE 獲取 246 個節目
2026-07-06 22:50:26.743 | INFO     | __main__:get_tbc_epg:291 - 頻道 tvN 獲取 109 個節目
2026-07-06 22:50:26.743 | INFO     | __main__:get_tbc_epg:291 - 頻道 靖天歡樂台 獲取 150 個節目
2026-07-06 22:50:26.743 | INFO     | __main__:get_tbc_epg:291 - 頻道 HITS 獲取 170 個節目
2026-07-06 22:50:26.743 | INFO     | __main__:get_tbc_epg:291 - 頻道 韓國娛樂台KMTV 獲取 231 個節目
2026-07-06 22:50:26.743 | INFO     | __main__:get_tbc_epg:291 - 頻道 靖天育樂台 獲取 160 個節目
2026-07-06 22:50:26.743 | INFO     | __main__:get_tbc_epg:291 - 頻道 Lifetime 獲取 143 個節目
2026-07-06 22:50:26.743 | INFO     | __main__:get_tbc_epg:291 - 頻道 罪案偵緝頻道 獲取 180 個節目
2026-07-06 22:50:26.743 | INFO     | __main__:get_tbc_epg:291 - 頻道 寵物頻道 獲取 160 個節目
2026-07-06 22:50:26.743 | INFO     | __main__:get_tbc_epg:291 - 頻道 歷史頻道 獲取 165 個節目
2026-07-06 22:50:26.743 | INFO     | __main__:get_tbc_epg:291 - 頻道 Discovery Asia 獲取 203 個節目
2026-07-06 22:50:26.743 | INFO     | __main__:get_tbc_epg:291 - 頻道 Discovery科學頻道 獲取 233 個節目
2026-07-06 22:50:26.743 | INFO     | __main__:get_tbc_epg:291 - 頻道 DMAX 獲取 214 個節目
2026-07-06 22:50:26.743 | INFO     | __main__:get_tbc_epg:291 - 頻道 寰宇新聞台灣台 獲取 150 個節目
2026-07-06 22:50:26.744 | INFO     | __main__:get_tbc_epg:291 - 頻道 亞洲旅遊台 獲取 144 個節目
2026-07-06 22:50:26.744 | INFO     | __main__:get_tbc_epg:291 - 頻道 梅迪奇藝術 獲取 102 個節目
2026-07-06 22:50:26.744 | INFO     | __main__:get_tbc_epg:291 - 頻道 博斯運動二台 獲取 71 個節目
2026-07-06 22:50:26.744 | INFO     | __main__:get_tbc_epg:291 - 頻道 博斯網球台 獲取 29 個節目
2026-07-06 22:50:26.744 | INFO     | __main__:get_tbc_epg:291 - 頻道 博斯無限台 獲取 68 個節目
2026-07-06 22:50:26.744 | INFO     | __main__:get_tbc_epg:291 - 頻道 博斯高球1台 獲取 48 個節目
2026-07-06 22:50:26.744 | INFO     | __main__:get_tbc_epg:291 - 頻道 博斯高球2台 獲取 42 個節目
2026-07-06 22:50:26.744 | INFO     | __main__:get_tbc_epg:291 - 頻道 博斯魅力網 獲取 63 個節目
2026-07-06 22:50:26.744 | INFO     | __main__:get_tbc_epg:291 - 頻道 博斯運動一台 獲取 37 個節目
2026-07-06 22:50:26.744 | INFO     | __main__:get_tbc_epg:291 - 頻道 博斯無限二台 獲取 85 個節目
2026-07-06 22:50:26.744 | INFO     | __main__:get_tbc_epg:291 - 頻道 尼克兒童頻道 獲取 392 個節目
2026-07-06 22:50:26.744 | INFO     | __main__:get_tbc_epg:291 - 頻道 達文西頻道 獲取 587 個節目
2026-07-06 22:50:26.744 | INFO     | __main__:get_tbc_epg:291 - 頻道 CBeebies 獲取 986 個節目
2026-07-06 22:50:26.744 | INFO     | __main__:get_tbc_epg:291 - 頻道 CARTOONITO 獲取 256 個節目
2026-07-06 22:50:26.744 | INFO     | __main__:get_tbc_epg:291 - 頻道 靖洋卡通台 獲取 288 個節目
2026-07-06 22:50:26.744 | INFO     | __main__:get_tbc_epg:291 - 頻道 靖天卡通台 獲取 251 個節目
2026-07-06 22:50:26.744 | INFO     | __main__:get_tbc_epg:291 - 頻道 LOVE NATURE 4K 獲取 168 個節目
2026-07-06 22:50:26.744 | INFO     | __main__:get_tbc_epg:291 - 頻道 ROCK ENTERTAINMENT 獲取 138 個節目
2026-07-06 22:50:26.744 | INFO     | __main__:get_tbc_epg:291 - 頻道 ROCK EXTREME 獲取 142 個節目
2026-07-06 22:50:26.744 | INFO     | __main__:get_tbc_epg:291 - 頻道 彩虹頻道 獲取 140 個節目
2026-07-06 22:50:26.744 | INFO     | __main__:get_tbc_epg:291 - 頻道 彩虹e台 獲取 58 個節目
2026-07-06 22:50:26.744 | INFO     | __main__:get_tbc_epg:291 - 頻道 彩虹電影台 獲取 61 個節目
2026-07-06 22:50:26.744 | INFO     | __main__:get_tbc_epg:291 - 頻道 K 頻道 獲取 70 個節目
2026-07-06 22:50:26.744 | INFO     | __main__:get_tbc_epg:291 - 頻道 松視1台 獲取 72 個節目
2026-07-06 22:50:26.744 | INFO     | __main__:get_tbc_epg:291 - 頻道 松視2台 獲取 72 個節目
2026-07-06 22:50:26.744 | INFO     | __main__:get_tbc_epg:291 - 頻道 松視3台 獲取 101 個節目
2026-07-06 22:50:26.744 | INFO     | __main__:get_tbc_epg:291 - 頻道 松視4台 獲取 116 個節目
2026-07-06 22:50:26.744 | INFO     | __main__:get_tbc_epg:291 - 頻道 潘朵啦高畫質玩美台 獲取 72 個節目
2026-07-06 22:50:26.744 | INFO     | __main__:get_tbc_epg:291 - 頻道 潘朵啦高畫質粉紅台 獲取 78 個節目
2026-07-06 22:50:26.744 | INFO     | __main__:get_tbc_epg:291 - 頻道 JStar極限台電影頻道 獲取 90 個節目
2026-07-06 22:50:26.744 | INFO     | __main__:get_tbc_epg:291 - 頻道 驚豔成人電影台 獲取 68 個節目
2026-07-06 22:50:26.744 | INFO     | __main__:get_tbc_epg:291 - 頻道 香蕉台 獲取 96 個節目
2026-07-06 22:50:26.744 | INFO     | __main__:get_tbc_epg:291 - 頻道 樂活頻道 獲取 102 個節目
2026-07-06 22:50:26.744 | INFO     | __main__:get_tbc_epg:291 - 頻道 玩家頻道 獲取 144 個節目
2026-07-06 22:50:26.744 | INFO     | __main__:get_tbc_epg:291 - 頻道 Happy 獲取 72 個節目
2026-07-06 22:50:26.744 | INFO     | __main__:get_tbc_epg:291 - 頻道 Hot 獲取 144 個節目
2026-07-06 22:50:26.745 | INFO     | __main__:get_tbc_epg:292 - 總計獲取 32086 個節目
2026-07-06 22:50:29.250 | INFO     | __main__:main:361 - EPG 已儲存到 ./output/epg_tbc.xml
2026-07-06 22:50:29.250 | INFO     | __main__:main:363 - ========== 抓取完成 ==========
2026-07-07 02:55:14 | INFO | ==================================================
2026-07-07 02:55:14 | INFO | 開始生成四季線上電子節目單
2026-07-07 02:55:14 | INFO | 輸出目錄: /home/runner/work/EPG/EPG/output
2026-07-07 02:55:14 | SUCCESS | 已更新本地頻道檔案，保存 132 個頻道
2026-07-07 02:55:14 | SUCCESS | 從 API 獲取到 132 個頻道（已跳過 9 個）
2026-07-07 02:55:14 | INFO | 成功加載 132 個頻道
2026-07-07 02:55:34 | INFO | 共獲取 13424 個節目
2026-07-07 02:55:34 | INFO | 電子節目單已生成: /home/runner/work/EPG/EPG/output/4g.xml
2026-07-07 02:55:34 | SUCCESS | EPG 生成完成
2026-07-07 22:31:45.536 | INFO     | __main__:main:350 - ========== 開始抓取 TBC EPG ==========
2026-07-07 22:31:45.536 | INFO     | __main__:get_tbc_epg:246 - 正在獲取TBC EPG
2026-07-07 22:31:55.581 | INFO     | __main__:get_channels_tbc:161 - 成功獲取 233 個頻道
2026-07-07 22:31:55.581 | INFO     | __main__:get_tbc_epg:258 - 正在獲取 2026/07/08 節目表
2026-07-07 22:34:03.937 | INFO     | __main__:get_tbc_epg:258 - 正在獲取 2026/07/09 節目表
2026-07-07 22:35:59.048 | INFO     | __main__:get_tbc_epg:258 - 正在獲取 2026/07/10 節目表
2026-07-07 22:37:45.822 | INFO     | __main__:get_tbc_epg:258 - 正在獲取 2026/07/11 節目表
2026-07-07 22:39:37.941 | INFO     | __main__:get_tbc_epg:258 - 正在獲取 2026/07/12 節目表
2026-07-07 22:41:26.127 | INFO     | __main__:get_tbc_epg:258 - 正在獲取 2026/07/13 節目表
2026-07-07 22:43:08.692 | INFO     | __main__:get_tbc_epg:291 - 頻道 南桃園節目總表 獲取 144 個節目
2026-07-07 22:43:08.693 | INFO     | __main__:get_tbc_epg:291 - 頻道 南桃園公用頻道 獲取 192 個節目
2026-07-07 22:43:08.693 | INFO     | __main__:get_tbc_epg:291 - 頻道 CNN 獲取 183 個節目
2026-07-07 22:43:08.693 | INFO     | __main__:get_tbc_epg:291 - 頻道 民視無線台 獲取 205 個節目
2026-07-07 22:43:08.693 | INFO     | __main__:get_tbc_epg:291 - 頻道 TBC桃園生活台 獲取 240 個節目
2026-07-07 22:43:08.693 | INFO     | __main__:get_tbc_epg:291 - 頻道 台視 獲取 132 個節目
2026-07-07 22:43:08.693 | INFO     | __main__:get_tbc_epg:291 - 頻道 大愛電視台 獲取 374 個節目
2026-07-07 22:43:08.693 | INFO     | __main__:get_tbc_epg:291 - 頻道 中視 獲取 150 個節目
2026-07-07 22:43:08.693 | INFO     | __main__:get_tbc_epg:291 - 頻道 人間衛視 獲取 183 個節目
2026-07-07 22:43:08.693 | INFO     | __main__:get_tbc_epg:291 - 頻道 華視 獲取 147 個節目
2026-07-07 22:43:08.693 | INFO     | __main__:get_tbc_epg:291 - 頻道 公共電視 獲取 206 個節目
2026-07-07 22:43:08.693 | INFO     | __main__:get_tbc_epg:291 - 頻道 公視台語台 獲取 158 個節目
2026-07-07 22:43:08.694 | INFO     | __main__:get_tbc_epg:291 - 頻道 好消息頻道 獲取 274 個節目
2026-07-07 22:43:08.694 | INFO     | __main__:get_tbc_epg:291 - 頻道 原住民頻道 獲取 172 個節目
2026-07-07 22:43:08.694 | INFO     | __main__:get_tbc_epg:291 - 頻道 客家電視台 獲取 223 個節目
2026-07-07 22:43:08.694 | INFO     | __main__:get_tbc_epg:291 - 頻道 BBC Earth 獲取 154 個節目
2026-07-07 22:43:08.694 | INFO     | __main__:get_tbc_epg:291 - 頻道 Discovery 獲取 194 個節目
2026-07-07 22:43:08.694 | INFO     | __main__:get_tbc_epg:291 - 頻道 TLC旅遊生活頻道 獲取 174 個節目
2026-07-07 22:43:08.694 | INFO     | __main__:get_tbc_epg:291 - 頻道 動物星球 獲取 168 個節目
2026-07-07 22:43:08.694 | INFO     | __main__:get_tbc_epg:291 - 頻道 卡通頻道 獲取 204 個節目
2026-07-07 22:43:08.694 | INFO     | __main__:get_tbc_epg:291 - 頻道 小尼克頻道 獲取 490 個節目
2026-07-07 22:43:08.694 | INFO     | __main__:get_tbc_epg:291 - 頻道 MOMO親子台 獲取 226 個節目
2026-07-07 22:43:08.694 | INFO     | __main__:get_tbc_epg:291 - 頻道 東森幼幼台 獲取 365 個節目
2026-07-07 22:43:08.694 | INFO     | __main__:get_tbc_epg:291 - 頻道 緯來綜合台 獲取 141 個節目
2026-07-07 22:43:08.694 | INFO     | __main__:get_tbc_epg:291 - 頻道 八大第一台 獲取 140 個節目
2026-07-07 22:43:08.695 | INFO     | __main__:get_tbc_epg:291 - 頻道 八大綜合台 獲取 159 個節目
2026-07-07 22:43:08.695 | INFO     | __main__:get_tbc_epg:291 - 頻道 三立台灣台 獲取 132 個節目
2026-07-07 22:43:08.695 | INFO     | __main__:get_tbc_epg:291 - 頻道 三立都會台 獲取 135 個節目
2026-07-07 22:43:08.695 | INFO     | __main__:get_tbc_epg:291 - 頻道 華藝中文台 獲取 164 個節目
2026-07-07 22:43:08.695 | INFO     | __main__:get_tbc_epg:291 - 頻道 東森綜合台 獲取 134 個節目
2026-07-07 22:43:08.695 | INFO     | __main__:get_tbc_epg:291 - 頻道 東森超視 獲取 134 個節目
2026-07-07 22:43:08.695 | INFO     | __main__:get_tbc_epg:291 - 頻道 東森購物2台 獲取 144 個節目
2026-07-07 22:43:08.695 | INFO     | __main__:get_tbc_epg:291 - 頻道 MOMO 2台 獲取 144 個節目
2026-07-07 22:43:08.695 | INFO     | __main__:get_tbc_epg:291 - 頻道 中天綜合台 獲取 115 個節目
2026-07-07 22:43:08.695 | INFO     | __main__:get_tbc_epg:291 - 頻道 東風衛視 獲取 154 個節目
2026-07-07 22:43:08.695 | INFO     | __main__:get_tbc_epg:291 - 頻道 年代MUCH TV 獲取 175 個節目
2026-07-07 22:43:08.695 | INFO     | __main__:get_tbc_epg:291 - 頻道 中天娛樂台 獲取 133 個節目
2026-07-07 22:43:08.695 | INFO     | __main__:get_tbc_epg:291 - 頻道 東森戲劇台 獲取 141 個節目
2026-07-07 22:43:08.695 | INFO     | __main__:get_tbc_epg:291 - 頻道 八大戲劇台 獲取 144 個節目
2026-07-07 22:43:08.695 | INFO     | __main__:get_tbc_epg:291 - 頻道 TVBS歡樂台 獲取 142 個節目
2026-07-07 22:43:08.696 | INFO     | __main__:get_tbc_epg:291 - 頻道 緯來戲劇台 獲取 140 個節目
2026-07-07 22:43:08.696 | INFO     | __main__:get_tbc_epg:291 - 頻道 高點電視台 獲取 144 個節目
2026-07-07 22:43:08.696 | INFO     | __main__:get_tbc_epg:291 - 頻道 JET綜合台 獲取 139 個節目
2026-07-07 22:43:08.696 | INFO     | __main__:get_tbc_epg:291 - 頻道 東森購物3台 獲取 144 個節目
2026-07-07 22:43:08.696 | INFO     | __main__:get_tbc_epg:291 - 頻道 東森購物1台 獲取 144 個節目
2026-07-07 22:43:08.696 | INFO     | __main__:get_tbc_epg:291 - 頻道 MOMO 1台 獲取 144 個節目
2026-07-07 22:43:08.696 | INFO     | __main__:get_tbc_epg:291 - 頻道 壹電視新聞台 獲取 113 個節目
2026-07-07 22:43:08.696 | INFO     | __main__:get_tbc_epg:291 - 頻道 年代新聞台 獲取 116 個節目
2026-07-07 22:43:08.696 | INFO     | __main__:get_tbc_epg:291 - 頻道 東森新聞台 獲取 117 個節目
2026-07-07 22:43:08.696 | INFO     | __main__:get_tbc_epg:291 - 頻道 民視新聞台 獲取 142 個節目
2026-07-07 22:43:08.696 | INFO     | __main__:get_tbc_epg:291 - 頻道 三立新聞台 獲取 138 個節目
2026-07-07 22:43:08.696 | INFO     | __main__:get_tbc_epg:291 - 頻道 TVBS 新聞台 獲取 114 個節目
2026-07-07 22:43:08.696 | INFO     | __main__:get_tbc_epg:291 - 頻道 TVBS 獲取 118 個節目
2026-07-07 22:43:08.697 | INFO     | __main__:get_tbc_epg:291 - 頻道 東森財經新聞台 獲取 138 個節目
2026-07-07 22:43:08.697 | INFO     | __main__:get_tbc_epg:291 - 頻道 非凡新聞台 獲取 149 個節目
2026-07-07 22:43:08.697 | INFO     | __main__:get_tbc_epg:291 - 頻道 ViVa1台 獲取 144 個節目
2026-07-07 22:43:08.697 | INFO     | __main__:get_tbc_epg:291 - 頻道 東森購物5台 獲取 144 個節目
2026-07-07 22:43:08.697 | INFO     | __main__:get_tbc_epg:291 - 頻道 CATCHPLAY電影台 獲取 137 個節目
2026-07-07 22:43:08.697 | INFO     | __main__:get_tbc_epg:291 - 頻道 東森電影台 獲取 96 個節目
2026-07-07 22:43:08.697 | INFO     | __main__:get_tbc_epg:291 - 頻道 緯來電影台 獲取 81 個節目
2026-07-07 22:43:08.697 | INFO     | __main__:get_tbc_epg:291 - 頻道 LS Time電影台 獲取 68 個節目
2026-07-07 22:43:08.697 | INFO     | __main__:get_tbc_epg:291 - 頻道 HBO 獲取 88 個節目
2026-07-07 22:43:08.697 | INFO     | __main__:get_tbc_epg:291 - 頻道 東森洋片台 獲取 77 個節目
2026-07-07 22:43:08.697 | INFO     | __main__:get_tbc_epg:291 - 頻道 AXN 獲取 121 個節目
2026-07-07 22:43:08.697 | INFO     | __main__:get_tbc_epg:291 - 頻道 好萊塢電影台 獲取 77 個節目
2026-07-07 22:43:08.697 | INFO     | __main__:get_tbc_epg:291 - 頻道 amc電影台 獲取 105 個節目
2026-07-07 22:43:08.698 | INFO     | __main__:get_tbc_epg:291 - 頻道 緯來育樂台 獲取 125 個節目
2026-07-07 22:43:08.698 | INFO     | __main__:get_tbc_epg:291 - 頻道 CINEMAX 獲取 86 個節目
2026-07-07 22:43:08.698 | INFO     | __main__:get_tbc_epg:291 - 頻道 緯來體育台 獲取 101 個節目
2026-07-07 22:43:08.698 | INFO     | __main__:get_tbc_epg:291 - 頻道 DAZN 1 獲取 84 個節目
2026-07-07 22:43:08.698 | INFO     | __main__:get_tbc_epg:291 - 頻道 DAZN 2 獲取 91 個節目
2026-07-07 22:43:08.698 | INFO     | __main__:get_tbc_epg:291 - 頻道 MOMO綜合台 獲取 96 個節目
2026-07-07 22:43:08.698 | INFO     | __main__:get_tbc_epg:291 - 頻道 緯來日本台 獲取 123 個節目
2026-07-07 22:43:08.698 | INFO     | __main__:get_tbc_epg:291 - 頻道 國興衛視 獲取 192 個節目
2026-07-07 22:43:08.698 | INFO     | __main__:get_tbc_epg:291 - 頻道 BBC Lifestyle 獲取 180 個節目
2026-07-07 22:43:08.698 | INFO     | __main__:get_tbc_epg:291 - 頻道 靖天資訊台 獲取 159 個節目
2026-07-07 22:43:08.698 | INFO     | __main__:get_tbc_epg:291 - 頻道 信吉電視台 獲取 71 個節目
2026-07-07 22:43:08.698 | INFO     | __main__:get_tbc_epg:291 - 頻道 信大電視台 獲取 72 個節目
2026-07-07 22:43:08.698 | INFO     | __main__:get_tbc_epg:291 - 頻道 中台灣生活網頻道 獲取 288 個節目
2026-07-07 22:43:08.698 | INFO     | __main__:get_tbc_epg:291 - 頻道 TBC台中生活台 獲取 288 個節目
2026-07-07 22:43:08.698 | INFO     | __main__:get_tbc_epg:291 - 頻道 鏡電視新聞台 獲取 138 個節目
2026-07-07 22:43:08.699 | INFO     | __main__:get_tbc_epg:291 - 頻道 台灣藝術台 獲取 90 個節目
2026-07-07 22:43:08.699 | INFO     | __main__:get_tbc_epg:291 - 頻道 樂視台 獲取 288 個節目
2026-07-07 22:43:08.699 | INFO     | __main__:get_tbc_epg:291 - 頻道 非凡商業台 獲取 180 個節目
2026-07-07 22:43:08.699 | INFO     | __main__:get_tbc_epg:291 - 頻道 三立財經新聞台 獲取 139 個節目
2026-07-07 22:43:08.699 | INFO     | __main__:get_tbc_epg:291 - 頻道 冠軍電視台 獲取 78 個節目
2026-07-07 22:43:08.699 | INFO     | __main__:get_tbc_epg:291 - 頻道 運通財經綜合台 獲取 288 個節目
2026-07-07 22:43:08.699 | INFO     | __main__:get_tbc_epg:291 - 頻道 SBN全球財經台 獲取 288 個節目
2026-07-07 22:43:08.699 | INFO     | __main__:get_tbc_epg:291 - 頻道 誠心電視台 獲取 72 個節目
2026-07-07 22:43:08.699 | INFO     | __main__:get_tbc_epg:291 - 頻道 NHK 獲取 381 個節目
2026-07-07 22:43:08.699 | INFO     | __main__:get_tbc_epg:291 - 頻道 MTV 獲取 157 個節目
2026-07-07 22:43:08.699 | INFO     | __main__:get_tbc_epg:291 - 頻道 Animax 獲取 283 個節目
2026-07-07 22:43:08.699 | INFO     | __main__:get_tbc_epg:291 - 頻道 霹靂台灣台 獲取 139 個節目
2026-07-07 22:43:08.699 | INFO     | __main__:get_tbc_epg:291 - 頻道 海豚綜合台 獲取 102 個節目
2026-07-07 22:43:08.699 | INFO     | __main__:get_tbc_epg:291 - 頻道 八大娛樂台 獲取 141 個節目
2026-07-07 22:43:08.699 | INFO     | __main__:get_tbc_epg:291 - 頻道 十方法界 獲取 249 個節目
2026-07-07 22:43:08.700 | INFO     | __main__:get_tbc_epg:291 - 頻道 壹電視電影台 獲取 96 個節目
2026-07-07 22:43:08.700 | INFO     | __main__:get_tbc_epg:291 - 頻道 華藏衛視  獲取 167 個節目
2026-07-07 22:43:08.700 | INFO     | __main__:get_tbc_epg:291 - 頻道 壹電視資訊綜合台 獲取 162 個節目
2026-07-07 22:43:08.700 | INFO     | __main__:get_tbc_epg:291 - 頻道 佛衛慈悲台 獲取 185 個節目
2026-07-07 22:43:08.700 | INFO     | __main__:get_tbc_epg:291 - 頻道 紅豆電視台 獲取 84 個節目
2026-07-07 22:43:08.700 | INFO     | __main__:get_tbc_epg:291 - 頻道 全大電視台 獲取 72 個節目
2026-07-07 22:43:08.700 | INFO     | __main__:get_tbc_epg:291 - 頻道 華藝台灣台 獲取 66 個節目
2026-07-07 22:43:08.700 | INFO     | __main__:get_tbc_epg:291 - 頻道 正德電視台 獲取 144 個節目
2026-07-07 22:43:08.700 | INFO     | __main__:get_tbc_epg:291 - 頻道 天良綜合台 獲取 60 個節目
2026-07-07 22:43:08.700 | INFO     | __main__:get_tbc_epg:291 - 頻道 番薯衛星電視台 獲取 24 個節目
2026-07-07 22:43:08.700 | INFO     | __main__:get_tbc_epg:291 - 頻道 富立電視台 獲取 72 個節目
2026-07-07 22:43:08.701 | INFO     | __main__:get_tbc_epg:291 - 頻道 Z頻道 獲取 144 個節目
2026-07-07 22:43:08.701 | INFO     | __main__:get_tbc_epg:291 - 頻道 冠軍夢想台 獲取 72 個節目
2026-07-07 22:43:08.701 | INFO     | __main__:get_tbc_epg:291 - 頻道 新天地民俗台 獲取 144 個節目
2026-07-07 22:43:08.701 | INFO     | __main__:get_tbc_epg:291 - 頻道 三聖電視台 獲取 144 個節目
2026-07-07 22:43:08.701 | INFO     | __main__:get_tbc_epg:291 - 頻道 威達超舜生活台 獲取 90 個節目
2026-07-07 22:43:08.701 | INFO     | __main__:get_tbc_epg:291 - 頻道 天美麗電視台 獲取 48 個節目
2026-07-07 22:43:08.701 | INFO     | __main__:get_tbc_epg:291 - 頻道 大立電視台 獲取 72 個節目
2026-07-07 22:43:08.701 | INFO     | __main__:get_tbc_epg:291 - 頻道 小公視 獲取 246 個節目
2026-07-07 22:43:08.701 | INFO     | __main__:get_tbc_epg:291 - 頻道 華視教育體育文化台 獲取 255 個節目
2026-07-07 22:43:08.701 | INFO     | __main__:get_tbc_epg:291 - 頻道 國會頻道1台 獲取 72 個節目
2026-07-07 22:43:08.701 | INFO     | __main__:get_tbc_epg:291 - 頻道 國會頻道2台 獲取 72 個節目
2026-07-07 22:43:08.701 | INFO     | __main__:get_tbc_epg:291 - 頻道 幸福空間居家台 獲取 146 個節目
2026-07-07 22:43:08.702 | INFO     | __main__:get_tbc_epg:291 - 頻道 高點育樂台 獲取 148 個節目
2026-07-07 22:43:08.702 | INFO     | __main__:get_tbc_epg:291 - 頻道 台灣綜合台 獲取 144 個節目
2026-07-07 22:43:08.702 | INFO     | __main__:get_tbc_epg:291 - 頻道 大台中生活頻道 獲取 147 個節目
2026-07-07 22:43:08.702 | INFO     | __main__:get_tbc_epg:291 - 頻道 彰化生活台 獲取 144 個節目
2026-07-07 22:43:08.702 | INFO     | __main__:get_tbc_epg:291 - 頻道 唯心電視台 獲取 228 個節目
2026-07-07 22:43:08.702 | INFO     | __main__:get_tbc_epg:291 - 頻道 美麗人生購物台 獲取 144 個節目
2026-07-07 22:43:08.702 | INFO     | __main__:get_tbc_epg:291 - 頻道 大愛二台  獲取 286 個節目
2026-07-07 22:43:08.702 | INFO     | __main__:get_tbc_epg:291 - 頻道 靖天映畫 獲取 78 個節目
2026-07-07 22:43:08.702 | INFO     | __main__:get_tbc_epg:291 - 頻道 靖洋戲劇台 獲取 152 個節目
2026-07-07 22:43:08.703 | INFO     | __main__:get_tbc_epg:291 - 頻道 ROCK Action 獲取 91 個節目
2026-07-07 22:43:08.703 | INFO     | __main__:get_tbc_epg:291 - 頻道 Global Trekker 探索世界  獲取 199 個節目
2026-07-07 22:43:08.703 | INFO     | __main__:get_tbc_epg:291 - 頻道 靖天綜合台 獲取 144 個節目
2026-07-07 22:43:08.703 | INFO     | __main__:get_tbc_epg:291 - 頻道 寶島文化台 獲取 144 個節目
2026-07-07 22:43:08.703 | INFO     | __main__:get_tbc_epg:291 - 頻道 TaiwanPlus 獲取 334 個節目
2026-07-07 22:43:08.703 | INFO     | __main__:get_tbc_epg:291 - 頻道 BBC News 獲取 300 個節目
2026-07-07 22:43:08.703 | INFO     | __main__:get_tbc_epg:291 - 頻道 民視第一台 獲取 198 個節目
2026-07-07 22:43:08.703 | INFO     | __main__:get_tbc_epg:291 - 頻道 民視台灣台 獲取 173 個節目
2026-07-07 22:43:08.703 | INFO     | __main__:get_tbc_epg:291 - 頻道 中視新聞台 獲取 144 個節目
2026-07-07 22:43:08.703 | INFO     | __main__:get_tbc_epg:291 - 頻道 台視新聞台 獲取 154 個節目
2026-07-07 22:43:08.703 | INFO     | __main__:get_tbc_epg:291 - 頻道 台視財經台 獲取 130 個節目
2026-07-07 22:43:08.704 | INFO     | __main__:get_tbc_epg:291 - 頻道 台視綜合台 獲取 146 個節目
2026-07-07 22:43:08.704 | INFO     | __main__:get_tbc_epg:291 - 頻道 彭博財經台 獲取 148 個節目
2026-07-07 22:43:08.704 | INFO     | __main__:get_tbc_epg:291 - 頻道 Channel NewsAsia 獲取 188 個節目
2026-07-07 22:43:08.704 | INFO     | __main__:get_tbc_epg:291 - 頻道 韓國阿里郎 獲取 311 個節目
2026-07-07 22:43:08.704 | INFO     | __main__:get_tbc_epg:291 - 頻道 DREAMWORKS 獲取 348 個節目
2026-07-07 22:43:08.704 | INFO     | __main__:get_tbc_epg:291 - 頻道 Warner TV 獲取 244 個節目
2026-07-07 22:43:08.704 | INFO     | __main__:get_tbc_epg:291 - 頻道 靖天電影台 獲取 84 個節目
2026-07-07 22:43:08.704 | INFO     | __main__:get_tbc_epg:291 - 頻道 CinemaWorld 獲取 92 個節目
2026-07-07 22:43:08.704 | INFO     | __main__:get_tbc_epg:291 - 頻道 HBO HD 獲取 182 個節目
2026-07-07 22:43:08.704 | INFO     | __main__:get_tbc_epg:291 - 頻道 HBO 強檔鉅獻 獲取 92 個節目
2026-07-07 22:43:08.704 | INFO     | __main__:get_tbc_epg:291 - 頻道 HBO 原創鉅獻 獲取 100 個節目
2026-07-07 22:43:08.704 | INFO     | __main__:get_tbc_epg:291 - 頻道 HBO 溫馨家庭 獲取 298 個節目
2026-07-07 22:43:08.704 | INFO     | __main__:get_tbc_epg:291 - 頻道 靖天日本台 獲取 226 個節目
2026-07-07 22:43:08.705 | INFO     | __main__:get_tbc_epg:291 - 頻道 EVE 獲取 247 個節目
2026-07-07 22:43:08.705 | INFO     | __main__:get_tbc_epg:291 - 頻道 tvN 獲取 107 個節目
2026-07-07 22:43:08.705 | INFO     | __main__:get_tbc_epg:291 - 頻道 靖天歡樂台 獲取 150 個節目
2026-07-07 22:43:08.705 | INFO     | __main__:get_tbc_epg:291 - 頻道 HITS 獲取 169 個節目
2026-07-07 22:43:08.705 | INFO     | __main__:get_tbc_epg:291 - 頻道 韓國娛樂台KMTV 獲取 230 個節目
2026-07-07 22:43:08.705 | INFO     | __main__:get_tbc_epg:291 - 頻道 靖天育樂台 獲取 160 個節目
2026-07-07 22:43:08.705 | INFO     | __main__:get_tbc_epg:291 - 頻道 Lifetime 獲取 145 個節目
2026-07-07 22:43:08.705 | INFO     | __main__:get_tbc_epg:291 - 頻道 罪案偵緝頻道 獲取 181 個節目
2026-07-07 22:43:08.705 | INFO     | __main__:get_tbc_epg:291 - 頻道 寵物頻道 獲取 160 個節目
2026-07-07 22:43:08.705 | INFO     | __main__:get_tbc_epg:291 - 頻道 歷史頻道 獲取 161 個節目
2026-07-07 22:43:08.705 | INFO     | __main__:get_tbc_epg:291 - 頻道 Discovery Asia 獲取 202 個節目
2026-07-07 22:43:08.705 | INFO     | __main__:get_tbc_epg:291 - 頻道 Discovery科學頻道 獲取 237 個節目
2026-07-07 22:43:08.705 | INFO     | __main__:get_tbc_epg:291 - 頻道 DMAX 獲取 215 個節目
2026-07-07 22:43:08.706 | INFO     | __main__:get_tbc_epg:291 - 頻道 寰宇新聞台灣台 獲取 150 個節目
2026-07-07 22:43:08.706 | INFO     | __main__:get_tbc_epg:291 - 頻道 亞洲旅遊台 獲取 144 個節目
2026-07-07 22:43:08.706 | INFO     | __main__:get_tbc_epg:291 - 頻道 梅迪奇藝術 獲取 102 個節目
2026-07-07 22:43:08.706 | INFO     | __main__:get_tbc_epg:291 - 頻道 博斯運動二台 獲取 72 個節目
2026-07-07 22:43:08.706 | INFO     | __main__:get_tbc_epg:291 - 頻道 博斯網球台 獲取 32 個節目
2026-07-07 22:43:08.706 | INFO     | __main__:get_tbc_epg:291 - 頻道 博斯無限台 獲取 68 個節目
2026-07-07 22:43:08.706 | INFO     | __main__:get_tbc_epg:291 - 頻道 博斯高球1台 獲取 48 個節目
2026-07-07 22:43:08.706 | INFO     | __main__:get_tbc_epg:291 - 頻道 博斯高球2台 獲取 42 個節目
2026-07-07 22:43:08.706 | INFO     | __main__:get_tbc_epg:291 - 頻道 博斯魅力網 獲取 66 個節目
2026-07-07 22:43:08.706 | INFO     | __main__:get_tbc_epg:291 - 頻道 博斯運動一台 獲取 36 個節目
2026-07-07 22:43:08.706 | INFO     | __main__:get_tbc_epg:291 - 頻道 博斯無限二台 獲取 89 個節目
2026-07-07 22:43:08.706 | INFO     | __main__:get_tbc_epg:291 - 頻道 尼克兒童頻道 獲取 395 個節目
2026-07-07 22:43:08.706 | INFO     | __main__:get_tbc_epg:291 - 頻道 達文西頻道 獲取 592 個節目
2026-07-07 22:43:08.707 | INFO     | __main__:get_tbc_epg:291 - 頻道 CBeebies 獲取 999 個節目
2026-07-07 22:43:08.707 | INFO     | __main__:get_tbc_epg:291 - 頻道 CARTOONITO 獲取 256 個節目
2026-07-07 22:43:08.707 | INFO     | __main__:get_tbc_epg:291 - 頻道 靖洋卡通台 獲取 288 個節目
2026-07-07 22:43:08.707 | INFO     | __main__:get_tbc_epg:291 - 頻道 靖天卡通台 獲取 251 個節目
2026-07-07 22:43:08.707 | INFO     | __main__:get_tbc_epg:291 - 頻道 LOVE NATURE 4K 獲取 168 個節目
2026-07-07 22:43:08.707 | INFO     | __main__:get_tbc_epg:291 - 頻道 ROCK ENTERTAINMENT 獲取 135 個節目
2026-07-07 22:43:08.707 | INFO     | __main__:get_tbc_epg:291 - 頻道 ROCK EXTREME 獲取 143 個節目
2026-07-07 22:43:08.707 | INFO     | __main__:get_tbc_epg:291 - 頻道 彩虹頻道 獲取 144 個節目
2026-07-07 22:43:08.707 | INFO     | __main__:get_tbc_epg:291 - 頻道 彩虹e台 獲取 57 個節目
2026-07-07 22:43:08.707 | INFO     | __main__:get_tbc_epg:291 - 頻道 彩虹電影台 獲取 61 個節目
2026-07-07 22:43:08.707 | INFO     | __main__:get_tbc_epg:291 - 頻道 K 頻道 獲取 70 個節目
2026-07-07 22:43:08.707 | INFO     | __main__:get_tbc_epg:291 - 頻道 松視1台 獲取 72 個節目
2026-07-07 22:43:08.707 | INFO     | __main__:get_tbc_epg:291 - 頻道 松視2台 獲取 72 個節目
2026-07-07 22:43:08.708 | INFO     | __main__:get_tbc_epg:291 - 頻道 松視3台 獲取 99 個節目
2026-07-07 22:43:08.708 | INFO     | __main__:get_tbc_epg:291 - 頻道 松視4台 獲取 117 個節目
2026-07-07 22:43:08.708 | INFO     | __main__:get_tbc_epg:291 - 頻道 潘朵啦高畫質玩美台 獲取 72 個節目
2026-07-07 22:43:08.708 | INFO     | __main__:get_tbc_epg:291 - 頻道 潘朵啦高畫質粉紅台 獲取 78 個節目
2026-07-07 22:43:08.708 | INFO     | __main__:get_tbc_epg:291 - 頻道 JStar極限台電影頻道 獲取 89 個節目
2026-07-07 22:43:08.708 | INFO     | __main__:get_tbc_epg:291 - 頻道 驚豔成人電影台 獲取 68 個節目
2026-07-07 22:43:08.708 | INFO     | __main__:get_tbc_epg:291 - 頻道 香蕉台 獲取 95 個節目
2026-07-07 22:43:08.708 | INFO     | __main__:get_tbc_epg:291 - 頻道 樂活頻道 獲取 85 個節目
2026-07-07 22:43:08.708 | INFO     | __main__:get_tbc_epg:291 - 頻道 玩家頻道 獲取 144 個節目
2026-07-07 22:43:08.708 | INFO     | __main__:get_tbc_epg:291 - 頻道 Happy 獲取 72 個節目
2026-07-07 22:43:08.708 | INFO     | __main__:get_tbc_epg:291 - 頻道 Hot 獲取 144 個節目
2026-07-07 22:43:08.708 | INFO     | __main__:get_tbc_epg:292 - 總計獲取 32053 個節目
2026-07-07 22:43:12.061 | INFO     | __main__:main:361 - EPG 已儲存到 ./output/epg_tbc.xml
2026-07-07 22:43:12.062 | INFO     | __main__:main:363 - ========== 抓取完成 ==========
2026-07-08 02:31:58 | INFO | ==================================================
2026-07-08 02:31:58 | INFO | 開始生成四季線上電子節目單
2026-07-08 02:31:58 | INFO | 輸出目錄: /home/runner/work/EPG/EPG/output
2026-07-08 02:31:59 | SUCCESS | 已更新本地頻道檔案，保存 132 個頻道
2026-07-08 02:31:59 | SUCCESS | 從 API 獲取到 132 個頻道（已跳過 9 個）
2026-07-08 02:31:59 | INFO | 成功加載 132 個頻道
2026-07-08 02:32:15 | INFO | 共獲取 13425 個節目
2026-07-08 02:32:15 | INFO | 電子節目單已生成: /home/runner/work/EPG/EPG/output/4g.xml
2026-07-08 02:32:15 | SUCCESS | EPG 生成完成
2026-07-08 22:17:35.396 | INFO     | __main__:main:350 - ========== 開始抓取 TBC EPG ==========
2026-07-08 22:17:35.396 | INFO     | __main__:get_tbc_epg:246 - 正在獲取TBC EPG
2026-07-08 22:17:39.305 | INFO     | __main__:get_channels_tbc:161 - 成功獲取 233 個頻道
2026-07-08 22:17:39.305 | INFO     | __main__:get_tbc_epg:258 - 正在獲取 2026/07/09 節目表
2026-07-08 22:19:29.185 | INFO     | __main__:get_tbc_epg:258 - 正在獲取 2026/07/10 節目表
2026-07-08 22:21:22.320 | INFO     | __main__:get_tbc_epg:258 - 正在獲取 2026/07/11 節目表
2026-07-08 22:23:12.409 | INFO     | __main__:get_tbc_epg:258 - 正在獲取 2026/07/12 節目表
2026-07-08 22:24:57.537 | INFO     | __main__:get_tbc_epg:258 - 正在獲取 2026/07/13 節目表
2026-07-08 22:26:42.871 | INFO     | __main__:get_tbc_epg:258 - 正在獲取 2026/07/14 節目表
2026-07-08 22:28:27.887 | INFO     | __main__:get_tbc_epg:291 - 頻道 南桃園節目總表 獲取 144 個節目
2026-07-08 22:28:27.887 | INFO     | __main__:get_tbc_epg:291 - 頻道 南桃園公用頻道 獲取 192 個節目
2026-07-08 22:28:27.887 | INFO     | __main__:get_tbc_epg:291 - 頻道 CNN 獲取 182 個節目
2026-07-08 22:28:27.887 | INFO     | __main__:get_tbc_epg:291 - 頻道 民視無線台 獲取 205 個節目
2026-07-08 22:28:27.887 | INFO     | __main__:get_tbc_epg:291 - 頻道 TBC桃園生活台 獲取 240 個節目
2026-07-08 22:28:27.888 | INFO     | __main__:get_tbc_epg:291 - 頻道 台視 獲取 141 個節目
2026-07-08 22:28:27.888 | INFO     | __main__:get_tbc_epg:291 - 頻道 大愛電視台 獲取 374 個節目
2026-07-08 22:28:27.888 | INFO     | __main__:get_tbc_epg:291 - 頻道 中視 獲取 150 個節目
2026-07-08 22:28:27.888 | INFO     | __main__:get_tbc_epg:291 - 頻道 人間衛視 獲取 183 個節目
2026-07-08 22:28:27.888 | INFO     | __main__:get_tbc_epg:291 - 頻道 華視 獲取 147 個節目
2026-07-08 22:28:27.888 | INFO     | __main__:get_tbc_epg:291 - 頻道 公共電視 獲取 207 個節目
2026-07-08 22:28:27.888 | INFO     | __main__:get_tbc_epg:291 - 頻道 公視台語台 獲取 158 個節目
2026-07-08 22:28:27.888 | INFO     | __main__:get_tbc_epg:291 - 頻道 好消息頻道 獲取 276 個節目
2026-07-08 22:28:27.888 | INFO     | __main__:get_tbc_epg:291 - 頻道 原住民頻道 獲取 172 個節目
2026-07-08 22:28:27.888 | INFO     | __main__:get_tbc_epg:291 - 頻道 客家電視台 獲取 223 個節目
2026-07-08 22:28:27.888 | INFO     | __main__:get_tbc_epg:291 - 頻道 BBC Earth 獲取 152 個節目
2026-07-08 22:28:27.888 | INFO     | __main__:get_tbc_epg:291 - 頻道 Discovery 獲取 195 個節目
2026-07-08 22:28:27.888 | INFO     | __main__:get_tbc_epg:291 - 頻道 TLC旅遊生活頻道 獲取 170 個節目
2026-07-08 22:28:27.889 | INFO     | __main__:get_tbc_epg:291 - 頻道 動物星球 獲取 168 個節目
2026-07-08 22:28:27.889 | INFO     | __main__:get_tbc_epg:291 - 頻道 卡通頻道 獲取 204 個節目
2026-07-08 22:28:27.889 | INFO     | __main__:get_tbc_epg:291 - 頻道 小尼克頻道 獲取 481 個節目
2026-07-08 22:28:27.889 | INFO     | __main__:get_tbc_epg:291 - 頻道 MOMO親子台 獲取 228 個節目
2026-07-08 22:28:27.889 | INFO     | __main__:get_tbc_epg:291 - 頻道 東森幼幼台 獲取 361 個節目
2026-07-08 22:28:27.889 | INFO     | __main__:get_tbc_epg:291 - 頻道 緯來綜合台 獲取 141 個節目
2026-07-08 22:28:27.889 | INFO     | __main__:get_tbc_epg:291 - 頻道 八大第一台 獲取 139 個節目
2026-07-08 22:28:27.889 | INFO     | __main__:get_tbc_epg:291 - 頻道 八大綜合台 獲取 159 個節目
2026-07-08 22:28:27.889 | INFO     | __main__:get_tbc_epg:291 - 頻道 三立台灣台 獲取 132 個節目
2026-07-08 22:28:27.889 | INFO     | __main__:get_tbc_epg:291 - 頻道 三立都會台 獲取 135 個節目
2026-07-08 22:28:27.889 | INFO     | __main__:get_tbc_epg:291 - 頻道 華藝中文台 獲取 164 個節目
2026-07-08 22:28:27.889 | INFO     | __main__:get_tbc_epg:291 - 頻道 東森綜合台 獲取 133 個節目
2026-07-08 22:28:27.889 | INFO     | __main__:get_tbc_epg:291 - 頻道 東森超視 獲取 135 個節目
2026-07-08 22:28:27.889 | INFO     | __main__:get_tbc_epg:291 - 頻道 東森購物2台 獲取 144 個節目
2026-07-08 22:28:27.890 | INFO     | __main__:get_tbc_epg:291 - 頻道 MOMO 2台 獲取 144 個節目
2026-07-08 22:28:27.890 | INFO     | __main__:get_tbc_epg:291 - 頻道 中天綜合台 獲取 115 個節目
2026-07-08 22:28:27.890 | INFO     | __main__:get_tbc_epg:291 - 頻道 東風衛視 獲取 154 個節目
2026-07-08 22:28:27.890 | INFO     | __main__:get_tbc_epg:291 - 頻道 年代MUCH TV 獲取 175 個節目
2026-07-08 22:28:27.890 | INFO     | __main__:get_tbc_epg:291 - 頻道 中天娛樂台 獲取 133 個節目
2026-07-08 22:28:27.890 | INFO     | __main__:get_tbc_epg:291 - 頻道 東森戲劇台 獲取 141 個節目
2026-07-08 22:28:27.890 | INFO     | __main__:get_tbc_epg:291 - 頻道 八大戲劇台 獲取 144 個節目
2026-07-08 22:28:27.890 | INFO     | __main__:get_tbc_epg:291 - 頻道 TVBS歡樂台 獲取 142 個節目
2026-07-08 22:28:27.890 | INFO     | __main__:get_tbc_epg:291 - 頻道 緯來戲劇台 獲取 140 個節目
2026-07-08 22:28:27.890 | INFO     | __main__:get_tbc_epg:291 - 頻道 高點電視台 獲取 144 個節目
2026-07-08 22:28:27.890 | INFO     | __main__:get_tbc_epg:291 - 頻道 JET綜合台 獲取 141 個節目
2026-07-08 22:28:27.890 | INFO     | __main__:get_tbc_epg:291 - 頻道 東森購物3台 獲取 144 個節目
2026-07-08 22:28:27.891 | INFO     | __main__:get_tbc_epg:291 - 頻道 東森購物1台 獲取 144 個節目
2026-07-08 22:28:27.892 | INFO     | __main__:get_tbc_epg:291 - 頻道 MOMO 1台 獲取 144 個節目
2026-07-08 22:28:27.892 | INFO     | __main__:get_tbc_epg:291 - 頻道 壹電視新聞台 獲取 114 個節目
2026-07-08 22:28:27.892 | INFO     | __main__:get_tbc_epg:291 - 頻道 年代新聞台 獲取 116 個節目
2026-07-08 22:28:27.892 | INFO     | __main__:get_tbc_epg:291 - 頻道 東森新聞台 獲取 125 個節目
2026-07-08 22:28:27.892 | INFO     | __main__:get_tbc_epg:291 - 頻道 民視新聞台 獲取 141 個節目
2026-07-08 22:28:27.892 | INFO     | __main__:get_tbc_epg:291 - 頻道 三立新聞台 獲取 138 個節目
2026-07-08 22:28:27.892 | INFO     | __main__:get_tbc_epg:291 - 頻道 TVBS 新聞台 獲取 114 個節目
2026-07-08 22:28:27.892 | INFO     | __main__:get_tbc_epg:291 - 頻道 TVBS 獲取 118 個節目
2026-07-08 22:28:27.892 | INFO     | __main__:get_tbc_epg:291 - 頻道 東森財經新聞台 獲取 138 個節目
2026-07-08 22:28:27.892 | INFO     | __main__:get_tbc_epg:291 - 頻道 非凡新聞台 獲取 148 個節目
2026-07-08 22:28:27.893 | INFO     | __main__:get_tbc_epg:291 - 頻道 ViVa1台 獲取 144 個節目
2026-07-08 22:28:27.893 | INFO     | __main__:get_tbc_epg:291 - 頻道 東森購物5台 獲取 144 個節目
2026-07-08 22:28:27.893 | INFO     | __main__:get_tbc_epg:291 - 頻道 CATCHPLAY電影台 獲取 137 個節目
2026-07-08 22:28:27.893 | INFO     | __main__:get_tbc_epg:291 - 頻道 東森電影台 獲取 97 個節目
2026-07-08 22:28:27.893 | INFO     | __main__:get_tbc_epg:291 - 頻道 緯來電影台 獲取 81 個節目
2026-07-08 22:28:27.893 | INFO     | __main__:get_tbc_epg:291 - 頻道 LS Time電影台 獲取 67 個節目
2026-07-08 22:28:27.893 | INFO     | __main__:get_tbc_epg:291 - 頻道 HBO 獲取 89 個節目
2026-07-08 22:28:27.893 | INFO     | __main__:get_tbc_epg:291 - 頻道 東森洋片台 獲取 75 個節目
2026-07-08 22:28:27.893 | INFO     | __main__:get_tbc_epg:291 - 頻道 AXN 獲取 121 個節目
2026-07-08 22:28:27.894 | INFO     | __main__:get_tbc_epg:291 - 頻道 好萊塢電影台 獲取 76 個節目
2026-07-08 22:28:27.894 | INFO     | __main__:get_tbc_epg:291 - 頻道 amc電影台 獲取 104 個節目
2026-07-08 22:28:27.894 | INFO     | __main__:get_tbc_epg:291 - 頻道 緯來育樂台 獲取 128 個節目
2026-07-08 22:28:27.894 | INFO     | __main__:get_tbc_epg:291 - 頻道 CINEMAX 獲取 86 個節目
2026-07-08 22:28:27.894 | INFO     | __main__:get_tbc_epg:291 - 頻道 緯來體育台 獲取 103 個節目
2026-07-08 22:28:27.894 | INFO     | __main__:get_tbc_epg:291 - 頻道 DAZN 1 獲取 83 個節目
2026-07-08 22:28:27.894 | INFO     | __main__:get_tbc_epg:291 - 頻道 DAZN 2 獲取 91 個節目
2026-07-08 22:28:27.894 | INFO     | __main__:get_tbc_epg:291 - 頻道 MOMO綜合台 獲取 96 個節目
2026-07-08 22:28:27.895 | INFO     | __main__:get_tbc_epg:291 - 頻道 緯來日本台 獲取 126 個節目
2026-07-08 22:28:27.895 | INFO     | __main__:get_tbc_epg:291 - 頻道 國興衛視 獲取 193 個節目
2026-07-08 22:28:27.895 | INFO     | __main__:get_tbc_epg:291 - 頻道 BBC Lifestyle 獲取 184 個節目
2026-07-08 22:28:27.895 | INFO     | __main__:get_tbc_epg:291 - 頻道 靖天資訊台 獲取 159 個節目
2026-07-08 22:28:27.895 | INFO     | __main__:get_tbc_epg:291 - 頻道 信吉電視台 獲取 71 個節目
2026-07-08 22:28:27.895 | INFO     | __main__:get_tbc_epg:291 - 頻道 信大電視台 獲取 72 個節目
2026-07-08 22:28:27.895 | INFO     | __main__:get_tbc_epg:291 - 頻道 中台灣生活網頻道 獲取 288 個節目
2026-07-08 22:28:27.895 | INFO     | __main__:get_tbc_epg:291 - 頻道 TBC台中生活台 獲取 288 個節目
2026-07-08 22:28:27.895 | INFO     | __main__:get_tbc_epg:291 - 頻道 鏡電視新聞台 獲取 138 個節目
2026-07-08 22:28:27.896 | INFO     | __main__:get_tbc_epg:291 - 頻道 台灣藝術台 獲取 90 個節目
2026-07-08 22:28:27.896 | INFO     | __main__:get_tbc_epg:291 - 頻道 樂視台 獲取 288 個節目
2026-07-08 22:28:27.896 | INFO     | __main__:get_tbc_epg:291 - 頻道 非凡商業台 獲取 178 個節目
2026-07-08 22:28:27.896 | INFO     | __main__:get_tbc_epg:291 - 頻道 三立財經新聞台 獲取 139 個節目
2026-07-08 22:28:27.896 | INFO     | __main__:get_tbc_epg:291 - 頻道 冠軍電視台 獲取 78 個節目
2026-07-08 22:28:27.896 | INFO     | __main__:get_tbc_epg:291 - 頻道 運通財經綜合台 獲取 288 個節目
2026-07-08 22:28:27.896 | INFO     | __main__:get_tbc_epg:291 - 頻道 SBN全球財經台 獲取 288 個節目
2026-07-08 22:28:27.896 | INFO     | __main__:get_tbc_epg:291 - 頻道 誠心電視台 獲取 72 個節目
2026-07-08 22:28:27.896 | INFO     | __main__:get_tbc_epg:291 - 頻道 NHK 獲取 378 個節目
2026-07-08 22:28:27.896 | INFO     | __main__:get_tbc_epg:291 - 頻道 MTV 獲取 157 個節目
2026-07-08 22:28:27.897 | INFO     | __main__:get_tbc_epg:291 - 頻道 Animax 獲取 288 個節目
2026-07-08 22:28:27.897 | INFO     | __main__:get_tbc_epg:291 - 頻道 霹靂台灣台 獲取 139 個節目
2026-07-08 22:28:27.897 | INFO     | __main__:get_tbc_epg:291 - 頻道 海豚綜合台 獲取 102 個節目
2026-07-08 22:28:27.897 | INFO     | __main__:get_tbc_epg:291 - 頻道 八大娛樂台 獲取 141 個節目
2026-07-08 22:28:27.897 | INFO     | __main__:get_tbc_epg:291 - 頻道 十方法界 獲取 249 個節目
2026-07-08 22:28:27.897 | INFO     | __main__:get_tbc_epg:291 - 頻道 壹電視電影台 獲取 95 個節目
2026-07-08 22:28:27.897 | INFO     | __main__:get_tbc_epg:291 - 頻道 華藏衛視  獲取 167 個節目
2026-07-08 22:28:27.897 | INFO     | __main__:get_tbc_epg:291 - 頻道 壹電視資訊綜合台 獲取 162 個節目
2026-07-08 22:28:27.898 | INFO     | __main__:get_tbc_epg:291 - 頻道 佛衛慈悲台 獲取 186 個節目
2026-07-08 22:28:27.898 | INFO     | __main__:get_tbc_epg:291 - 頻道 紅豆電視台 獲取 84 個節目
2026-07-08 22:28:27.898 | INFO     | __main__:get_tbc_epg:291 - 頻道 全大電視台 獲取 72 個節目
2026-07-08 22:28:27.898 | INFO     | __main__:get_tbc_epg:291 - 頻道 華藝台灣台 獲取 66 個節目
2026-07-08 22:28:27.898 | INFO     | __main__:get_tbc_epg:291 - 頻道 正德電視台 獲取 144 個節目
2026-07-08 22:28:27.898 | INFO     | __main__:get_tbc_epg:291 - 頻道 天良綜合台 獲取 60 個節目
2026-07-08 22:28:27.898 | INFO     | __main__:get_tbc_epg:291 - 頻道 番薯衛星電視台 獲取 24 個節目
2026-07-08 22:28:27.898 | INFO     | __main__:get_tbc_epg:291 - 頻道 富立電視台 獲取 72 個節目
2026-07-08 22:28:27.899 | INFO     | __main__:get_tbc_epg:291 - 頻道 Z頻道 獲取 144 個節目
2026-07-08 22:28:27.899 | INFO     | __main__:get_tbc_epg:291 - 頻道 冠軍夢想台 獲取 72 個節目
2026-07-08 22:28:27.899 | INFO     | __main__:get_tbc_epg:291 - 頻道 新天地民俗台 獲取 144 個節目
2026-07-08 22:28:27.899 | INFO     | __main__:get_tbc_epg:291 - 頻道 三聖電視台 獲取 144 個節目
2026-07-08 22:28:27.899 | INFO     | __main__:get_tbc_epg:291 - 頻道 威達超舜生活台 獲取 90 個節目
2026-07-08 22:28:27.899 | INFO     | __main__:get_tbc_epg:291 - 頻道 天美麗電視台 獲取 48 個節目
2026-07-08 22:28:27.899 | INFO     | __main__:get_tbc_epg:291 - 頻道 大立電視台 獲取 72 個節目
2026-07-08 22:28:27.899 | INFO     | __main__:get_tbc_epg:291 - 頻道 小公視 獲取 246 個節目
2026-07-08 22:28:27.899 | INFO     | __main__:get_tbc_epg:291 - 頻道 華視教育體育文化台 獲取 253 個節目
2026-07-08 22:28:27.899 | INFO     | __main__:get_tbc_epg:291 - 頻道 國會頻道1台 獲取 72 個節目
2026-07-08 22:28:27.900 | INFO     | __main__:get_tbc_epg:291 - 頻道 國會頻道2台 獲取 72 個節目
2026-07-08 22:28:27.900 | INFO     | __main__:get_tbc_epg:291 - 頻道 幸福空間居家台 獲取 146 個節目
2026-07-08 22:28:27.900 | INFO     | __main__:get_tbc_epg:291 - 頻道 高點育樂台 獲取 148 個節目
2026-07-08 22:28:27.900 | INFO     | __main__:get_tbc_epg:291 - 頻道 台灣綜合台 獲取 144 個節目
2026-07-08 22:28:27.900 | INFO     | __main__:get_tbc_epg:291 - 頻道 大台中生活頻道 獲取 147 個節目
2026-07-08 22:28:27.900 | INFO     | __main__:get_tbc_epg:291 - 頻道 彰化生活台 獲取 144 個節目
2026-07-08 22:28:27.900 | INFO     | __main__:get_tbc_epg:291 - 頻道 唯心電視台 獲取 228 個節目
2026-07-08 22:28:27.900 | INFO     | __main__:get_tbc_epg:291 - 頻道 美麗人生購物台 獲取 144 個節目
2026-07-08 22:28:27.900 | INFO     | __main__:get_tbc_epg:291 - 頻道 大愛二台  獲取 286 個節目
2026-07-08 22:28:27.900 | INFO     | __main__:get_tbc_epg:291 - 頻道 靖天映畫 獲取 78 個節目
2026-07-08 22:28:27.900 | INFO     | __main__:get_tbc_epg:291 - 頻道 靖洋戲劇台 獲取 152 個節目
2026-07-08 22:28:27.900 | INFO     | __main__:get_tbc_epg:291 - 頻道 ROCK Action 獲取 91 個節目
2026-07-08 22:28:27.900 | INFO     | __main__:get_tbc_epg:291 - 頻道 Global Trekker 探索世界  獲取 205 個節目
2026-07-08 22:28:27.900 | INFO     | __main__:get_tbc_epg:291 - 頻道 靖天綜合台 獲取 144 個節目
2026-07-08 22:28:27.900 | INFO     | __main__:get_tbc_epg:291 - 頻道 寶島文化台 獲取 144 個節目
2026-07-08 22:28:27.900 | INFO     | __main__:get_tbc_epg:291 - 頻道 TaiwanPlus 獲取 339 個節目
2026-07-08 22:28:27.900 | INFO     | __main__:get_tbc_epg:291 - 頻道 BBC News 獲取 300 個節目
2026-07-08 22:28:27.900 | INFO     | __main__:get_tbc_epg:291 - 頻道 民視第一台 獲取 197 個節目
2026-07-08 22:28:27.900 | INFO     | __main__:get_tbc_epg:291 - 頻道 民視台灣台 獲取 171 個節目
2026-07-08 22:28:27.900 | INFO     | __main__:get_tbc_epg:291 - 頻道 中視新聞台 獲取 144 個節目
2026-07-08 22:28:27.900 | INFO     | __main__:get_tbc_epg:291 - 頻道 台視新聞台 獲取 152 個節目
2026-07-08 22:28:27.900 | INFO     | __main__:get_tbc_epg:291 - 頻道 台視財經台 獲取 129 個節目
2026-07-08 22:28:27.900 | INFO     | __main__:get_tbc_epg:291 - 頻道 台視綜合台 獲取 146 個節目
2026-07-08 22:28:27.900 | INFO     | __main__:get_tbc_epg:291 - 頻道 彭博財經台 獲取 148 個節目
2026-07-08 22:28:27.901 | INFO     | __main__:get_tbc_epg:291 - 頻道 Channel NewsAsia 獲取 188 個節目
2026-07-08 22:28:27.901 | INFO     | __main__:get_tbc_epg:291 - 頻道 韓國阿里郎 獲取 309 個節目
2026-07-08 22:28:27.901 | INFO     | __main__:get_tbc_epg:291 - 頻道 DREAMWORKS 獲取 348 個節目
2026-07-08 22:28:27.901 | INFO     | __main__:get_tbc_epg:291 - 頻道 Warner TV 獲取 243 個節目
2026-07-08 22:28:27.901 | INFO     | __main__:get_tbc_epg:291 - 頻道 靖天電影台 獲取 84 個節目
2026-07-08 22:28:27.901 | INFO     | __main__:get_tbc_epg:291 - 頻道 CinemaWorld 獲取 92 個節目
2026-07-08 22:28:27.901 | INFO     | __main__:get_tbc_epg:291 - 頻道 HBO HD 獲取 183 個節目
2026-07-08 22:28:27.901 | INFO     | __main__:get_tbc_epg:291 - 頻道 HBO 強檔鉅獻 獲取 92 個節目
2026-07-08 22:28:27.901 | INFO     | __main__:get_tbc_epg:291 - 頻道 HBO 原創鉅獻 獲取 101 個節目
2026-07-08 22:28:27.901 | INFO     | __main__:get_tbc_epg:291 - 頻道 HBO 溫馨家庭 獲取 300 個節目
2026-07-08 22:28:27.901 | INFO     | __main__:get_tbc_epg:291 - 頻道 靖天日本台 獲取 226 個節目
2026-07-08 22:28:27.901 | INFO     | __main__:get_tbc_epg:291 - 頻道 EVE 獲取 247 個節目
2026-07-08 22:28:27.901 | INFO     | __main__:get_tbc_epg:291 - 頻道 tvN 獲取 106 個節目
2026-07-08 22:28:27.901 | INFO     | __main__:get_tbc_epg:291 - 頻道 靖天歡樂台 獲取 150 個節目
2026-07-08 22:28:27.901 | INFO     | __main__:get_tbc_epg:291 - 頻道 HITS 獲取 167 個節目
2026-07-08 22:28:27.901 | INFO     | __main__:get_tbc_epg:291 - 頻道 韓國娛樂台KMTV 獲取 230 個節目
2026-07-08 22:28:27.901 | INFO     | __main__:get_tbc_epg:291 - 頻道 靖天育樂台 獲取 160 個節目
2026-07-08 22:28:27.901 | INFO     | __main__:get_tbc_epg:291 - 頻道 Lifetime 獲取 146 個節目
2026-07-08 22:28:27.901 | INFO     | __main__:get_tbc_epg:291 - 頻道 罪案偵緝頻道 獲取 181 個節目
2026-07-08 22:28:27.901 | INFO     | __main__:get_tbc_epg:291 - 頻道 寵物頻道 獲取 160 個節目
2026-07-08 22:28:27.901 | INFO     | __main__:get_tbc_epg:291 - 頻道 歷史頻道 獲取 166 個節目
2026-07-08 22:28:27.901 | INFO     | __main__:get_tbc_epg:291 - 頻道 Discovery Asia 獲取 205 個節目
2026-07-08 22:28:27.901 | INFO     | __main__:get_tbc_epg:291 - 頻道 Discovery科學頻道 獲取 237 個節目
2026-07-08 22:28:27.901 | INFO     | __main__:get_tbc_epg:291 - 頻道 DMAX 獲取 219 個節目
2026-07-08 22:28:27.902 | INFO     | __main__:get_tbc_epg:291 - 頻道 寰宇新聞台灣台 獲取 150 個節目
2026-07-08 22:28:27.902 | INFO     | __main__:get_tbc_epg:291 - 頻道 亞洲旅遊台 獲取 144 個節目
2026-07-08 22:28:27.902 | INFO     | __main__:get_tbc_epg:291 - 頻道 梅迪奇藝術 獲取 102 個節目
2026-07-08 22:28:27.902 | INFO     | __main__:get_tbc_epg:291 - 頻道 博斯運動二台 獲取 69 個節目
2026-07-08 22:28:27.902 | INFO     | __main__:get_tbc_epg:291 - 頻道 博斯網球台 獲取 36 個節目
2026-07-08 22:28:27.902 | INFO     | __main__:get_tbc_epg:291 - 頻道 博斯無限台 獲取 68 個節目
2026-07-08 22:28:27.902 | INFO     | __main__:get_tbc_epg:291 - 頻道 博斯高球1台 獲取 51 個節目
2026-07-08 22:28:27.902 | INFO     | __main__:get_tbc_epg:291 - 頻道 博斯高球2台 獲取 42 個節目
2026-07-08 22:28:27.902 | INFO     | __main__:get_tbc_epg:291 - 頻道 博斯魅力網 獲取 68 個節目
2026-07-08 22:28:27.902 | INFO     | __main__:get_tbc_epg:291 - 頻道 博斯運動一台 獲取 36 個節目
2026-07-08 22:28:27.902 | INFO     | __main__:get_tbc_epg:291 - 頻道 博斯無限二台 獲取 89 個節目
2026-07-08 22:28:27.902 | INFO     | __main__:get_tbc_epg:291 - 頻道 尼克兒童頻道 獲取 397 個節目
2026-07-08 22:28:27.902 | INFO     | __main__:get_tbc_epg:291 - 頻道 達文西頻道 獲取 592 個節目
2026-07-08 22:28:27.903 | INFO     | __main__:get_tbc_epg:291 - 頻道 CBeebies 獲取 1001 個節目
2026-07-08 22:28:27.903 | INFO     | __main__:get_tbc_epg:291 - 頻道 CARTOONITO 獲取 256 個節目
2026-07-08 22:28:27.903 | INFO     | __main__:get_tbc_epg:291 - 頻道 靖洋卡通台 獲取 288 個節目
2026-07-08 22:28:27.903 | INFO     | __main__:get_tbc_epg:291 - 頻道 靖天卡通台 獲取 251 個節目
2026-07-08 22:28:27.903 | INFO     | __main__:get_tbc_epg:291 - 頻道 LOVE NATURE 4K 獲取 168 個節目
2026-07-08 22:28:27.903 | INFO     | __main__:get_tbc_epg:291 - 頻道 ROCK ENTERTAINMENT 獲取 137 個節目
2026-07-08 22:28:27.903 | INFO     | __main__:get_tbc_epg:291 - 頻道 ROCK EXTREME 獲取 143 個節目
2026-07-08 22:28:27.903 | INFO     | __main__:get_tbc_epg:291 - 頻道 彩虹頻道 獲取 148 個節目
2026-07-08 22:28:27.903 | INFO     | __main__:get_tbc_epg:291 - 頻道 彩虹e台 獲取 56 個節目
2026-07-08 22:28:27.903 | INFO     | __main__:get_tbc_epg:291 - 頻道 彩虹電影台 獲取 61 個節目
2026-07-08 22:28:27.903 | INFO     | __main__:get_tbc_epg:291 - 頻道 K 頻道 獲取 71 個節目
2026-07-08 22:28:27.903 | INFO     | __main__:get_tbc_epg:291 - 頻道 松視1台 獲取 72 個節目
2026-07-08 22:28:27.904 | INFO     | __main__:get_tbc_epg:291 - 頻道 松視2台 獲取 72 個節目
2026-07-08 22:28:27.904 | INFO     | __main__:get_tbc_epg:291 - 頻道 松視3台 獲取 93 個節目
2026-07-08 22:28:27.904 | INFO     | __main__:get_tbc_epg:291 - 頻道 松視4台 獲取 117 個節目
2026-07-08 22:28:27.904 | INFO     | __main__:get_tbc_epg:291 - 頻道 潘朵啦高畫質玩美台 獲取 72 個節目
2026-07-08 22:28:27.904 | INFO     | __main__:get_tbc_epg:291 - 頻道 潘朵啦高畫質粉紅台 獲取 78 個節目
2026-07-08 22:28:27.904 | INFO     | __main__:get_tbc_epg:291 - 頻道 JStar極限台電影頻道 獲取 91 個節目
2026-07-08 22:28:27.904 | INFO     | __main__:get_tbc_epg:291 - 頻道 驚豔成人電影台 獲取 68 個節目
2026-07-08 22:28:27.904 | INFO     | __main__:get_tbc_epg:291 - 頻道 香蕉台 獲取 93 個節目
2026-07-08 22:28:27.904 | INFO     | __main__:get_tbc_epg:291 - 頻道 樂活頻道 獲取 68 個節目
2026-07-08 22:28:27.904 | INFO     | __main__:get_tbc_epg:291 - 頻道 玩家頻道 獲取 144 個節目
2026-07-08 22:28:27.904 | INFO     | __main__:get_tbc_epg:291 - 頻道 Happy 獲取 72 個節目
2026-07-08 22:28:27.904 | INFO     | __main__:get_tbc_epg:291 - 頻道 Hot 獲取 144 個節目
2026-07-08 22:28:27.905 | INFO     | __main__:get_tbc_epg:292 - 總計獲取 32072 個節目
2026-07-08 22:28:31.023 | INFO     | __main__:main:361 - EPG 已儲存到 ./output/epg_tbc.xml
2026-07-08 22:28:31.023 | INFO     | __main__:main:363 - ========== 抓取完成 ==========
2026-07-09 02:49:14 | INFO | ==================================================
2026-07-09 02:49:14 | INFO | 開始生成四季線上電子節目單
2026-07-09 02:49:14 | INFO | 輸出目錄: /home/runner/work/EPG/EPG/output
2026-07-09 02:49:14 | SUCCESS | 已更新本地頻道檔案，保存 132 個頻道
2026-07-09 02:49:14 | SUCCESS | 從 API 獲取到 132 個頻道（已跳過 9 個）
2026-07-09 02:49:14 | INFO | 成功加載 132 個頻道
2026-07-09 02:49:31 | INFO | 共獲取 13257 個節目
2026-07-09 02:49:31 | INFO | 電子節目單已生成: /home/runner/work/EPG/EPG/output/4g.xml
2026-07-09 02:49:31 | SUCCESS | EPG 生成完成
2026-07-09 22:44:14.382 | INFO     | __main__:main:350 - ========== 開始抓取 TBC EPG ==========
2026-07-09 22:44:14.383 | INFO     | __main__:get_tbc_epg:246 - 正在獲取TBC EPG
2026-07-09 22:44:18.457 | INFO     | __main__:get_channels_tbc:161 - 成功獲取 233 個頻道
2026-07-09 22:44:18.457 | INFO     | __main__:get_tbc_epg:258 - 正在獲取 2026/07/10 節目表
2026-07-09 22:46:26.716 | INFO     | __main__:get_tbc_epg:258 - 正在獲取 2026/07/11 節目表
2026-07-09 22:48:43.208 | INFO     | __main__:get_tbc_epg:258 - 正在獲取 2026/07/12 節目表
2026-07-09 22:51:00.551 | INFO     | __main__:get_tbc_epg:258 - 正在獲取 2026/07/13 節目表
2026-07-09 22:53:10.059 | INFO     | __main__:get_tbc_epg:258 - 正在獲取 2026/07/14 節目表
2026-07-09 22:55:18.455 | INFO     | __main__:get_tbc_epg:258 - 正在獲取 2026/07/15 節目表
2026-07-09 22:57:19.911 | INFO     | __main__:get_tbc_epg:291 - 頻道 南桃園節目總表 獲取 144 個節目
2026-07-09 22:57:19.911 | INFO     | __main__:get_tbc_epg:291 - 頻道 南桃園公用頻道 獲取 192 個節目
2026-07-09 22:57:19.911 | INFO     | __main__:get_tbc_epg:291 - 頻道 CNN 獲取 183 個節目
2026-07-09 22:57:19.911 | INFO     | __main__:get_tbc_epg:291 - 頻道 民視無線台 獲取 205 個節目
2026-07-09 22:57:19.911 | INFO     | __main__:get_tbc_epg:291 - 頻道 TBC桃園生活台 獲取 240 個節目
2026-07-09 22:57:19.911 | INFO     | __main__:get_tbc_epg:291 - 頻道 台視 獲取 150 個節目
2026-07-09 22:57:19.911 | INFO     | __main__:get_tbc_epg:291 - 頻道 大愛電視台 獲取 374 個節目
2026-07-09 22:57:19.911 | INFO     | __main__:get_tbc_epg:291 - 頻道 中視 獲取 149 個節目
2026-07-09 22:57:19.911 | INFO     | __main__:get_tbc_epg:291 - 頻道 人間衛視 獲取 183 個節目
2026-07-09 22:57:19.911 | INFO     | __main__:get_tbc_epg:291 - 頻道 華視 獲取 139 個節目
2026-07-09 22:57:19.911 | INFO     | __main__:get_tbc_epg:291 - 頻道 公共電視 獲取 210 個節目
2026-07-09 22:57:19.911 | INFO     | __main__:get_tbc_epg:291 - 頻道 公視台語台 獲取 157 個節目
2026-07-09 22:57:19.911 | INFO     | __main__:get_tbc_epg:291 - 頻道 好消息頻道 獲取 278 個節目
2026-07-09 22:57:19.911 | INFO     | __main__:get_tbc_epg:291 - 頻道 原住民頻道 獲取 172 個節目
2026-07-09 22:57:19.912 | INFO     | __main__:get_tbc_epg:291 - 頻道 客家電視台 獲取 227 個節目
2026-07-09 22:57:19.912 | INFO     | __main__:get_tbc_epg:291 - 頻道 BBC Earth 獲取 152 個節目
2026-07-09 22:57:19.912 | INFO     | __main__:get_tbc_epg:291 - 頻道 Discovery 獲取 192 個節目
2026-07-09 22:57:19.912 | INFO     | __main__:get_tbc_epg:291 - 頻道 TLC旅遊生活頻道 獲取 176 個節目
2026-07-09 22:57:19.912 | INFO     | __main__:get_tbc_epg:291 - 頻道 動物星球 獲取 167 個節目
2026-07-09 22:57:19.912 | INFO     | __main__:get_tbc_epg:291 - 頻道 卡通頻道 獲取 203 個節目
2026-07-09 22:57:19.912 | INFO     | __main__:get_tbc_epg:291 - 頻道 小尼克頻道 獲取 472 個節目
2026-07-09 22:57:19.912 | INFO     | __main__:get_tbc_epg:291 - 頻道 MOMO親子台 獲取 231 個節目
2026-07-09 22:57:19.912 | INFO     | __main__:get_tbc_epg:291 - 頻道 東森幼幼台 獲取 361 個節目
2026-07-09 22:57:19.912 | INFO     | __main__:get_tbc_epg:291 - 頻道 緯來綜合台 獲取 141 個節目
2026-07-09 22:57:19.912 | INFO     | __main__:get_tbc_epg:291 - 頻道 八大第一台 獲取 139 個節目
2026-07-09 22:57:19.912 | INFO     | __main__:get_tbc_epg:291 - 頻道 八大綜合台 獲取 159 個節目
2026-07-09 22:57:19.912 | INFO     | __main__:get_tbc_epg:291 - 頻道 三立台灣台 獲取 132 個節目
2026-07-09 22:57:19.912 | INFO     | __main__:get_tbc_epg:291 - 頻道 三立都會台 獲取 135 個節目
2026-07-09 22:57:19.912 | INFO     | __main__:get_tbc_epg:291 - 頻道 華藝中文台 獲取 165 個節目
2026-07-09 22:57:19.912 | INFO     | __main__:get_tbc_epg:291 - 頻道 東森綜合台 獲取 134 個節目
2026-07-09 22:57:19.912 | INFO     | __main__:get_tbc_epg:291 - 頻道 東森超視 獲取 136 個節目
2026-07-09 22:57:19.912 | INFO     | __main__:get_tbc_epg:291 - 頻道 東森購物2台 獲取 144 個節目
2026-07-09 22:57:19.912 | INFO     | __main__:get_tbc_epg:291 - 頻道 MOMO 2台 獲取 144 個節目
2026-07-09 22:57:19.912 | INFO     | __main__:get_tbc_epg:291 - 頻道 中天綜合台 獲取 115 個節目
2026-07-09 22:57:19.912 | INFO     | __main__:get_tbc_epg:291 - 頻道 東風衛視 獲取 154 個節目
2026-07-09 22:57:19.912 | INFO     | __main__:get_tbc_epg:291 - 頻道 年代MUCH TV 獲取 175 個節目
2026-07-09 22:57:19.912 | INFO     | __main__:get_tbc_epg:291 - 頻道 中天娛樂台 獲取 133 個節目
2026-07-09 22:57:19.912 | INFO     | __main__:get_tbc_epg:291 - 頻道 東森戲劇台 獲取 141 個節目
2026-07-09 22:57:19.912 | INFO     | __main__:get_tbc_epg:291 - 頻道 八大戲劇台 獲取 144 個節目
2026-07-09 22:57:19.912 | INFO     | __main__:get_tbc_epg:291 - 頻道 TVBS歡樂台 獲取 142 個節目
2026-07-09 22:57:19.912 | INFO     | __main__:get_tbc_epg:291 - 頻道 緯來戲劇台 獲取 140 個節目
2026-07-09 22:57:19.912 | INFO     | __main__:get_tbc_epg:291 - 頻道 高點電視台 獲取 144 個節目
2026-07-09 22:57:19.912 | INFO     | __main__:get_tbc_epg:291 - 頻道 JET綜合台 獲取 141 個節目
2026-07-09 22:57:19.912 | INFO     | __main__:get_tbc_epg:291 - 頻道 東森購物3台 獲取 144 個節目
2026-07-09 22:57:19.912 | INFO     | __main__:get_tbc_epg:291 - 頻道 東森購物1台 獲取 144 個節目
2026-07-09 22:57:19.912 | INFO     | __main__:get_tbc_epg:291 - 頻道 MOMO 1台 獲取 144 個節目
2026-07-09 22:57:19.912 | INFO     | __main__:get_tbc_epg:291 - 頻道 壹電視新聞台 獲取 114 個節目
2026-07-09 22:57:19.912 | INFO     | __main__:get_tbc_epg:291 - 頻道 年代新聞台 獲取 120 個節目
2026-07-09 22:57:19.912 | INFO     | __main__:get_tbc_epg:291 - 頻道 東森新聞台 獲取 124 個節目
2026-07-09 22:57:19.912 | INFO     | __main__:get_tbc_epg:291 - 頻道 民視新聞台 獲取 141 個節目
2026-07-09 22:57:19.912 | INFO     | __main__:get_tbc_epg:291 - 頻道 三立新聞台 獲取 138 個節目
2026-07-09 22:57:19.912 | INFO     | __main__:get_tbc_epg:291 - 頻道 TVBS 新聞台 獲取 114 個節目
2026-07-09 22:57:19.912 | INFO     | __main__:get_tbc_epg:291 - 頻道 TVBS 獲取 118 個節目
2026-07-09 22:57:19.913 | INFO     | __main__:get_tbc_epg:291 - 頻道 東森財經新聞台 獲取 138 個節目
2026-07-09 22:57:19.913 | INFO     | __main__:get_tbc_epg:291 - 頻道 非凡新聞台 獲取 148 個節目
2026-07-09 22:57:19.913 | INFO     | __main__:get_tbc_epg:291 - 頻道 ViVa1台 獲取 144 個節目
2026-07-09 22:57:19.913 | INFO     | __main__:get_tbc_epg:291 - 頻道 東森購物5台 獲取 144 個節目
2026-07-09 22:57:19.913 | INFO     | __main__:get_tbc_epg:291 - 頻道 CATCHPLAY電影台 獲取 136 個節目
2026-07-09 22:57:19.913 | INFO     | __main__:get_tbc_epg:291 - 頻道 東森電影台 獲取 97 個節目
2026-07-09 22:57:19.913 | INFO     | __main__:get_tbc_epg:291 - 頻道 緯來電影台 獲取 82 個節目
2026-07-09 22:57:19.913 | INFO     | __main__:get_tbc_epg:291 - 頻道 LS Time電影台 獲取 68 個節目
2026-07-09 22:57:19.913 | INFO     | __main__:get_tbc_epg:291 - 頻道 HBO 獲取 89 個節目
2026-07-09 22:57:19.913 | INFO     | __main__:get_tbc_epg:291 - 頻道 東森洋片台 獲取 75 個節目
2026-07-09 22:57:19.913 | INFO     | __main__:get_tbc_epg:291 - 頻道 AXN 獲取 121 個節目
2026-07-09 22:57:19.913 | INFO     | __main__:get_tbc_epg:291 - 頻道 好萊塢電影台 獲取 77 個節目
2026-07-09 22:57:19.913 | INFO     | __main__:get_tbc_epg:291 - 頻道 amc電影台 獲取 105 個節目
2026-07-09 22:57:19.913 | INFO     | __main__:get_tbc_epg:291 - 頻道 緯來育樂台 獲取 124 個節目
2026-07-09 22:57:19.913 | INFO     | __main__:get_tbc_epg:291 - 頻道 CINEMAX 獲取 85 個節目
2026-07-09 22:57:19.913 | INFO     | __main__:get_tbc_epg:291 - 頻道 緯來體育台 獲取 108 個節目
2026-07-09 22:57:19.913 | INFO     | __main__:get_tbc_epg:291 - 頻道 DAZN 1 獲取 88 個節目
2026-07-09 22:57:19.913 | INFO     | __main__:get_tbc_epg:291 - 頻道 DAZN 2 獲取 90 個節目
2026-07-09 22:57:19.913 | INFO     | __main__:get_tbc_epg:291 - 頻道 MOMO綜合台 獲取 125 個節目
2026-07-09 22:57:19.913 | INFO     | __main__:get_tbc_epg:291 - 頻道 緯來日本台 獲取 129 個節目
2026-07-09 22:57:19.913 | INFO     | __main__:get_tbc_epg:291 - 頻道 國興衛視 獲取 193 個節目
2026-07-09 22:57:19.913 | INFO     | __main__:get_tbc_epg:291 - 頻道 BBC Lifestyle 獲取 184 個節目
2026-07-09 22:57:19.913 | INFO     | __main__:get_tbc_epg:291 - 頻道 靖天資訊台 獲取 159 個節目
2026-07-09 22:57:19.913 | INFO     | __main__:get_tbc_epg:291 - 頻道 信吉電視台 獲取 71 個節目
2026-07-09 22:57:19.913 | INFO     | __main__:get_tbc_epg:291 - 頻道 信大電視台 獲取 72 個節目
2026-07-09 22:57:19.913 | INFO     | __main__:get_tbc_epg:291 - 頻道 中台灣生活網頻道 獲取 288 個節目
2026-07-09 22:57:19.913 | INFO     | __main__:get_tbc_epg:291 - 頻道 TBC台中生活台 獲取 288 個節目
2026-07-09 22:57:19.913 | INFO     | __main__:get_tbc_epg:291 - 頻道 鏡電視新聞台 獲取 138 個節目
2026-07-09 22:57:19.913 | INFO     | __main__:get_tbc_epg:291 - 頻道 台灣藝術台 獲取 90 個節目
2026-07-09 22:57:19.913 | INFO     | __main__:get_tbc_epg:291 - 頻道 樂視台 獲取 288 個節目
2026-07-09 22:57:19.913 | INFO     | __main__:get_tbc_epg:291 - 頻道 非凡商業台 獲取 178 個節目
2026-07-09 22:57:19.913 | INFO     | __main__:get_tbc_epg:291 - 頻道 三立財經新聞台 獲取 139 個節目
2026-07-09 22:57:19.913 | INFO     | __main__:get_tbc_epg:291 - 頻道 冠軍電視台 獲取 78 個節目
2026-07-09 22:57:19.913 | INFO     | __main__:get_tbc_epg:291 - 頻道 運通財經綜合台 獲取 288 個節目
2026-07-09 22:57:19.913 | INFO     | __main__:get_tbc_epg:291 - 頻道 SBN全球財經台 獲取 288 個節目
2026-07-09 22:57:19.914 | INFO     | __main__:get_tbc_epg:291 - 頻道 誠心電視台 獲取 72 個節目
2026-07-09 22:57:19.914 | INFO     | __main__:get_tbc_epg:291 - 頻道 NHK 獲取 390 個節目
2026-07-09 22:57:19.914 | INFO     | __main__:get_tbc_epg:291 - 頻道 MTV 獲取 157 個節目
2026-07-09 22:57:19.914 | INFO     | __main__:get_tbc_epg:291 - 頻道 Animax 獲取 288 個節目
2026-07-09 22:57:19.914 | INFO     | __main__:get_tbc_epg:291 - 頻道 霹靂台灣台 獲取 139 個節目
2026-07-09 22:57:19.914 | INFO     | __main__:get_tbc_epg:291 - 頻道 海豚綜合台 獲取 102 個節目
2026-07-09 22:57:19.914 | INFO     | __main__:get_tbc_epg:291 - 頻道 八大娛樂台 獲取 141 個節目
2026-07-09 22:57:19.914 | INFO     | __main__:get_tbc_epg:291 - 頻道 十方法界 獲取 249 個節目
2026-07-09 22:57:19.914 | INFO     | __main__:get_tbc_epg:291 - 頻道 壹電視電影台 獲取 93 個節目
2026-07-09 22:57:19.914 | INFO     | __main__:get_tbc_epg:291 - 頻道 華藏衛視  獲取 167 個節目
2026-07-09 22:57:19.914 | INFO     | __main__:get_tbc_epg:291 - 頻道 壹電視資訊綜合台 獲取 162 個節目
2026-07-09 22:57:19.914 | INFO     | __main__:get_tbc_epg:291 - 頻道 佛衛慈悲台 獲取 186 個節目
2026-07-09 22:57:19.914 | INFO     | __main__:get_tbc_epg:291 - 頻道 紅豆電視台 獲取 84 個節目
2026-07-09 22:57:19.914 | INFO     | __main__:get_tbc_epg:291 - 頻道 全大電視台 獲取 72 個節目
2026-07-09 22:57:19.914 | INFO     | __main__:get_tbc_epg:291 - 頻道 華藝台灣台 獲取 66 個節目
2026-07-09 22:57:19.914 | INFO     | __main__:get_tbc_epg:291 - 頻道 正德電視台 獲取 144 個節目
2026-07-09 22:57:19.914 | INFO     | __main__:get_tbc_epg:291 - 頻道 天良綜合台 獲取 60 個節目
2026-07-09 22:57:19.914 | INFO     | __main__:get_tbc_epg:291 - 頻道 番薯衛星電視台 獲取 24 個節目
2026-07-09 22:57:19.914 | INFO     | __main__:get_tbc_epg:291 - 頻道 富立電視台 獲取 72 個節目
2026-07-09 22:57:19.914 | INFO     | __main__:get_tbc_epg:291 - 頻道 Z頻道 獲取 144 個節目
2026-07-09 22:57:19.914 | INFO     | __main__:get_tbc_epg:291 - 頻道 冠軍夢想台 獲取 72 個節目
2026-07-09 22:57:19.914 | INFO     | __main__:get_tbc_epg:291 - 頻道 新天地民俗台 獲取 144 個節目
2026-07-09 22:57:19.914 | INFO     | __main__:get_tbc_epg:291 - 頻道 三聖電視台 獲取 144 個節目
2026-07-09 22:57:19.914 | INFO     | __main__:get_tbc_epg:291 - 頻道 威達超舜生活台 獲取 90 個節目
2026-07-09 22:57:19.914 | INFO     | __main__:get_tbc_epg:291 - 頻道 天美麗電視台 獲取 48 個節目
2026-07-09 22:57:19.914 | INFO     | __main__:get_tbc_epg:291 - 頻道 大立電視台 獲取 72 個節目
2026-07-09 22:57:19.914 | INFO     | __main__:get_tbc_epg:291 - 頻道 小公視 獲取 244 個節目
2026-07-09 22:57:19.914 | INFO     | __main__:get_tbc_epg:291 - 頻道 華視教育體育文化台 獲取 253 個節目
2026-07-09 22:57:19.914 | INFO     | __main__:get_tbc_epg:291 - 頻道 國會頻道1台 獲取 72 個節目
2026-07-09 22:57:19.914 | INFO     | __main__:get_tbc_epg:291 - 頻道 國會頻道2台 獲取 72 個節目
2026-07-09 22:57:19.914 | INFO     | __main__:get_tbc_epg:291 - 頻道 幸福空間居家台 獲取 146 個節目
2026-07-09 22:57:19.914 | INFO     | __main__:get_tbc_epg:291 - 頻道 高點育樂台 獲取 148 個節目
2026-07-09 22:57:19.914 | INFO     | __main__:get_tbc_epg:291 - 頻道 台灣綜合台 獲取 144 個節目
2026-07-09 22:57:19.914 | INFO     | __main__:get_tbc_epg:291 - 頻道 大台中生活頻道 獲取 150 個節目
2026-07-09 22:57:19.914 | INFO     | __main__:get_tbc_epg:291 - 頻道 彰化生活台 獲取 144 個節目
2026-07-09 22:57:19.914 | INFO     | __main__:get_tbc_epg:291 - 頻道 唯心電視台 獲取 228 個節目
2026-07-09 22:57:19.914 | INFO     | __main__:get_tbc_epg:291 - 頻道 美麗人生購物台 獲取 144 個節目
2026-07-09 22:57:19.914 | INFO     | __main__:get_tbc_epg:291 - 頻道 大愛二台  獲取 286 個節目
2026-07-09 22:57:19.914 | INFO     | __main__:get_tbc_epg:291 - 頻道 靖天映畫 獲取 78 個節目
2026-07-09 22:57:19.914 | INFO     | __main__:get_tbc_epg:291 - 頻道 靖洋戲劇台 獲取 152 個節目
2026-07-09 22:57:19.914 | INFO     | __main__:get_tbc_epg:291 - 頻道 ROCK Action 獲取 91 個節目
2026-07-09 22:57:19.914 | INFO     | __main__:get_tbc_epg:291 - 頻道 Global Trekker 探索世界  獲取 208 個節目
2026-07-09 22:57:19.914 | INFO     | __main__:get_tbc_epg:291 - 頻道 靖天綜合台 獲取 144 個節目
2026-07-09 22:57:19.914 | INFO     | __main__:get_tbc_epg:291 - 頻道 寶島文化台 獲取 144 個節目
2026-07-09 22:57:19.914 | INFO     | __main__:get_tbc_epg:291 - 頻道 TaiwanPlus 獲取 339 個節目
2026-07-09 22:57:19.914 | INFO     | __main__:get_tbc_epg:291 - 頻道 BBC News 獲取 300 個節目
2026-07-09 22:57:19.914 | INFO     | __main__:get_tbc_epg:291 - 頻道 民視第一台 獲取 196 個節目
2026-07-09 22:57:19.915 | INFO     | __main__:get_tbc_epg:291 - 頻道 民視台灣台 獲取 170 個節目
2026-07-09 22:57:19.915 | INFO     | __main__:get_tbc_epg:291 - 頻道 中視新聞台 獲取 144 個節目
2026-07-09 22:57:19.915 | INFO     | __main__:get_tbc_epg:291 - 頻道 台視新聞台 獲取 154 個節目
2026-07-09 22:57:19.915 | INFO     | __main__:get_tbc_epg:291 - 頻道 台視財經台 獲取 130 個節目
2026-07-09 22:57:19.915 | INFO     | __main__:get_tbc_epg:291 - 頻道 台視綜合台 獲取 146 個節目
2026-07-09 22:57:19.915 | INFO     | __main__:get_tbc_epg:291 - 頻道 彭博財經台 獲取 145 個節目
2026-07-09 22:57:19.915 | INFO     | __main__:get_tbc_epg:291 - 頻道 Channel NewsAsia 獲取 185 個節目
2026-07-09 22:57:19.915 | INFO     | __main__:get_tbc_epg:291 - 頻道 韓國阿里郎 獲取 312 個節目
2026-07-09 22:57:19.915 | INFO     | __main__:get_tbc_epg:291 - 頻道 DREAMWORKS 獲取 348 個節目
2026-07-09 22:57:19.915 | INFO     | __main__:get_tbc_epg:291 - 頻道 Warner TV 獲取 238 個節目
2026-07-09 22:57:19.915 | INFO     | __main__:get_tbc_epg:291 - 頻道 靖天電影台 獲取 84 個節目
2026-07-09 22:57:19.915 | INFO     | __main__:get_tbc_epg:291 - 頻道 CinemaWorld 獲取 93 個節目
2026-07-09 22:57:19.915 | INFO     | __main__:get_tbc_epg:291 - 頻道 HBO HD 獲取 183 個節目
2026-07-09 22:57:19.915 | INFO     | __main__:get_tbc_epg:291 - 頻道 HBO 強檔鉅獻 獲取 92 個節目
2026-07-09 22:57:19.915 | INFO     | __main__:get_tbc_epg:291 - 頻道 HBO 原創鉅獻 獲取 100 個節目
2026-07-09 22:57:19.915 | INFO     | __main__:get_tbc_epg:291 - 頻道 HBO 溫馨家庭 獲取 297 個節目
2026-07-09 22:57:19.915 | INFO     | __main__:get_tbc_epg:291 - 頻道 靖天日本台 獲取 226 個節目
2026-07-09 22:57:19.915 | INFO     | __main__:get_tbc_epg:291 - 頻道 EVE 獲取 246 個節目
2026-07-09 22:57:19.915 | INFO     | __main__:get_tbc_epg:291 - 頻道 tvN 獲取 107 個節目
2026-07-09 22:57:19.915 | INFO     | __main__:get_tbc_epg:291 - 頻道 靖天歡樂台 獲取 150 個節目
2026-07-09 22:57:19.915 | INFO     | __main__:get_tbc_epg:291 - 頻道 HITS 獲取 166 個節目
2026-07-09 22:57:19.915 | INFO     | __main__:get_tbc_epg:291 - 頻道 韓國娛樂台KMTV 獲取 230 個節目
2026-07-09 22:57:19.915 | INFO     | __main__:get_tbc_epg:291 - 頻道 靖天育樂台 獲取 160 個節目
2026-07-09 22:57:19.915 | INFO     | __main__:get_tbc_epg:291 - 頻道 Lifetime 獲取 145 個節目
2026-07-09 22:57:19.915 | INFO     | __main__:get_tbc_epg:291 - 頻道 罪案偵緝頻道 獲取 177 個節目
2026-07-09 22:57:19.915 | INFO     | __main__:get_tbc_epg:291 - 頻道 寵物頻道 獲取 163 個節目
2026-07-09 22:57:19.915 | INFO     | __main__:get_tbc_epg:291 - 頻道 歷史頻道 獲取 166 個節目
2026-07-09 22:57:19.915 | INFO     | __main__:get_tbc_epg:291 - 頻道 Discovery Asia 獲取 204 個節目
2026-07-09 22:57:19.915 | INFO     | __main__:get_tbc_epg:291 - 頻道 Discovery科學頻道 獲取 237 個節目
2026-07-09 22:57:19.915 | INFO     | __main__:get_tbc_epg:291 - 頻道 DMAX 獲取 218 個節目
2026-07-09 22:57:19.915 | INFO     | __main__:get_tbc_epg:291 - 頻道 寰宇新聞台灣台 獲取 150 個節目
2026-07-09 22:57:19.915 | INFO     | __main__:get_tbc_epg:291 - 頻道 亞洲旅遊台 獲取 144 個節目
2026-07-09 22:57:19.915 | INFO     | __main__:get_tbc_epg:291 - 頻道 梅迪奇藝術 獲取 102 個節目
2026-07-09 22:57:19.915 | INFO     | __main__:get_tbc_epg:291 - 頻道 博斯運動二台 獲取 68 個節目
2026-07-09 22:57:19.915 | INFO     | __main__:get_tbc_epg:291 - 頻道 博斯網球台 獲取 39 個節目
2026-07-09 22:57:19.915 | INFO     | __main__:get_tbc_epg:291 - 頻道 博斯無限台 獲取 68 個節目
2026-07-09 22:57:19.915 | INFO     | __main__:get_tbc_epg:291 - 頻道 博斯高球1台 獲取 53 個節目
2026-07-09 22:57:19.915 | INFO     | __main__:get_tbc_epg:291 - 頻道 博斯高球2台 獲取 44 個節目
2026-07-09 22:57:19.915 | INFO     | __main__:get_tbc_epg:291 - 頻道 博斯魅力網 獲取 66 個節目
2026-07-09 22:57:19.915 | INFO     | __main__:get_tbc_epg:291 - 頻道 博斯運動一台 獲取 38 個節目
2026-07-09 22:57:19.915 | INFO     | __main__:get_tbc_epg:291 - 頻道 博斯無限二台 獲取 88 個節目
2026-07-09 22:57:19.915 | INFO     | __main__:get_tbc_epg:291 - 頻道 尼克兒童頻道 獲取 399 個節目
2026-07-09 22:57:19.915 | INFO     | __main__:get_tbc_epg:291 - 頻道 達文西頻道 獲取 589 個節目
2026-07-09 22:57:19.915 | INFO     | __main__:get_tbc_epg:291 - 頻道 CBeebies 獲取 1001 個節目
2026-07-09 22:57:19.916 | INFO     | __main__:get_tbc_epg:291 - 頻道 CARTOONITO 獲取 256 個節目
2026-07-09 22:57:19.916 | INFO     | __main__:get_tbc_epg:291 - 頻道 靖洋卡通台 獲取 288 個節目
2026-07-09 22:57:19.916 | INFO     | __main__:get_tbc_epg:291 - 頻道 靖天卡通台 獲取 251 個節目
2026-07-09 22:57:19.916 | INFO     | __main__:get_tbc_epg:291 - 頻道 LOVE NATURE 4K 獲取 168 個節目
2026-07-09 22:57:19.916 | INFO     | __main__:get_tbc_epg:291 - 頻道 ROCK ENTERTAINMENT 獲取 137 個節目
2026-07-09 22:57:19.916 | INFO     | __main__:get_tbc_epg:291 - 頻道 ROCK EXTREME 獲取 142 個節目
2026-07-09 22:57:19.916 | INFO     | __main__:get_tbc_epg:291 - 頻道 彩虹頻道 獲取 152 個節目
2026-07-09 22:57:19.916 | INFO     | __main__:get_tbc_epg:291 - 頻道 彩虹e台 獲取 57 個節目
2026-07-09 22:57:19.916 | INFO     | __main__:get_tbc_epg:291 - 頻道 彩虹電影台 獲取 61 個節目
2026-07-09 22:57:19.916 | INFO     | __main__:get_tbc_epg:291 - 頻道 K 頻道 獲取 71 個節目
2026-07-09 22:57:19.916 | INFO     | __main__:get_tbc_epg:291 - 頻道 松視1台 獲取 72 個節目
2026-07-09 22:57:19.916 | INFO     | __main__:get_tbc_epg:291 - 頻道 松視2台 獲取 72 個節目
2026-07-09 22:57:19.916 | INFO     | __main__:get_tbc_epg:291 - 頻道 松視3台 獲取 90 個節目
2026-07-09 22:57:19.916 | INFO     | __main__:get_tbc_epg:291 - 頻道 松視4台 獲取 118 個節目
2026-07-09 22:57:19.916 | INFO     | __main__:get_tbc_epg:291 - 頻道 潘朵啦高畫質玩美台 獲取 72 個節目
2026-07-09 22:57:19.916 | INFO     | __main__:get_tbc_epg:291 - 頻道 潘朵啦高畫質粉紅台 獲取 78 個節目
2026-07-09 22:57:19.916 | INFO     | __main__:get_tbc_epg:291 - 頻道 JStar極限台電影頻道 獲取 91 個節目
2026-07-09 22:57:19.916 | INFO     | __main__:get_tbc_epg:291 - 頻道 驚豔成人電影台 獲取 68 個節目
2026-07-09 22:57:19.916 | INFO     | __main__:get_tbc_epg:291 - 頻道 香蕉台 獲取 91 個節目
2026-07-09 22:57:19.916 | INFO     | __main__:get_tbc_epg:291 - 頻道 樂活頻道 獲取 102 個節目
2026-07-09 22:57:19.916 | INFO     | __main__:get_tbc_epg:291 - 頻道 玩家頻道 獲取 144 個節目
2026-07-09 22:57:19.916 | INFO     | __main__:get_tbc_epg:291 - 頻道 Happy 獲取 72 個節目
2026-07-09 22:57:19.916 | INFO     | __main__:get_tbc_epg:291 - 頻道 Hot 獲取 144 個節目
2026-07-09 22:57:19.916 | INFO     | __main__:get_tbc_epg:292 - 總計獲取 32158 個節目
2026-07-09 22:57:22.446 | INFO     | __main__:main:361 - EPG 已儲存到 ./output/epg_tbc.xml
2026-07-09 22:57:22.447 | INFO     | __main__:main:363 - ========== 抓取完成 ==========
2026-07-10 02:51:55 | INFO | ==================================================
2026-07-10 02:51:55 | INFO | 開始生成四季線上電子節目單
2026-07-10 02:51:55 | INFO | 輸出目錄: /home/runner/work/EPG/EPG/output
2026-07-10 02:51:56 | SUCCESS | 已更新本地頻道檔案，保存 132 個頻道
2026-07-10 02:51:56 | SUCCESS | 從 API 獲取到 132 個頻道（已跳過 9 個）
2026-07-10 02:51:56 | INFO | 成功加載 132 個頻道
2026-07-10 02:52:15 | INFO | 共獲取 13144 個節目
2026-07-10 02:52:15 | INFO | 電子節目單已生成: /home/runner/work/EPG/EPG/output/4g.xml
2026-07-10 02:52:15 | SUCCESS | EPG 生成完成
2026-07-10 22:17:33.027 | INFO     | __main__:main:350 - ========== 開始抓取 TBC EPG ==========
2026-07-10 22:17:33.027 | INFO     | __main__:get_tbc_epg:246 - 正在獲取TBC EPG
2026-07-10 22:17:36.618 | INFO     | __main__:get_channels_tbc:161 - 成功獲取 233 個頻道
2026-07-10 22:17:36.618 | INFO     | __main__:get_tbc_epg:258 - 正在獲取 2026/07/11 節目表
2026-07-10 22:19:33.863 | INFO     | __main__:get_tbc_epg:258 - 正在獲取 2026/07/12 節目表
2026-07-10 22:21:24.637 | INFO     | __main__:get_tbc_epg:258 - 正在獲取 2026/07/13 節目表
2026-07-10 22:23:17.072 | INFO     | __main__:get_tbc_epg:258 - 正在獲取 2026/07/14 節目表
2026-07-10 22:25:07.408 | INFO     | __main__:get_tbc_epg:258 - 正在獲取 2026/07/15 節目表
2026-07-10 22:26:59.677 | INFO     | __main__:get_tbc_epg:258 - 正在獲取 2026/07/16 節目表
2026-07-10 22:28:48.670 | INFO     | __main__:get_tbc_epg:291 - 頻道 南桃園節目總表 獲取 144 個節目
2026-07-10 22:28:48.670 | INFO     | __main__:get_tbc_epg:291 - 頻道 南桃園公用頻道 獲取 192 個節目
2026-07-10 22:28:48.670 | INFO     | __main__:get_tbc_epg:291 - 頻道 CNN 獲取 185 個節目
2026-07-10 22:28:48.670 | INFO     | __main__:get_tbc_epg:291 - 頻道 民視無線台 獲取 205 個節目
2026-07-10 22:28:48.670 | INFO     | __main__:get_tbc_epg:291 - 頻道 TBC桃園生活台 獲取 240 個節目
2026-07-10 22:28:48.670 | INFO     | __main__:get_tbc_epg:291 - 頻道 台視 獲取 151 個節目
2026-07-10 22:28:48.670 | INFO     | __main__:get_tbc_epg:291 - 頻道 大愛電視台 獲取 374 個節目
2026-07-10 22:28:48.670 | INFO     | __main__:get_tbc_epg:291 - 頻道 中視 獲取 149 個節目
2026-07-10 22:28:48.671 | INFO     | __main__:get_tbc_epg:291 - 頻道 人間衛視 獲取 183 個節目
2026-07-10 22:28:48.671 | INFO     | __main__:get_tbc_epg:291 - 頻道 華視 獲取 139 個節目
2026-07-10 22:28:48.671 | INFO     | __main__:get_tbc_epg:291 - 頻道 公共電視 獲取 209 個節目
2026-07-10 22:28:48.671 | INFO     | __main__:get_tbc_epg:291 - 頻道 公視台語台 獲取 157 個節目
2026-07-10 22:28:48.671 | INFO     | __main__:get_tbc_epg:291 - 頻道 好消息頻道 獲取 277 個節目
2026-07-10 22:28:48.671 | INFO     | __main__:get_tbc_epg:291 - 頻道 原住民頻道 獲取 169 個節目
2026-07-10 22:28:48.671 | INFO     | __main__:get_tbc_epg:291 - 頻道 客家電視台 獲取 227 個節目
2026-07-10 22:28:48.671 | INFO     | __main__:get_tbc_epg:291 - 頻道 BBC Earth 獲取 150 個節目
2026-07-10 22:28:48.671 | INFO     | __main__:get_tbc_epg:291 - 頻道 Discovery 獲取 196 個節目
2026-07-10 22:28:48.671 | INFO     | __main__:get_tbc_epg:291 - 頻道 TLC旅遊生活頻道 獲取 173 個節目
2026-07-10 22:28:48.671 | INFO     | __main__:get_tbc_epg:291 - 頻道 動物星球 獲取 167 個節目
2026-07-10 22:28:48.671 | INFO     | __main__:get_tbc_epg:291 - 頻道 卡通頻道 獲取 203 個節目
2026-07-10 22:28:48.671 | INFO     | __main__:get_tbc_epg:291 - 頻道 小尼克頻道 獲取 463 個節目
2026-07-10 22:28:48.671 | INFO     | __main__:get_tbc_epg:291 - 頻道 MOMO親子台 獲取 229 個節目
2026-07-10 22:28:48.671 | INFO     | __main__:get_tbc_epg:291 - 頻道 東森幼幼台 獲取 363 個節目
2026-07-10 22:28:48.671 | INFO     | __main__:get_tbc_epg:291 - 頻道 緯來綜合台 獲取 141 個節目
2026-07-10 22:28:48.671 | INFO     | __main__:get_tbc_epg:291 - 頻道 八大第一台 獲取 139 個節目
2026-07-10 22:28:48.671 | INFO     | __main__:get_tbc_epg:291 - 頻道 八大綜合台 獲取 159 個節目
2026-07-10 22:28:48.671 | INFO     | __main__:get_tbc_epg:291 - 頻道 三立台灣台 獲取 133 個節目
2026-07-10 22:28:48.672 | INFO     | __main__:get_tbc_epg:291 - 頻道 三立都會台 獲取 135 個節目
2026-07-10 22:28:48.672 | INFO     | __main__:get_tbc_epg:291 - 頻道 華藝中文台 獲取 167 個節目
2026-07-10 22:28:48.672 | INFO     | __main__:get_tbc_epg:291 - 頻道 東森綜合台 獲取 135 個節目
2026-07-10 22:28:48.672 | INFO     | __main__:get_tbc_epg:291 - 頻道 東森超視 獲取 133 個節目
2026-07-10 22:28:48.672 | INFO     | __main__:get_tbc_epg:291 - 頻道 東森購物2台 獲取 144 個節目
2026-07-10 22:28:48.672 | INFO     | __main__:get_tbc_epg:291 - 頻道 MOMO 2台 獲取 144 個節目
2026-07-10 22:28:48.672 | INFO     | __main__:get_tbc_epg:291 - 頻道 中天綜合台 獲取 115 個節目
2026-07-10 22:28:48.672 | INFO     | __main__:get_tbc_epg:291 - 頻道 東風衛視 獲取 154 個節目
2026-07-10 22:28:48.672 | INFO     | __main__:get_tbc_epg:291 - 頻道 年代MUCH TV 獲取 175 個節目
2026-07-10 22:28:48.672 | INFO     | __main__:get_tbc_epg:291 - 頻道 中天娛樂台 獲取 133 個節目
2026-07-10 22:28:48.672 | INFO     | __main__:get_tbc_epg:291 - 頻道 東森戲劇台 獲取 141 個節目
2026-07-10 22:28:48.672 | INFO     | __main__:get_tbc_epg:291 - 頻道 八大戲劇台 獲取 144 個節目
2026-07-10 22:28:48.672 | INFO     | __main__:get_tbc_epg:291 - 頻道 TVBS歡樂台 獲取 142 個節目
2026-07-10 22:28:48.672 | INFO     | __main__:get_tbc_epg:291 - 頻道 緯來戲劇台 獲取 140 個節目
2026-07-10 22:28:48.672 | INFO     | __main__:get_tbc_epg:291 - 頻道 高點電視台 獲取 144 個節目
2026-07-10 22:28:48.672 | INFO     | __main__:get_tbc_epg:291 - 頻道 JET綜合台 獲取 141 個節目
2026-07-10 22:28:48.672 | INFO     | __main__:get_tbc_epg:291 - 頻道 東森購物3台 獲取 144 個節目
2026-07-10 22:28:48.672 | INFO     | __main__:get_tbc_epg:291 - 頻道 東森購物1台 獲取 144 個節目
2026-07-10 22:28:48.673 | INFO     | __main__:get_tbc_epg:291 - 頻道 MOMO 1台 獲取 144 個節目
2026-07-10 22:28:48.673 | INFO     | __main__:get_tbc_epg:291 - 頻道 壹電視新聞台 獲取 112 個節目
2026-07-10 22:28:48.673 | INFO     | __main__:get_tbc_epg:291 - 頻道 年代新聞台 獲取 118 個節目
2026-07-10 22:28:48.673 | INFO     | __main__:get_tbc_epg:291 - 頻道 東森新聞台 獲取 121 個節目
2026-07-10 22:28:48.673 | INFO     | __main__:get_tbc_epg:291 - 頻道 民視新聞台 獲取 142 個節目
2026-07-10 22:28:48.673 | INFO     | __main__:get_tbc_epg:291 - 頻道 三立新聞台 獲取 138 個節目
2026-07-10 22:28:48.673 | INFO     | __main__:get_tbc_epg:291 - 頻道 TVBS 新聞台 獲取 114 個節目
2026-07-10 22:28:48.673 | INFO     | __main__:get_tbc_epg:291 - 頻道 TVBS 獲取 118 個節目
2026-07-10 22:28:48.673 | INFO     | __main__:get_tbc_epg:291 - 頻道 東森財經新聞台 獲取 137 個節目
2026-07-10 22:28:48.673 | INFO     | __main__:get_tbc_epg:291 - 頻道 非凡新聞台 獲取 149 個節目
2026-07-10 22:28:48.673 | INFO     | __main__:get_tbc_epg:291 - 頻道 ViVa1台 獲取 144 個節目
2026-07-10 22:28:48.673 | INFO     | __main__:get_tbc_epg:291 - 頻道 東森購物5台 獲取 144 個節目
2026-07-10 22:28:48.673 | INFO     | __main__:get_tbc_epg:291 - 頻道 CATCHPLAY電影台 獲取 133 個節目
2026-07-10 22:28:48.673 | INFO     | __main__:get_tbc_epg:291 - 頻道 東森電影台 獲取 97 個節目
2026-07-10 22:28:48.673 | INFO     | __main__:get_tbc_epg:291 - 頻道 緯來電影台 獲取 82 個節目
2026-07-10 22:28:48.673 | INFO     | __main__:get_tbc_epg:291 - 頻道 LS Time電影台 獲取 69 個節目
2026-07-10 22:28:48.673 | INFO     | __main__:get_tbc_epg:291 - 頻道 HBO 獲取 90 個節目
2026-07-10 22:28:48.673 | INFO     | __main__:get_tbc_epg:291 - 頻道 東森洋片台 獲取 74 個節目
2026-07-10 22:28:48.673 | INFO     | __main__:get_tbc_epg:291 - 頻道 AXN 獲取 121 個節目
2026-07-10 22:28:48.673 | INFO     | __main__:get_tbc_epg:291 - 頻道 好萊塢電影台 獲取 76 個節目
2026-07-10 22:28:48.674 | INFO     | __main__:get_tbc_epg:291 - 頻道 amc電影台 獲取 104 個節目
2026-07-10 22:28:48.674 | INFO     | __main__:get_tbc_epg:291 - 頻道 緯來育樂台 獲取 128 個節目
2026-07-10 22:28:48.674 | INFO     | __main__:get_tbc_epg:291 - 頻道 CINEMAX 獲取 86 個節目
2026-07-10 22:28:48.674 | INFO     | __main__:get_tbc_epg:291 - 頻道 緯來體育台 獲取 109 個節目
2026-07-10 22:28:48.674 | INFO     | __main__:get_tbc_epg:291 - 頻道 DAZN 1 獲取 87 個節目
2026-07-10 22:28:48.674 | INFO     | __main__:get_tbc_epg:291 - 頻道 DAZN 2 獲取 89 個節目
2026-07-10 22:28:48.674 | INFO     | __main__:get_tbc_epg:291 - 頻道 MOMO綜合台 獲取 135 個節目
2026-07-10 22:28:48.674 | INFO     | __main__:get_tbc_epg:291 - 頻道 緯來日本台 獲取 128 個節目
2026-07-10 22:28:48.674 | INFO     | __main__:get_tbc_epg:291 - 頻道 國興衛視 獲取 193 個節目
2026-07-10 22:28:48.674 | INFO     | __main__:get_tbc_epg:291 - 頻道 BBC Lifestyle 獲取 185 個節目
2026-07-10 22:28:48.674 | INFO     | __main__:get_tbc_epg:291 - 頻道 靖天資訊台 獲取 159 個節目
2026-07-10 22:28:48.674 | INFO     | __main__:get_tbc_epg:291 - 頻道 信吉電視台 獲取 71 個節目
2026-07-10 22:28:48.674 | INFO     | __main__:get_tbc_epg:291 - 頻道 信大電視台 獲取 72 個節目
2026-07-10 22:28:48.674 | INFO     | __main__:get_tbc_epg:291 - 頻道 中台灣生活網頻道 獲取 288 個節目
2026-07-10 22:28:48.674 | INFO     | __main__:get_tbc_epg:291 - 頻道 TBC台中生活台 獲取 288 個節目
2026-07-10 22:28:48.674 | INFO     | __main__:get_tbc_epg:291 - 頻道 鏡電視新聞台 獲取 136 個節目
2026-07-10 22:28:48.674 | INFO     | __main__:get_tbc_epg:291 - 頻道 台灣藝術台 獲取 90 個節目
2026-07-10 22:28:48.674 | INFO     | __main__:get_tbc_epg:291 - 頻道 樂視台 獲取 288 個節目
2026-07-10 22:28:48.674 | INFO     | __main__:get_tbc_epg:291 - 頻道 非凡商業台 獲取 178 個節目
2026-07-10 22:28:48.674 | INFO     | __main__:get_tbc_epg:291 - 頻道 三立財經新聞台 獲取 138 個節目
2026-07-10 22:28:48.674 | INFO     | __main__:get_tbc_epg:291 - 頻道 冠軍電視台 獲取 78 個節目
2026-07-10 22:28:48.674 | INFO     | __main__:get_tbc_epg:291 - 頻道 運通財經綜合台 獲取 288 個節目
2026-07-10 22:28:48.674 | INFO     | __main__:get_tbc_epg:291 - 頻道 SBN全球財經台 獲取 288 個節目
2026-07-10 22:28:48.674 | INFO     | __main__:get_tbc_epg:291 - 頻道 誠心電視台 獲取 72 個節目
2026-07-10 22:28:48.674 | INFO     | __main__:get_tbc_epg:291 - 頻道 NHK 獲取 382 個節目
2026-07-10 22:28:48.674 | INFO     | __main__:get_tbc_epg:291 - 頻道 MTV 獲取 159 個節目
2026-07-10 22:28:48.674 | INFO     | __main__:get_tbc_epg:291 - 頻道 Animax 獲取 288 個節目
2026-07-10 22:28:48.674 | INFO     | __main__:get_tbc_epg:291 - 頻道 霹靂台灣台 獲取 139 個節目
2026-07-10 22:28:48.674 | INFO     | __main__:get_tbc_epg:291 - 頻道 海豚綜合台 獲取 102 個節目
2026-07-10 22:28:48.675 | INFO     | __main__:get_tbc_epg:291 - 頻道 八大娛樂台 獲取 141 個節目
2026-07-10 22:28:48.675 | INFO     | __main__:get_tbc_epg:291 - 頻道 十方法界 獲取 249 個節目
2026-07-10 22:28:48.675 | INFO     | __main__:get_tbc_epg:291 - 頻道 壹電視電影台 獲取 89 個節目
2026-07-10 22:28:48.675 | INFO     | __main__:get_tbc_epg:291 - 頻道 華藏衛視  獲取 167 個節目
2026-07-10 22:28:48.675 | INFO     | __main__:get_tbc_epg:291 - 頻道 壹電視資訊綜合台 獲取 162 個節目
2026-07-10 22:28:48.675 | INFO     | __main__:get_tbc_epg:291 - 頻道 佛衛慈悲台 獲取 186 個節目
2026-07-10 22:28:48.675 | INFO     | __main__:get_tbc_epg:291 - 頻道 紅豆電視台 獲取 84 個節目
2026-07-10 22:28:48.675 | INFO     | __main__:get_tbc_epg:291 - 頻道 全大電視台 獲取 72 個節目
2026-07-10 22:28:48.675 | INFO     | __main__:get_tbc_epg:291 - 頻道 華藝台灣台 獲取 66 個節目
2026-07-10 22:28:48.675 | INFO     | __main__:get_tbc_epg:291 - 頻道 正德電視台 獲取 144 個節目
2026-07-10 22:28:48.675 | INFO     | __main__:get_tbc_epg:291 - 頻道 天良綜合台 獲取 60 個節目
2026-07-10 22:28:48.675 | INFO     | __main__:get_tbc_epg:291 - 頻道 番薯衛星電視台 獲取 24 個節目
2026-07-10 22:28:48.675 | INFO     | __main__:get_tbc_epg:291 - 頻道 富立電視台 獲取 72 個節目
2026-07-10 22:28:48.675 | INFO     | __main__:get_tbc_epg:291 - 頻道 Z頻道 獲取 144 個節目
2026-07-10 22:28:48.675 | INFO     | __main__:get_tbc_epg:291 - 頻道 冠軍夢想台 獲取 72 個節目
2026-07-10 22:28:48.675 | INFO     | __main__:get_tbc_epg:291 - 頻道 新天地民俗台 獲取 144 個節目
2026-07-10 22:28:48.675 | INFO     | __main__:get_tbc_epg:291 - 頻道 三聖電視台 獲取 144 個節目
2026-07-10 22:28:48.675 | INFO     | __main__:get_tbc_epg:291 - 頻道 威達超舜生活台 獲取 90 個節目
2026-07-10 22:28:48.675 | INFO     | __main__:get_tbc_epg:291 - 頻道 天美麗電視台 獲取 48 個節目
2026-07-10 22:28:48.675 | INFO     | __main__:get_tbc_epg:291 - 頻道 大立電視台 獲取 72 個節目
2026-07-10 22:28:48.675 | INFO     | __main__:get_tbc_epg:291 - 頻道 小公視 獲取 241 個節目
2026-07-10 22:28:48.675 | INFO     | __main__:get_tbc_epg:291 - 頻道 華視教育體育文化台 獲取 254 個節目
2026-07-10 22:28:48.675 | INFO     | __main__:get_tbc_epg:291 - 頻道 國會頻道1台 獲取 72 個節目
2026-07-10 22:28:48.675 | INFO     | __main__:get_tbc_epg:291 - 頻道 國會頻道2台 獲取 72 個節目
2026-07-10 22:28:48.675 | INFO     | __main__:get_tbc_epg:291 - 頻道 幸福空間居家台 獲取 146 個節目
2026-07-10 22:28:48.675 | INFO     | __main__:get_tbc_epg:291 - 頻道 高點育樂台 獲取 148 個節目
2026-07-10 22:28:48.675 | INFO     | __main__:get_tbc_epg:291 - 頻道 台灣綜合台 獲取 144 個節目
2026-07-10 22:28:48.675 | INFO     | __main__:get_tbc_epg:291 - 頻道 大台中生活頻道 獲取 147 個節目
2026-07-10 22:28:48.675 | INFO     | __main__:get_tbc_epg:291 - 頻道 彰化生活台 獲取 144 個節目
2026-07-10 22:28:48.675 | INFO     | __main__:get_tbc_epg:291 - 頻道 唯心電視台 獲取 228 個節目
2026-07-10 22:28:48.675 | INFO     | __main__:get_tbc_epg:291 - 頻道 美麗人生購物台 獲取 144 個節目
2026-07-10 22:28:48.675 | INFO     | __main__:get_tbc_epg:291 - 頻道 大愛二台  獲取 286 個節目
2026-07-10 22:28:48.675 | INFO     | __main__:get_tbc_epg:291 - 頻道 靖天映畫 獲取 78 個節目
2026-07-10 22:28:48.676 | INFO     | __main__:get_tbc_epg:291 - 頻道 靖洋戲劇台 獲取 152 個節目
2026-07-10 22:28:48.676 | INFO     | __main__:get_tbc_epg:291 - 頻道 ROCK Action 獲取 91 個節目
2026-07-10 22:28:48.676 | INFO     | __main__:get_tbc_epg:291 - 頻道 Global Trekker 探索世界  獲取 210 個節目
2026-07-10 22:28:48.676 | INFO     | __main__:get_tbc_epg:291 - 頻道 靖天綜合台 獲取 144 個節目
2026-07-10 22:28:48.676 | INFO     | __main__:get_tbc_epg:291 - 頻道 寶島文化台 獲取 144 個節目
2026-07-10 22:28:48.676 | INFO     | __main__:get_tbc_epg:291 - 頻道 TaiwanPlus 獲取 340 個節目
2026-07-10 22:28:48.676 | INFO     | __main__:get_tbc_epg:291 - 頻道 BBC News 獲取 301 個節目
2026-07-10 22:28:48.676 | INFO     | __main__:get_tbc_epg:291 - 頻道 民視第一台 獲取 197 個節目
2026-07-10 22:28:48.676 | INFO     | __main__:get_tbc_epg:291 - 頻道 民視台灣台 獲取 170 個節目
2026-07-10 22:28:48.676 | INFO     | __main__:get_tbc_epg:291 - 頻道 中視新聞台 獲取 144 個節目
2026-07-10 22:28:48.676 | INFO     | __main__:get_tbc_epg:291 - 頻道 台視新聞台 獲取 153 個節目
2026-07-10 22:28:48.676 | INFO     | __main__:get_tbc_epg:291 - 頻道 台視財經台 獲取 129 個節目
2026-07-10 22:28:48.676 | INFO     | __main__:get_tbc_epg:291 - 頻道 台視綜合台 獲取 146 個節目
2026-07-10 22:28:48.676 | INFO     | __main__:get_tbc_epg:291 - 頻道 彭博財經台 獲取 150 個節目
2026-07-10 22:28:48.676 | INFO     | __main__:get_tbc_epg:291 - 頻道 Channel NewsAsia 獲取 187 個節目
2026-07-10 22:28:48.676 | INFO     | __main__:get_tbc_epg:291 - 頻道 韓國阿里郎 獲取 318 個節目
2026-07-10 22:28:48.676 | INFO     | __main__:get_tbc_epg:291 - 頻道 DREAMWORKS 獲取 348 個節目
2026-07-10 22:28:48.676 | INFO     | __main__:get_tbc_epg:291 - 頻道 Warner TV 獲取 232 個節目
2026-07-10 22:28:48.676 | INFO     | __main__:get_tbc_epg:291 - 頻道 靖天電影台 獲取 85 個節目
2026-07-10 22:28:48.676 | INFO     | __main__:get_tbc_epg:291 - 頻道 CinemaWorld 獲取 93 個節目
2026-07-10 22:28:48.677 | INFO     | __main__:get_tbc_epg:291 - 頻道 HBO HD 獲取 184 個節目
2026-07-10 22:28:48.677 | INFO     | __main__:get_tbc_epg:291 - 頻道 HBO 強檔鉅獻 獲取 92 個節目
2026-07-10 22:28:48.677 | INFO     | __main__:get_tbc_epg:291 - 頻道 HBO 原創鉅獻 獲取 97 個節目
2026-07-10 22:28:48.677 | INFO     | __main__:get_tbc_epg:291 - 頻道 HBO 溫馨家庭 獲取 292 個節目
2026-07-10 22:28:48.677 | INFO     | __main__:get_tbc_epg:291 - 頻道 靖天日本台 獲取 226 個節目
2026-07-10 22:28:48.677 | INFO     | __main__:get_tbc_epg:291 - 頻道 EVE 獲取 246 個節目
2026-07-10 22:28:48.677 | INFO     | __main__:get_tbc_epg:291 - 頻道 tvN 獲取 106 個節目
2026-07-10 22:28:48.677 | INFO     | __main__:get_tbc_epg:291 - 頻道 靖天歡樂台 獲取 150 個節目
2026-07-10 22:28:48.677 | INFO     | __main__:get_tbc_epg:291 - 頻道 HITS 獲取 163 個節目
2026-07-10 22:28:48.677 | INFO     | __main__:get_tbc_epg:291 - 頻道 韓國娛樂台KMTV 獲取 229 個節目
2026-07-10 22:28:48.677 | INFO     | __main__:get_tbc_epg:291 - 頻道 靖天育樂台 獲取 160 個節目
2026-07-10 22:28:48.677 | INFO     | __main__:get_tbc_epg:291 - 頻道 Lifetime 獲取 147 個節目
2026-07-10 22:28:48.677 | INFO     | __main__:get_tbc_epg:291 - 頻道 罪案偵緝頻道 獲取 177 個節目
2026-07-10 22:28:48.677 | INFO     | __main__:get_tbc_epg:291 - 頻道 寵物頻道 獲取 165 個節目
2026-07-10 22:28:48.677 | INFO     | __main__:get_tbc_epg:291 - 頻道 歷史頻道 獲取 167 個節目
2026-07-10 22:28:48.677 | INFO     | __main__:get_tbc_epg:291 - 頻道 Discovery Asia 獲取 203 個節目
2026-07-10 22:28:48.677 | INFO     | __main__:get_tbc_epg:291 - 頻道 Discovery科學頻道 獲取 235 個節目
2026-07-10 22:28:48.677 | INFO     | __main__:get_tbc_epg:291 - 頻道 DMAX 獲取 220 個節目
2026-07-10 22:28:48.678 | INFO     | __main__:get_tbc_epg:291 - 頻道 寰宇新聞台灣台 獲取 150 個節目
2026-07-10 22:28:48.678 | INFO     | __main__:get_tbc_epg:291 - 頻道 亞洲旅遊台 獲取 144 個節目
2026-07-10 22:28:48.678 | INFO     | __main__:get_tbc_epg:291 - 頻道 梅迪奇藝術 獲取 102 個節目
2026-07-10 22:28:48.678 | INFO     | __main__:get_tbc_epg:291 - 頻道 博斯運動二台 獲取 72 個節目
2026-07-10 22:28:48.678 | INFO     | __main__:get_tbc_epg:291 - 頻道 博斯網球台 獲取 44 個節目
2026-07-10 22:28:48.678 | INFO     | __main__:get_tbc_epg:291 - 頻道 博斯無限台 獲取 66 個節目
2026-07-10 22:28:48.678 | INFO     | __main__:get_tbc_epg:291 - 頻道 博斯高球1台 獲取 47 個節目
2026-07-10 22:28:48.678 | INFO     | __main__:get_tbc_epg:291 - 頻道 博斯高球2台 獲取 43 個節目
2026-07-10 22:28:48.678 | INFO     | __main__:get_tbc_epg:291 - 頻道 博斯魅力網 獲取 75 個節目
2026-07-10 22:28:48.678 | INFO     | __main__:get_tbc_epg:291 - 頻道 博斯運動一台 獲取 51 個節目
2026-07-10 22:28:48.678 | INFO     | __main__:get_tbc_epg:291 - 頻道 博斯無限二台 獲取 62 個節目
2026-07-10 22:28:48.678 | INFO     | __main__:get_tbc_epg:291 - 頻道 尼克兒童頻道 獲取 401 個節目
2026-07-10 22:28:48.678 | INFO     | __main__:get_tbc_epg:291 - 頻道 達文西頻道 獲取 589 個節目
2026-07-10 22:28:48.678 | INFO     | __main__:get_tbc_epg:291 - 頻道 CBeebies 獲取 1001 個節目
2026-07-10 22:28:48.678 | INFO     | __main__:get_tbc_epg:291 - 頻道 CARTOONITO 獲取 256 個節目
2026-07-10 22:28:48.678 | INFO     | __main__:get_tbc_epg:291 - 頻道 靖洋卡通台 獲取 288 個節目
2026-07-10 22:28:48.678 | INFO     | __main__:get_tbc_epg:291 - 頻道 靖天卡通台 獲取 251 個節目
2026-07-10 22:28:48.678 | INFO     | __main__:get_tbc_epg:291 - 頻道 LOVE NATURE 4K 獲取 168 個節目
2026-07-10 22:28:48.678 | INFO     | __main__:get_tbc_epg:291 - 頻道 ROCK ENTERTAINMENT 獲取 139 個節目
2026-07-10 22:28:48.679 | INFO     | __main__:get_tbc_epg:291 - 頻道 ROCK EXTREME 獲取 142 個節目
2026-07-10 22:28:48.679 | INFO     | __main__:get_tbc_epg:291 - 頻道 彩虹頻道 獲取 156 個節目
2026-07-10 22:28:48.679 | INFO     | __main__:get_tbc_epg:291 - 頻道 彩虹e台 獲取 57 個節目
2026-07-10 22:28:48.679 | INFO     | __main__:get_tbc_epg:291 - 頻道 彩虹電影台 獲取 61 個節目
2026-07-10 22:28:48.679 | INFO     | __main__:get_tbc_epg:291 - 頻道 K 頻道 獲取 71 個節目
2026-07-10 22:28:48.679 | INFO     | __main__:get_tbc_epg:291 - 頻道 松視1台 獲取 72 個節目
2026-07-10 22:28:48.679 | INFO     | __main__:get_tbc_epg:291 - 頻道 松視2台 獲取 72 個節目
2026-07-10 22:28:48.679 | INFO     | __main__:get_tbc_epg:291 - 頻道 松視3台 獲取 89 個節目
2026-07-10 22:28:48.679 | INFO     | __main__:get_tbc_epg:291 - 頻道 松視4台 獲取 117 個節目
2026-07-10 22:28:48.679 | INFO     | __main__:get_tbc_epg:291 - 頻道 潘朵啦高畫質玩美台 獲取 72 個節目
2026-07-10 22:28:48.679 | INFO     | __main__:get_tbc_epg:291 - 頻道 潘朵啦高畫質粉紅台 獲取 78 個節目
2026-07-10 22:28:48.679 | INFO     | __main__:get_tbc_epg:291 - 頻道 JStar極限台電影頻道 獲取 91 個節目
2026-07-10 22:28:48.679 | INFO     | __main__:get_tbc_epg:291 - 頻道 驚豔成人電影台 獲取 68 個節目
2026-07-10 22:28:48.679 | INFO     | __main__:get_tbc_epg:291 - 頻道 香蕉台 獲取 92 個節目
2026-07-10 22:28:48.679 | INFO     | __main__:get_tbc_epg:291 - 頻道 樂活頻道 獲取 102 個節目
2026-07-10 22:28:48.679 | INFO     | __main__:get_tbc_epg:291 - 頻道 玩家頻道 獲取 144 個節目
2026-07-10 22:28:48.679 | INFO     | __main__:get_tbc_epg:291 - 頻道 Happy 獲取 72 個節目
2026-07-10 22:28:48.679 | INFO     | __main__:get_tbc_epg:291 - 頻道 Hot 獲取 144 個節目
2026-07-10 22:28:48.680 | INFO     | __main__:get_tbc_epg:292 - 總計獲取 32139 個節目
2026-07-10 22:28:52.332 | INFO     | __main__:main:361 - EPG 已儲存到 ./output/epg_tbc.xml
2026-07-10 22:28:52.332 | INFO     | __main__:main:363 - ========== 抓取完成 ==========
2026-07-11 02:29:42 | INFO | ==================================================
2026-07-11 02:29:42 | INFO | 開始生成四季線上電子節目單
2026-07-11 02:29:42 | INFO | 輸出目錄: /home/runner/work/EPG/EPG/output
2026-07-11 02:29:44 | SUCCESS | 已更新本地頻道檔案，保存 132 個頻道
2026-07-11 02:29:44 | SUCCESS | 從 API 獲取到 132 個頻道（已跳過 9 個）
2026-07-11 02:29:44 | INFO | 成功加載 132 個頻道
2026-07-11 02:30:03 | INFO | 共獲取 13134 個節目
2026-07-11 02:30:04 | INFO | 電子節目單已生成: /home/runner/work/EPG/EPG/output/4g.xml
2026-07-11 02:30:04 | SUCCESS | EPG 生成完成
2026-07-11 22:09:26.572 | INFO     | __main__:main:350 - ========== 開始抓取 TBC EPG ==========
2026-07-11 22:09:26.572 | INFO     | __main__:get_tbc_epg:246 - 正在獲取TBC EPG
2026-07-11 22:09:31.776 | INFO     | __main__:get_channels_tbc:161 - 成功獲取 233 個頻道
2026-07-11 22:09:31.776 | INFO     | __main__:get_tbc_epg:258 - 正在獲取 2026/07/12 節目表
2026-07-11 22:11:30.481 | INFO     | __main__:get_tbc_epg:258 - 正在獲取 2026/07/13 節目表
2026-07-11 22:13:30.822 | INFO     | __main__:get_tbc_epg:258 - 正在獲取 2026/07/14 節目表
2026-07-11 22:15:27.474 | INFO     | __main__:get_tbc_epg:258 - 正在獲取 2026/07/15 節目表
2026-07-11 22:17:20.599 | INFO     | __main__:get_tbc_epg:258 - 正在獲取 2026/07/16 節目表
2026-07-11 22:19:20.288 | INFO     | __main__:get_tbc_epg:258 - 正在獲取 2026/07/17 節目表
2026-07-11 22:21:12.119 | INFO     | __main__:get_tbc_epg:291 - 頻道 南桃園節目總表 獲取 144 個節目
2026-07-11 22:21:12.120 | INFO     | __main__:get_tbc_epg:291 - 頻道 南桃園公用頻道 獲取 191 個節目
2026-07-11 22:21:12.120 | INFO     | __main__:get_tbc_epg:291 - 頻道 CNN 獲取 182 個節目
2026-07-11 22:21:12.120 | INFO     | __main__:get_tbc_epg:291 - 頻道 民視無線台 獲取 212 個節目
2026-07-11 22:21:12.120 | INFO     | __main__:get_tbc_epg:291 - 頻道 TBC桃園生活台 獲取 240 個節目
2026-07-11 22:21:12.120 | INFO     | __main__:get_tbc_epg:291 - 頻道 台視 獲取 156 個節目
2026-07-11 22:21:12.120 | INFO     | __main__:get_tbc_epg:291 - 頻道 大愛電視台 獲取 394 個節目
2026-07-11 22:21:12.120 | INFO     | __main__:get_tbc_epg:291 - 頻道 中視 獲取 156 個節目
2026-07-11 22:21:12.120 | INFO     | __main__:get_tbc_epg:291 - 頻道 人間衛視 獲取 185 個節目
2026-07-11 22:21:12.120 | INFO     | __main__:get_tbc_epg:291 - 頻道 華視 獲取 144 個節目
2026-07-11 22:21:12.120 | INFO     | __main__:get_tbc_epg:291 - 頻道 公共電視 獲取 208 個節目
2026-07-11 22:21:12.120 | INFO     | __main__:get_tbc_epg:291 - 頻道 公視台語台 獲取 157 個節目
2026-07-11 22:21:12.121 | INFO     | __main__:get_tbc_epg:291 - 頻道 好消息頻道 獲取 283 個節目
2026-07-11 22:21:12.121 | INFO     | __main__:get_tbc_epg:291 - 頻道 原住民頻道 獲取 168 個節目
2026-07-11 22:21:12.121 | INFO     | __main__:get_tbc_epg:291 - 頻道 客家電視台 獲取 222 個節目
2026-07-11 22:21:12.121 | INFO     | __main__:get_tbc_epg:291 - 頻道 BBC Earth 獲取 152 個節目
2026-07-11 22:21:12.121 | INFO     | __main__:get_tbc_epg:291 - 頻道 Discovery 獲取 203 個節目
2026-07-11 22:21:12.121 | INFO     | __main__:get_tbc_epg:291 - 頻道 TLC旅遊生活頻道 獲取 170 個節目
2026-07-11 22:21:12.121 | INFO     | __main__:get_tbc_epg:291 - 頻道 動物星球 獲取 169 個節目
2026-07-11 22:21:12.121 | INFO     | __main__:get_tbc_epg:291 - 頻道 卡通頻道 獲取 200 個節目
2026-07-11 22:21:12.121 | INFO     | __main__:get_tbc_epg:291 - 頻道 小尼克頻道 獲取 456 個節目
2026-07-11 22:21:12.121 | INFO     | __main__:get_tbc_epg:291 - 頻道 MOMO親子台 獲取 238 個節目
2026-07-11 22:21:12.121 | INFO     | __main__:get_tbc_epg:291 - 頻道 東森幼幼台 獲取 387 個節目
2026-07-11 22:21:12.122 | INFO     | __main__:get_tbc_epg:291 - 頻道 緯來綜合台 獲取 152 個節目
2026-07-11 22:21:12.122 | INFO     | __main__:get_tbc_epg:291 - 頻道 八大第一台 獲取 142 個節目
2026-07-11 22:21:12.122 | INFO     | __main__:get_tbc_epg:291 - 頻道 八大綜合台 獲取 159 個節目
2026-07-11 22:21:12.122 | INFO     | __main__:get_tbc_epg:291 - 頻道 三立台灣台 獲取 141 個節目
2026-07-11 22:21:12.122 | INFO     | __main__:get_tbc_epg:291 - 頻道 三立都會台 獲取 138 個節目
2026-07-11 22:21:12.122 | INFO     | __main__:get_tbc_epg:291 - 頻道 華藝中文台 獲取 167 個節目
2026-07-11 22:21:12.122 | INFO     | __main__:get_tbc_epg:291 - 頻道 東森綜合台 獲取 139 個節目
2026-07-11 22:21:12.122 | INFO     | __main__:get_tbc_epg:291 - 頻道 東森超視 獲取 139 個節目
2026-07-11 22:21:12.122 | INFO     | __main__:get_tbc_epg:291 - 頻道 東森購物2台 獲取 144 個節目
2026-07-11 22:21:12.122 | INFO     | __main__:get_tbc_epg:291 - 頻道 MOMO 2台 獲取 144 個節目
2026-07-11 22:21:12.122 | INFO     | __main__:get_tbc_epg:291 - 頻道 中天綜合台 獲取 120 個節目
2026-07-11 22:21:12.122 | INFO     | __main__:get_tbc_epg:291 - 頻道 東風衛視 獲取 151 個節目
2026-07-11 22:21:12.123 | INFO     | __main__:get_tbc_epg:291 - 頻道 年代MUCH TV 獲取 179 個節目
2026-07-11 22:21:12.123 | INFO     | __main__:get_tbc_epg:291 - 頻道 中天娛樂台 獲取 137 個節目
2026-07-11 22:21:12.123 | INFO     | __main__:get_tbc_epg:291 - 頻道 東森戲劇台 獲取 142 個節目
2026-07-11 22:21:12.123 | INFO     | __main__:get_tbc_epg:291 - 頻道 八大戲劇台 獲取 144 個節目
2026-07-11 22:21:12.123 | INFO     | __main__:get_tbc_epg:291 - 頻道 TVBS歡樂台 獲取 142 個節目
2026-07-11 22:21:12.123 | INFO     | __main__:get_tbc_epg:291 - 頻道 緯來戲劇台 獲取 141 個節目
2026-07-11 22:21:12.123 | INFO     | __main__:get_tbc_epg:291 - 頻道 高點電視台 獲取 144 個節目
2026-07-11 22:21:12.123 | INFO     | __main__:get_tbc_epg:291 - 頻道 JET綜合台 獲取 140 個節目
2026-07-11 22:21:12.123 | INFO     | __main__:get_tbc_epg:291 - 頻道 東森購物3台 獲取 144 個節目
2026-07-11 22:21:12.123 | INFO     | __main__:get_tbc_epg:291 - 頻道 東森購物1台 獲取 144 個節目
2026-07-11 22:21:12.123 | INFO     | __main__:get_tbc_epg:291 - 頻道 MOMO 1台 獲取 144 個節目
2026-07-11 22:21:12.123 | INFO     | __main__:get_tbc_epg:291 - 頻道 壹電視新聞台 獲取 108 個節目
2026-07-11 22:21:12.124 | INFO     | __main__:get_tbc_epg:291 - 頻道 年代新聞台 獲取 114 個節目
2026-07-11 22:21:12.124 | INFO     | __main__:get_tbc_epg:291 - 頻道 東森新聞台 獲取 122 個節目
2026-07-11 22:21:12.124 | INFO     | __main__:get_tbc_epg:291 - 頻道 民視新聞台 獲取 141 個節目
2026-07-11 22:21:12.124 | INFO     | __main__:get_tbc_epg:291 - 頻道 三立新聞台 獲取 138 個節目
2026-07-11 22:21:12.124 | INFO     | __main__:get_tbc_epg:291 - 頻道 TVBS 新聞台 獲取 114 個節目
2026-07-11 22:21:12.124 | INFO     | __main__:get_tbc_epg:291 - 頻道 TVBS 獲取 119 個節目
2026-07-11 22:21:12.124 | INFO     | __main__:get_tbc_epg:291 - 頻道 東森財經新聞台 獲取 135 個節目
2026-07-11 22:21:12.124 | INFO     | __main__:get_tbc_epg:291 - 頻道 非凡新聞台 獲取 145 個節目
2026-07-11 22:21:12.124 | INFO     | __main__:get_tbc_epg:291 - 頻道 ViVa1台 獲取 144 個節目
2026-07-11 22:21:12.124 | INFO     | __main__:get_tbc_epg:291 - 頻道 東森購物5台 獲取 144 個節目
2026-07-11 22:21:12.124 | INFO     | __main__:get_tbc_epg:291 - 頻道 CATCHPLAY電影台 獲取 133 個節目
2026-07-11 22:21:12.124 | INFO     | __main__:get_tbc_epg:291 - 頻道 東森電影台 獲取 97 個節目
2026-07-11 22:21:12.124 | INFO     | __main__:get_tbc_epg:291 - 頻道 緯來電影台 獲取 85 個節目
2026-07-11 22:21:12.125 | INFO     | __main__:get_tbc_epg:291 - 頻道 LS Time電影台 獲取 68 個節目
2026-07-11 22:21:12.125 | INFO     | __main__:get_tbc_epg:291 - 頻道 HBO 獲取 93 個節目
2026-07-11 22:21:12.125 | INFO     | __main__:get_tbc_epg:291 - 頻道 東森洋片台 獲取 72 個節目
2026-07-11 22:21:12.125 | INFO     | __main__:get_tbc_epg:291 - 頻道 AXN 獲取 126 個節目
2026-07-11 22:21:12.125 | INFO     | __main__:get_tbc_epg:291 - 頻道 好萊塢電影台 獲取 76 個節目
2026-07-11 22:21:12.125 | INFO     | __main__:get_tbc_epg:291 - 頻道 amc電影台 獲取 105 個節目
2026-07-11 22:21:12.125 | INFO     | __main__:get_tbc_epg:291 - 頻道 緯來育樂台 獲取 124 個節目
2026-07-11 22:21:12.125 | INFO     | __main__:get_tbc_epg:291 - 頻道 CINEMAX 獲取 87 個節目
2026-07-11 22:21:12.125 | INFO     | __main__:get_tbc_epg:291 - 頻道 緯來體育台 獲取 112 個節目
2026-07-11 22:21:12.125 | INFO     | __main__:get_tbc_epg:291 - 頻道 DAZN 1 獲取 90 個節目
2026-07-11 22:21:12.125 | INFO     | __main__:get_tbc_epg:291 - 頻道 DAZN 2 獲取 87 個節目
2026-07-11 22:21:12.125 | INFO     | __main__:get_tbc_epg:291 - 頻道 MOMO綜合台 獲取 143 個節目
2026-07-11 22:21:12.125 | INFO     | __main__:get_tbc_epg:291 - 頻道 緯來日本台 獲取 128 個節目
2026-07-11 22:21:12.126 | INFO     | __main__:get_tbc_epg:291 - 頻道 國興衛視 獲取 193 個節目
2026-07-11 22:21:12.126 | INFO     | __main__:get_tbc_epg:291 - 頻道 BBC Lifestyle 獲取 182 個節目
2026-07-11 22:21:12.126 | INFO     | __main__:get_tbc_epg:291 - 頻道 靖天資訊台 獲取 164 個節目
2026-07-11 22:21:12.126 | INFO     | __main__:get_tbc_epg:291 - 頻道 信吉電視台 獲取 72 個節目
2026-07-11 22:21:12.126 | INFO     | __main__:get_tbc_epg:291 - 頻道 信大電視台 獲取 72 個節目
2026-07-11 22:21:12.126 | INFO     | __main__:get_tbc_epg:291 - 頻道 中台灣生活網頻道 獲取 288 個節目
2026-07-11 22:21:12.126 | INFO     | __main__:get_tbc_epg:291 - 頻道 TBC台中生活台 獲取 288 個節目
2026-07-11 22:21:12.126 | INFO     | __main__:get_tbc_epg:291 - 頻道 鏡電視新聞台 獲取 137 個節目
2026-07-11 22:21:12.126 | INFO     | __main__:get_tbc_epg:291 - 頻道 台灣藝術台 獲取 90 個節目
2026-07-11 22:21:12.126 | INFO     | __main__:get_tbc_epg:291 - 頻道 樂視台 獲取 288 個節目
2026-07-11 22:21:12.126 | INFO     | __main__:get_tbc_epg:291 - 頻道 非凡商業台 獲取 174 個節目
2026-07-11 22:21:12.126 | INFO     | __main__:get_tbc_epg:291 - 頻道 三立財經新聞台 獲取 138 個節目
2026-07-11 22:21:12.126 | INFO     | __main__:get_tbc_epg:291 - 頻道 冠軍電視台 獲取 78 個節目
2026-07-11 22:21:12.126 | INFO     | __main__:get_tbc_epg:291 - 頻道 運通財經綜合台 獲取 288 個節目
2026-07-11 22:21:12.126 | INFO     | __main__:get_tbc_epg:291 - 頻道 SBN全球財經台 獲取 288 個節目
2026-07-11 22:21:12.126 | INFO     | __main__:get_tbc_epg:291 - 頻道 誠心電視台 獲取 72 個節目
2026-07-11 22:21:12.126 | INFO     | __main__:get_tbc_epg:291 - 頻道 NHK 獲取 377 個節目
2026-07-11 22:21:12.126 | INFO     | __main__:get_tbc_epg:291 - 頻道 MTV 獲取 158 個節目
2026-07-11 22:21:12.126 | INFO     | __main__:get_tbc_epg:291 - 頻道 Animax 獲取 288 個節目
2026-07-11 22:21:12.126 | INFO     | __main__:get_tbc_epg:291 - 頻道 霹靂台灣台 獲取 139 個節目
2026-07-11 22:21:12.127 | INFO     | __main__:get_tbc_epg:291 - 頻道 海豚綜合台 獲取 102 個節目
2026-07-11 22:21:12.127 | INFO     | __main__:get_tbc_epg:291 - 頻道 八大娛樂台 獲取 139 個節目
2026-07-11 22:21:12.127 | INFO     | __main__:get_tbc_epg:291 - 頻道 十方法界 獲取 251 個節目
2026-07-11 22:21:12.127 | INFO     | __main__:get_tbc_epg:291 - 頻道 壹電視電影台 獲取 89 個節目
2026-07-11 22:21:12.127 | INFO     | __main__:get_tbc_epg:291 - 頻道 華藏衛視  獲取 169 個節目
2026-07-11 22:21:12.127 | INFO     | __main__:get_tbc_epg:291 - 頻道 壹電視資訊綜合台 獲取 164 個節目
2026-07-11 22:21:12.127 | INFO     | __main__:get_tbc_epg:291 - 頻道 佛衛慈悲台 獲取 184 個節目
2026-07-11 22:21:12.127 | INFO     | __main__:get_tbc_epg:291 - 頻道 紅豆電視台 獲取 84 個節目
2026-07-11 22:21:12.127 | INFO     | __main__:get_tbc_epg:291 - 頻道 全大電視台 獲取 72 個節目
2026-07-11 22:21:12.127 | INFO     | __main__:get_tbc_epg:291 - 頻道 華藝台灣台 獲取 66 個節目
2026-07-11 22:21:12.127 | INFO     | __main__:get_tbc_epg:291 - 頻道 正德電視台 獲取 144 個節目
2026-07-11 22:21:12.128 | INFO     | __main__:get_tbc_epg:291 - 頻道 天良綜合台 獲取 60 個節目
2026-07-11 22:21:12.128 | INFO     | __main__:get_tbc_epg:291 - 頻道 番薯衛星電視台 獲取 24 個節目
2026-07-11 22:21:12.128 | INFO     | __main__:get_tbc_epg:291 - 頻道 富立電視台 獲取 72 個節目
2026-07-11 22:21:12.128 | INFO     | __main__:get_tbc_epg:291 - 頻道 Z頻道 獲取 144 個節目
2026-07-11 22:21:12.128 | INFO     | __main__:get_tbc_epg:291 - 頻道 冠軍夢想台 獲取 72 個節目
2026-07-11 22:21:12.128 | INFO     | __main__:get_tbc_epg:291 - 頻道 新天地民俗台 獲取 144 個節目
2026-07-11 22:21:12.128 | INFO     | __main__:get_tbc_epg:291 - 頻道 三聖電視台 獲取 144 個節目
2026-07-11 22:21:12.128 | INFO     | __main__:get_tbc_epg:291 - 頻道 威達超舜生活台 獲取 90 個節目
2026-07-11 22:21:12.128 | INFO     | __main__:get_tbc_epg:291 - 頻道 天美麗電視台 獲取 48 個節目
2026-07-11 22:21:12.128 | INFO     | __main__:get_tbc_epg:291 - 頻道 大立電視台 獲取 72 個節目
2026-07-11 22:21:12.128 | INFO     | __main__:get_tbc_epg:291 - 頻道 小公視 獲取 245 個節目
2026-07-11 22:21:12.128 | INFO     | __main__:get_tbc_epg:291 - 頻道 華視教育體育文化台 獲取 262 個節目
2026-07-11 22:21:12.129 | INFO     | __main__:get_tbc_epg:291 - 頻道 國會頻道1台 獲取 72 個節目
2026-07-11 22:21:12.129 | INFO     | __main__:get_tbc_epg:291 - 頻道 國會頻道2台 獲取 72 個節目
2026-07-11 22:21:12.129 | INFO     | __main__:get_tbc_epg:291 - 頻道 幸福空間居家台 獲取 145 個節目
2026-07-11 22:21:12.129 | INFO     | __main__:get_tbc_epg:291 - 頻道 高點育樂台 獲取 149 個節目
2026-07-11 22:21:12.129 | INFO     | __main__:get_tbc_epg:291 - 頻道 台灣綜合台 獲取 144 個節目
2026-07-11 22:21:12.129 | INFO     | __main__:get_tbc_epg:291 - 頻道 大台中生活頻道 獲取 147 個節目
2026-07-11 22:21:12.129 | INFO     | __main__:get_tbc_epg:291 - 頻道 彰化生活台 獲取 144 個節目
2026-07-11 22:21:12.129 | INFO     | __main__:get_tbc_epg:291 - 頻道 唯心電視台 獲取 228 個節目
2026-07-11 22:21:12.129 | INFO     | __main__:get_tbc_epg:291 - 頻道 美麗人生購物台 獲取 144 個節目
2026-07-11 22:21:12.129 | INFO     | __main__:get_tbc_epg:291 - 頻道 大愛二台  獲取 295 個節目
2026-07-11 22:21:12.129 | INFO     | __main__:get_tbc_epg:291 - 頻道 靖天映畫 獲取 78 個節目
2026-07-11 22:21:12.129 | INFO     | __main__:get_tbc_epg:291 - 頻道 靖洋戲劇台 獲取 154 個節目
2026-07-11 22:21:12.129 | INFO     | __main__:get_tbc_epg:291 - 頻道 ROCK Action 獲取 91 個節目
2026-07-11 22:21:12.129 | INFO     | __main__:get_tbc_epg:291 - 頻道 Global Trekker 探索世界  獲取 214 個節目
2026-07-11 22:21:12.130 | INFO     | __main__:get_tbc_epg:291 - 頻道 靖天綜合台 獲取 144 個節目
2026-07-11 22:21:12.130 | INFO     | __main__:get_tbc_epg:291 - 頻道 寶島文化台 獲取 144 個節目
2026-07-11 22:21:12.130 | INFO     | __main__:get_tbc_epg:291 - 頻道 TaiwanPlus 獲取 353 個節目
2026-07-11 22:21:12.130 | INFO     | __main__:get_tbc_epg:291 - 頻道 BBC News 獲取 306 個節目
2026-07-11 22:21:12.130 | INFO     | __main__:get_tbc_epg:291 - 頻道 民視第一台 獲取 196 個節目
2026-07-11 22:21:12.130 | INFO     | __main__:get_tbc_epg:291 - 頻道 民視台灣台 獲取 174 個節目
2026-07-11 22:21:12.130 | INFO     | __main__:get_tbc_epg:291 - 頻道 中視新聞台 獲取 144 個節目
2026-07-11 22:21:12.130 | INFO     | __main__:get_tbc_epg:291 - 頻道 台視新聞台 獲取 152 個節目
2026-07-11 22:21:12.130 | INFO     | __main__:get_tbc_epg:291 - 頻道 台視財經台 獲取 123 個節目
2026-07-11 22:21:12.130 | INFO     | __main__:get_tbc_epg:291 - 頻道 台視綜合台 獲取 149 個節目
2026-07-11 22:21:12.130 | INFO     | __main__:get_tbc_epg:291 - 頻道 彭博財經台 獲取 138 個節目
2026-07-11 22:21:12.130 | INFO     | __main__:get_tbc_epg:291 - 頻道 Channel NewsAsia 獲取 168 個節目
2026-07-11 22:21:12.130 | INFO     | __main__:get_tbc_epg:291 - 頻道 韓國阿里郎 獲取 322 個節目
2026-07-11 22:21:12.130 | INFO     | __main__:get_tbc_epg:291 - 頻道 DREAMWORKS 獲取 348 個節目
2026-07-11 22:21:12.131 | INFO     | __main__:get_tbc_epg:291 - 頻道 Warner TV 獲取 240 個節目
2026-07-11 22:21:12.131 | INFO     | __main__:get_tbc_epg:291 - 頻道 靖天電影台 獲取 86 個節目
2026-07-11 22:21:12.131 | INFO     | __main__:get_tbc_epg:291 - 頻道 CinemaWorld 獲取 94 個節目
2026-07-11 22:21:12.131 | INFO     | __main__:get_tbc_epg:291 - 頻道 HBO HD 獲取 189 個節目
2026-07-11 22:21:12.131 | INFO     | __main__:get_tbc_epg:291 - 頻道 HBO 強檔鉅獻 獲取 91 個節目
2026-07-11 22:21:12.131 | INFO     | __main__:get_tbc_epg:291 - 頻道 HBO 原創鉅獻 獲取 99 個節目
2026-07-11 22:21:12.131 | INFO     | __main__:get_tbc_epg:291 - 頻道 HBO 溫馨家庭 獲取 294 個節目
2026-07-11 22:21:12.131 | INFO     | __main__:get_tbc_epg:291 - 頻道 靖天日本台 獲取 235 個節目
2026-07-11 22:21:12.131 | INFO     | __main__:get_tbc_epg:291 - 頻道 EVE 獲取 249 個節目
2026-07-11 22:21:12.131 | INFO     | __main__:get_tbc_epg:291 - 頻道 tvN 獲取 105 個節目
2026-07-11 22:21:12.131 | INFO     | __main__:get_tbc_epg:291 - 頻道 靖天歡樂台 獲取 147 個節目
2026-07-11 22:21:12.131 | INFO     | __main__:get_tbc_epg:291 - 頻道 HITS 獲取 160 個節目
2026-07-11 22:21:12.131 | INFO     | __main__:get_tbc_epg:291 - 頻道 韓國娛樂台KMTV 獲取 231 個節目
2026-07-11 22:21:12.131 | INFO     | __main__:get_tbc_epg:291 - 頻道 靖天育樂台 獲取 164 個節目
2026-07-11 22:21:12.132 | INFO     | __main__:get_tbc_epg:291 - 頻道 Lifetime 獲取 146 個節目
2026-07-11 22:21:12.132 | INFO     | __main__:get_tbc_epg:291 - 頻道 罪案偵緝頻道 獲取 178 個節目
2026-07-11 22:21:12.132 | INFO     | __main__:get_tbc_epg:291 - 頻道 寵物頻道 獲取 164 個節目
2026-07-11 22:21:12.132 | INFO     | __main__:get_tbc_epg:291 - 頻道 歷史頻道 獲取 168 個節目
2026-07-11 22:21:12.132 | INFO     | __main__:get_tbc_epg:291 - 頻道 Discovery Asia 獲取 202 個節目
2026-07-11 22:21:12.132 | INFO     | __main__:get_tbc_epg:291 - 頻道 Discovery科學頻道 獲取 237 個節目
2026-07-11 22:21:12.132 | INFO     | __main__:get_tbc_epg:291 - 頻道 DMAX 獲取 216 個節目
2026-07-11 22:21:12.132 | INFO     | __main__:get_tbc_epg:291 - 頻道 寰宇新聞台灣台 獲取 150 個節目
2026-07-11 22:21:12.132 | INFO     | __main__:get_tbc_epg:291 - 頻道 亞洲旅遊台 獲取 144 個節目
2026-07-11 22:21:12.132 | INFO     | __main__:get_tbc_epg:291 - 頻道 梅迪奇藝術 獲取 102 個節目
2026-07-11 22:21:12.132 | INFO     | __main__:get_tbc_epg:291 - 頻道 博斯運動二台 獲取 72 個節目
2026-07-11 22:21:12.132 | INFO     | __main__:get_tbc_epg:291 - 頻道 博斯網球台 獲取 45 個節目
2026-07-11 22:21:12.132 | INFO     | __main__:get_tbc_epg:291 - 頻道 博斯無限台 獲取 62 個節目
2026-07-11 22:21:12.132 | INFO     | __main__:get_tbc_epg:291 - 頻道 博斯高球1台 獲取 40 個節目
2026-07-11 22:21:12.133 | INFO     | __main__:get_tbc_epg:291 - 頻道 博斯高球2台 獲取 43 個節目
2026-07-11 22:21:12.133 | INFO     | __main__:get_tbc_epg:291 - 頻道 博斯魅力網 獲取 73 個節目
2026-07-11 22:21:12.133 | INFO     | __main__:get_tbc_epg:291 - 頻道 博斯運動一台 獲取 50 個節目
2026-07-11 22:21:12.133 | INFO     | __main__:get_tbc_epg:291 - 頻道 博斯無限二台 獲取 67 個節目
2026-07-11 22:21:12.133 | INFO     | __main__:get_tbc_epg:291 - 頻道 尼克兒童頻道 獲取 405 個節目
2026-07-11 22:21:12.133 | INFO     | __main__:get_tbc_epg:291 - 頻道 達文西頻道 獲取 598 個節目
2026-07-11 22:21:12.133 | INFO     | __main__:get_tbc_epg:291 - 頻道 CBeebies 獲取 985 個節目
2026-07-11 22:21:12.133 | INFO     | __main__:get_tbc_epg:291 - 頻道 CARTOONITO 獲取 250 個節目
2026-07-11 22:21:12.133 | INFO     | __main__:get_tbc_epg:291 - 頻道 靖洋卡通台 獲取 288 個節目
2026-07-11 22:21:12.133 | INFO     | __main__:get_tbc_epg:291 - 頻道 靖天卡通台 獲取 255 個節目
2026-07-11 22:21:12.133 | INFO     | __main__:get_tbc_epg:291 - 頻道 LOVE NATURE 4K 獲取 168 個節目
2026-07-11 22:21:12.133 | INFO     | __main__:get_tbc_epg:291 - 頻道 ROCK ENTERTAINMENT 獲取 150 個節目
2026-07-11 22:21:12.133 | INFO     | __main__:get_tbc_epg:291 - 頻道 ROCK EXTREME 獲取 142 個節目
2026-07-11 22:21:12.133 | INFO     | __main__:get_tbc_epg:291 - 頻道 彩虹頻道 獲取 161 個節目
2026-07-11 22:21:12.134 | INFO     | __main__:get_tbc_epg:291 - 頻道 彩虹e台 獲取 58 個節目
2026-07-11 22:21:12.134 | INFO     | __main__:get_tbc_epg:291 - 頻道 彩虹電影台 獲取 60 個節目
2026-07-11 22:21:12.134 | INFO     | __main__:get_tbc_epg:291 - 頻道 K 頻道 獲取 71 個節目
2026-07-11 22:21:12.134 | INFO     | __main__:get_tbc_epg:291 - 頻道 松視1台 獲取 72 個節目
2026-07-11 22:21:12.134 | INFO     | __main__:get_tbc_epg:291 - 頻道 松視2台 獲取 72 個節目
2026-07-11 22:21:12.134 | INFO     | __main__:get_tbc_epg:291 - 頻道 松視3台 獲取 88 個節目
2026-07-11 22:21:12.134 | INFO     | __main__:get_tbc_epg:291 - 頻道 松視4台 獲取 116 個節目
2026-07-11 22:21:12.134 | INFO     | __main__:get_tbc_epg:291 - 頻道 潘朵啦高畫質玩美台 獲取 72 個節目
2026-07-11 22:21:12.134 | INFO     | __main__:get_tbc_epg:291 - 頻道 潘朵啦高畫質粉紅台 獲取 78 個節目
2026-07-11 22:21:12.134 | INFO     | __main__:get_tbc_epg:291 - 頻道 JStar極限台電影頻道 獲取 93 個節目
2026-07-11 22:21:12.134 | INFO     | __main__:get_tbc_epg:291 - 頻道 驚豔成人電影台 獲取 70 個節目
2026-07-11 22:21:12.134 | INFO     | __main__:get_tbc_epg:291 - 頻道 香蕉台 獲取 93 個節目
2026-07-11 22:21:12.134 | INFO     | __main__:get_tbc_epg:291 - 頻道 樂活頻道 獲取 102 個節目
2026-07-11 22:21:12.134 | INFO     | __main__:get_tbc_epg:291 - 頻道 玩家頻道 獲取 144 個節目
2026-07-11 22:21:12.135 | INFO     | __main__:get_tbc_epg:291 - 頻道 Happy 獲取 72 個節目
2026-07-11 22:21:12.135 | INFO     | __main__:get_tbc_epg:291 - 頻道 Hot 獲取 144 個節目
2026-07-11 22:21:12.135 | INFO     | __main__:get_tbc_epg:292 - 總計獲取 32307 個節目
2026-07-11 22:21:15.270 | INFO     | __main__:main:361 - EPG 已儲存到 ./output/epg_tbc.xml
2026-07-11 22:21:15.270 | INFO     | __main__:main:363 - ========== 抓取完成 ==========
2026-07-12 02:35:15 | INFO | ==================================================
2026-07-12 02:35:15 | INFO | 開始生成四季線上電子節目單
2026-07-12 02:35:15 | INFO | 輸出目錄: /home/runner/work/EPG/EPG/output
2026-07-12 02:35:15 | SUCCESS | 已更新本地頻道檔案，保存 132 個頻道
2026-07-12 02:35:15 | SUCCESS | 從 API 獲取到 132 個頻道（已跳過 9 個）
2026-07-12 02:35:15 | INFO | 成功加載 132 個頻道
2026-07-12 02:35:35 | INFO | 共獲取 13326 個節目
2026-07-12 02:35:36 | INFO | 電子節目單已生成: /home/runner/work/EPG/EPG/output/4g.xml
2026-07-12 02:35:36 | SUCCESS | EPG 生成完成
2026-07-12 22:08:43.419 | INFO     | __main__:main:350 - ========== 開始抓取 TBC EPG ==========
2026-07-12 22:08:43.419 | INFO     | __main__:get_tbc_epg:246 - 正在獲取TBC EPG
2026-07-12 22:08:47.275 | INFO     | __main__:get_channels_tbc:161 - 成功獲取 233 個頻道
2026-07-12 22:08:47.275 | INFO     | __main__:get_tbc_epg:258 - 正在獲取 2026/07/13 節目表
2026-07-12 22:10:40.937 | INFO     | __main__:get_tbc_epg:258 - 正在獲取 2026/07/14 節目表
2026-07-12 22:12:29.528 | INFO     | __main__:get_tbc_epg:258 - 正在獲取 2026/07/15 節目表
2026-07-12 22:14:18.907 | INFO     | __main__:get_tbc_epg:258 - 正在獲取 2026/07/16 節目表
2026-07-12 22:16:08.372 | INFO     | __main__:get_tbc_epg:258 - 正在獲取 2026/07/17 節目表
2026-07-12 22:17:56.913 | INFO     | __main__:get_tbc_epg:258 - 正在獲取 2026/07/18 節目表
2026-07-12 22:19:43.733 | INFO     | __main__:get_tbc_epg:291 - 頻道 南桃園節目總表 獲取 144 個節目
2026-07-12 22:19:43.733 | INFO     | __main__:get_tbc_epg:291 - 頻道 南桃園公用頻道 獲取 192 個節目
2026-07-12 22:19:43.733 | INFO     | __main__:get_tbc_epg:291 - 頻道 CNN 獲取 176 個節目
2026-07-12 22:19:43.733 | INFO     | __main__:get_tbc_epg:291 - 頻道 民視無線台 獲取 215 個節目
2026-07-12 22:19:43.733 | INFO     | __main__:get_tbc_epg:291 - 頻道 TBC桃園生活台 獲取 240 個節目
2026-07-12 22:19:43.733 | INFO     | __main__:get_tbc_epg:291 - 頻道 台視 獲取 161 個節目
2026-07-12 22:19:43.733 | INFO     | __main__:get_tbc_epg:291 - 頻道 大愛電視台 獲取 400 個節目
2026-07-12 22:19:43.733 | INFO     | __main__:get_tbc_epg:291 - 頻道 中視 獲取 157 個節目
2026-07-12 22:19:43.733 | INFO     | __main__:get_tbc_epg:291 - 頻道 人間衛視 獲取 185 個節目
2026-07-12 22:19:43.733 | INFO     | __main__:get_tbc_epg:291 - 頻道 華視 獲取 150 個節目
2026-07-12 22:19:43.733 | INFO     | __main__:get_tbc_epg:291 - 頻道 公共電視 獲取 213 個節目
2026-07-12 22:19:43.733 | INFO     | __main__:get_tbc_epg:291 - 頻道 公視台語台 獲取 156 個節目
2026-07-12 22:19:43.733 | INFO     | __main__:get_tbc_epg:291 - 頻道 好消息頻道 獲取 290 個節目
2026-07-12 22:19:43.733 | INFO     | __main__:get_tbc_epg:291 - 頻道 原住民頻道 獲取 167 個節目
2026-07-12 22:19:43.733 | INFO     | __main__:get_tbc_epg:291 - 頻道 客家電視台 獲取 221 個節目
2026-07-12 22:19:43.733 | INFO     | __main__:get_tbc_epg:291 - 頻道 BBC Earth 獲取 149 個節目
2026-07-12 22:19:43.733 | INFO     | __main__:get_tbc_epg:291 - 頻道 Discovery 獲取 207 個節目
2026-07-12 22:19:43.734 | INFO     | __main__:get_tbc_epg:291 - 頻道 TLC旅遊生活頻道 獲取 173 個節目
2026-07-12 22:19:43.734 | INFO     | __main__:get_tbc_epg:291 - 頻道 動物星球 獲取 170 個節目
2026-07-12 22:19:43.734 | INFO     | __main__:get_tbc_epg:291 - 頻道 卡通頻道 獲取 200 個節目
2026-07-12 22:19:43.734 | INFO     | __main__:get_tbc_epg:291 - 頻道 小尼克頻道 獲取 448 個節目
2026-07-12 22:19:43.734 | INFO     | __main__:get_tbc_epg:291 - 頻道 MOMO親子台 獲取 236 個節目
2026-07-12 22:19:43.734 | INFO     | __main__:get_tbc_epg:291 - 頻道 東森幼幼台 獲取 387 個節目
2026-07-12 22:19:43.734 | INFO     | __main__:get_tbc_epg:291 - 頻道 緯來綜合台 獲取 147 個節目
2026-07-12 22:19:43.734 | INFO     | __main__:get_tbc_epg:291 - 頻道 八大第一台 獲取 142 個節目
2026-07-12 22:19:43.734 | INFO     | __main__:get_tbc_epg:291 - 頻道 八大綜合台 獲取 158 個節目
2026-07-12 22:19:43.734 | INFO     | __main__:get_tbc_epg:291 - 頻道 三立台灣台 獲取 138 個節目
2026-07-12 22:19:43.734 | INFO     | __main__:get_tbc_epg:291 - 頻道 三立都會台 獲取 141 個節目
2026-07-12 22:19:43.734 | INFO     | __main__:get_tbc_epg:291 - 頻道 華藝中文台 獲取 167 個節目
2026-07-12 22:19:43.734 | INFO     | __main__:get_tbc_epg:291 - 頻道 東森綜合台 獲取 141 個節目
2026-07-12 22:19:43.734 | INFO     | __main__:get_tbc_epg:291 - 頻道 東森超視 獲取 141 個節目
2026-07-12 22:19:43.734 | INFO     | __main__:get_tbc_epg:291 - 頻道 東森購物2台 獲取 144 個節目
2026-07-12 22:19:43.734 | INFO     | __main__:get_tbc_epg:291 - 頻道 MOMO 2台 獲取 144 個節目
2026-07-12 22:19:43.734 | INFO     | __main__:get_tbc_epg:291 - 頻道 中天綜合台 獲取 120 個節目
2026-07-12 22:19:43.734 | INFO     | __main__:get_tbc_epg:291 - 頻道 東風衛視 獲取 152 個節目
2026-07-12 22:19:43.734 | INFO     | __main__:get_tbc_epg:291 - 頻道 年代MUCH TV 獲取 178 個節目
2026-07-12 22:19:43.734 | INFO     | __main__:get_tbc_epg:291 - 頻道 中天娛樂台 獲取 139 個節目
2026-07-12 22:19:43.734 | INFO     | __main__:get_tbc_epg:291 - 頻道 東森戲劇台 獲取 142 個節目
2026-07-12 22:19:43.734 | INFO     | __main__:get_tbc_epg:291 - 頻道 八大戲劇台 獲取 144 個節目
2026-07-12 22:19:43.734 | INFO     | __main__:get_tbc_epg:291 - 頻道 TVBS歡樂台 獲取 142 個節目
2026-07-12 22:19:43.734 | INFO     | __main__:get_tbc_epg:291 - 頻道 緯來戲劇台 獲取 142 個節目
2026-07-12 22:19:43.734 | INFO     | __main__:get_tbc_epg:291 - 頻道 高點電視台 獲取 144 個節目
2026-07-12 22:19:43.734 | INFO     | __main__:get_tbc_epg:291 - 頻道 JET綜合台 獲取 139 個節目
2026-07-12 22:19:43.734 | INFO     | __main__:get_tbc_epg:291 - 頻道 東森購物3台 獲取 144 個節目
2026-07-12 22:19:43.734 | INFO     | __main__:get_tbc_epg:291 - 頻道 東森購物1台 獲取 144 個節目
2026-07-12 22:19:43.734 | INFO     | __main__:get_tbc_epg:291 - 頻道 MOMO 1台 獲取 144 個節目
2026-07-12 22:19:43.735 | INFO     | __main__:get_tbc_epg:291 - 頻道 壹電視新聞台 獲取 107 個節目
2026-07-12 22:19:43.735 | INFO     | __main__:get_tbc_epg:291 - 頻道 年代新聞台 獲取 111 個節目
2026-07-12 22:19:43.735 | INFO     | __main__:get_tbc_epg:291 - 頻道 東森新聞台 獲取 127 個節目
2026-07-12 22:19:43.735 | INFO     | __main__:get_tbc_epg:291 - 頻道 民視新聞台 獲取 144 個節目
2026-07-12 22:19:43.735 | INFO     | __main__:get_tbc_epg:291 - 頻道 三立新聞台 獲取 138 個節目
2026-07-12 22:19:43.735 | INFO     | __main__:get_tbc_epg:291 - 頻道 TVBS 新聞台 獲取 114 個節目
2026-07-12 22:19:43.735 | INFO     | __main__:get_tbc_epg:291 - 頻道 TVBS 獲取 118 個節目
2026-07-12 22:19:43.735 | INFO     | __main__:get_tbc_epg:291 - 頻道 東森財經新聞台 獲取 135 個節目
2026-07-12 22:19:43.735 | INFO     | __main__:get_tbc_epg:291 - 頻道 非凡新聞台 獲取 146 個節目
2026-07-12 22:19:43.735 | INFO     | __main__:get_tbc_epg:291 - 頻道 ViVa1台 獲取 144 個節目
2026-07-12 22:19:43.735 | INFO     | __main__:get_tbc_epg:291 - 頻道 東森購物5台 獲取 144 個節目
2026-07-12 22:19:43.735 | INFO     | __main__:get_tbc_epg:291 - 頻道 CATCHPLAY電影台 獲取 136 個節目
2026-07-12 22:19:43.735 | INFO     | __main__:get_tbc_epg:291 - 頻道 東森電影台 獲取 98 個節目
2026-07-12 22:19:43.735 | INFO     | __main__:get_tbc_epg:291 - 頻道 緯來電影台 獲取 85 個節目
2026-07-12 22:19:43.735 | INFO     | __main__:get_tbc_epg:291 - 頻道 LS Time電影台 獲取 67 個節目
2026-07-12 22:19:43.735 | INFO     | __main__:get_tbc_epg:291 - 頻道 HBO 獲取 93 個節目
2026-07-12 22:19:43.735 | INFO     | __main__:get_tbc_epg:291 - 頻道 東森洋片台 獲取 71 個節目
2026-07-12 22:19:43.735 | INFO     | __main__:get_tbc_epg:291 - 頻道 AXN 獲取 130 個節目
2026-07-12 22:19:43.735 | INFO     | __main__:get_tbc_epg:291 - 頻道 好萊塢電影台 獲取 76 個節目
2026-07-12 22:19:43.735 | INFO     | __main__:get_tbc_epg:291 - 頻道 amc電影台 獲取 105 個節目
2026-07-12 22:19:43.735 | INFO     | __main__:get_tbc_epg:291 - 頻道 緯來育樂台 獲取 131 個節目
2026-07-12 22:19:43.735 | INFO     | __main__:get_tbc_epg:291 - 頻道 CINEMAX 獲取 84 個節目
2026-07-12 22:19:43.735 | INFO     | __main__:get_tbc_epg:291 - 頻道 緯來體育台 獲取 115 個節目
2026-07-12 22:19:43.735 | INFO     | __main__:get_tbc_epg:291 - 頻道 DAZN 1 獲取 90 個節目
2026-07-12 22:19:43.735 | INFO     | __main__:get_tbc_epg:291 - 頻道 DAZN 2 獲取 85 個節目
2026-07-12 22:19:43.735 | INFO     | __main__:get_tbc_epg:291 - 頻道 MOMO綜合台 獲取 150 個節目
2026-07-12 22:19:43.735 | INFO     | __main__:get_tbc_epg:291 - 頻道 緯來日本台 獲取 126 個節目
2026-07-12 22:19:43.735 | INFO     | __main__:get_tbc_epg:291 - 頻道 國興衛視 獲取 192 個節目
2026-07-12 22:19:43.736 | INFO     | __main__:get_tbc_epg:291 - 頻道 BBC Lifestyle 獲取 181 個節目
2026-07-12 22:19:43.736 | INFO     | __main__:get_tbc_epg:291 - 頻道 靖天資訊台 獲取 163 個節目
2026-07-12 22:19:43.736 | INFO     | __main__:get_tbc_epg:291 - 頻道 信吉電視台 獲取 71 個節目
2026-07-12 22:19:43.736 | INFO     | __main__:get_tbc_epg:291 - 頻道 信大電視台 獲取 72 個節目
2026-07-12 22:19:43.736 | INFO     | __main__:get_tbc_epg:291 - 頻道 中台灣生活網頻道 獲取 288 個節目
2026-07-12 22:19:43.736 | INFO     | __main__:get_tbc_epg:291 - 頻道 TBC台中生活台 獲取 288 個節目
2026-07-12 22:19:43.736 | INFO     | __main__:get_tbc_epg:291 - 頻道 鏡電視新聞台 獲取 138 個節目
2026-07-12 22:19:43.736 | INFO     | __main__:get_tbc_epg:291 - 頻道 台灣藝術台 獲取 90 個節目
2026-07-12 22:19:43.736 | INFO     | __main__:get_tbc_epg:291 - 頻道 樂視台 獲取 288 個節目
2026-07-12 22:19:43.736 | INFO     | __main__:get_tbc_epg:291 - 頻道 非凡商業台 獲取 176 個節目
2026-07-12 22:19:43.736 | INFO     | __main__:get_tbc_epg:291 - 頻道 三立財經新聞台 獲取 139 個節目
2026-07-12 22:19:43.736 | INFO     | __main__:get_tbc_epg:291 - 頻道 冠軍電視台 獲取 78 個節目
2026-07-12 22:19:43.736 | INFO     | __main__:get_tbc_epg:291 - 頻道 運通財經綜合台 獲取 288 個節目
2026-07-12 22:19:43.736 | INFO     | __main__:get_tbc_epg:291 - 頻道 SBN全球財經台 獲取 288 個節目
2026-07-12 22:19:43.736 | INFO     | __main__:get_tbc_epg:291 - 頻道 誠心電視台 獲取 72 個節目
2026-07-12 22:19:43.736 | INFO     | __main__:get_tbc_epg:291 - 頻道 NHK 獲取 368 個節目
2026-07-12 22:19:43.736 | INFO     | __main__:get_tbc_epg:291 - 頻道 MTV 獲取 160 個節目
2026-07-12 22:19:43.736 | INFO     | __main__:get_tbc_epg:291 - 頻道 Animax 獲取 288 個節目
2026-07-12 22:19:43.736 | INFO     | __main__:get_tbc_epg:291 - 頻道 霹靂台灣台 獲取 134 個節目
2026-07-12 22:19:43.736 | INFO     | __main__:get_tbc_epg:291 - 頻道 海豚綜合台 獲取 102 個節目
2026-07-12 22:19:43.736 | INFO     | __main__:get_tbc_epg:291 - 頻道 八大娛樂台 獲取 140 個節目
2026-07-12 22:19:43.736 | INFO     | __main__:get_tbc_epg:291 - 頻道 十方法界 獲取 250 個節目
2026-07-12 22:19:43.736 | INFO     | __main__:get_tbc_epg:291 - 頻道 壹電視電影台 獲取 89 個節目
2026-07-12 22:19:43.736 | INFO     | __main__:get_tbc_epg:291 - 頻道 華藏衛視  獲取 178 個節目
2026-07-12 22:19:43.736 | INFO     | __main__:get_tbc_epg:291 - 頻道 壹電視資訊綜合台 獲取 163 個節目
2026-07-12 22:19:43.737 | INFO     | __main__:get_tbc_epg:291 - 頻道 佛衛慈悲台 獲取 184 個節目
2026-07-12 22:19:43.737 | INFO     | __main__:get_tbc_epg:291 - 頻道 紅豆電視台 獲取 84 個節目
2026-07-12 22:19:43.737 | INFO     | __main__:get_tbc_epg:291 - 頻道 全大電視台 獲取 72 個節目
2026-07-12 22:19:43.737 | INFO     | __main__:get_tbc_epg:291 - 頻道 華藝台灣台 獲取 66 個節目
2026-07-12 22:19:43.737 | INFO     | __main__:get_tbc_epg:291 - 頻道 正德電視台 獲取 144 個節目
2026-07-12 22:19:43.737 | INFO     | __main__:get_tbc_epg:291 - 頻道 天良綜合台 獲取 60 個節目
2026-07-12 22:19:43.737 | INFO     | __main__:get_tbc_epg:291 - 頻道 番薯衛星電視台 獲取 24 個節目
2026-07-12 22:19:43.737 | INFO     | __main__:get_tbc_epg:291 - 頻道 富立電視台 獲取 72 個節目
2026-07-12 22:19:43.737 | INFO     | __main__:get_tbc_epg:291 - 頻道 Z頻道 獲取 144 個節目
2026-07-12 22:19:43.737 | INFO     | __main__:get_tbc_epg:291 - 頻道 冠軍夢想台 獲取 72 個節目
2026-07-12 22:19:43.737 | INFO     | __main__:get_tbc_epg:291 - 頻道 新天地民俗台 獲取 144 個節目
2026-07-12 22:19:43.737 | INFO     | __main__:get_tbc_epg:291 - 頻道 三聖電視台 獲取 144 個節目
2026-07-12 22:19:43.737 | INFO     | __main__:get_tbc_epg:291 - 頻道 威達超舜生活台 獲取 90 個節目
2026-07-12 22:19:43.737 | INFO     | __main__:get_tbc_epg:291 - 頻道 天美麗電視台 獲取 48 個節目
2026-07-12 22:19:43.737 | INFO     | __main__:get_tbc_epg:291 - 頻道 大立電視台 獲取 72 個節目
2026-07-12 22:19:43.737 | INFO     | __main__:get_tbc_epg:291 - 頻道 小公視 獲取 252 個節目
2026-07-12 22:19:43.737 | INFO     | __main__:get_tbc_epg:291 - 頻道 華視教育體育文化台 獲取 274 個節目
2026-07-12 22:19:43.737 | INFO     | __main__:get_tbc_epg:291 - 頻道 國會頻道1台 獲取 72 個節目
2026-07-12 22:19:43.737 | INFO     | __main__:get_tbc_epg:291 - 頻道 國會頻道2台 獲取 72 個節目
2026-07-12 22:19:43.737 | INFO     | __main__:get_tbc_epg:291 - 頻道 幸福空間居家台 獲取 145 個節目
2026-07-12 22:19:43.737 | INFO     | __main__:get_tbc_epg:291 - 頻道 高點育樂台 獲取 149 個節目
2026-07-12 22:19:43.737 | INFO     | __main__:get_tbc_epg:291 - 頻道 台灣綜合台 獲取 144 個節目
2026-07-12 22:19:43.737 | INFO     | __main__:get_tbc_epg:291 - 頻道 大台中生活頻道 獲取 147 個節目
2026-07-12 22:19:43.737 | INFO     | __main__:get_tbc_epg:291 - 頻道 彰化生活台 獲取 144 個節目
2026-07-12 22:19:43.737 | INFO     | __main__:get_tbc_epg:291 - 頻道 唯心電視台 獲取 228 個節目
2026-07-12 22:19:43.737 | INFO     | __main__:get_tbc_epg:291 - 頻道 美麗人生購物台 獲取 144 個節目
2026-07-12 22:19:43.737 | INFO     | __main__:get_tbc_epg:291 - 頻道 大愛二台  獲取 293 個節目
2026-07-12 22:19:43.737 | INFO     | __main__:get_tbc_epg:291 - 頻道 靖天映畫 獲取 78 個節目
2026-07-12 22:19:43.737 | INFO     | __main__:get_tbc_epg:291 - 頻道 靖洋戲劇台 獲取 154 個節目
2026-07-12 22:19:43.737 | INFO     | __main__:get_tbc_epg:291 - 頻道 ROCK Action 獲取 89 個節目
2026-07-12 22:19:43.737 | INFO     | __main__:get_tbc_epg:291 - 頻道 Global Trekker 探索世界  獲取 231 個節目
2026-07-12 22:19:43.737 | INFO     | __main__:get_tbc_epg:291 - 頻道 靖天綜合台 獲取 144 個節目
2026-07-12 22:19:43.737 | INFO     | __main__:get_tbc_epg:291 - 頻道 寶島文化台 獲取 144 個節目
2026-07-12 22:19:43.737 | INFO     | __main__:get_tbc_epg:291 - 頻道 TaiwanPlus 獲取 349 個節目
2026-07-12 22:19:43.737 | INFO     | __main__:get_tbc_epg:291 - 頻道 BBC News 獲取 309 個節目
2026-07-12 22:19:43.737 | INFO     | __main__:get_tbc_epg:291 - 頻道 民視第一台 獲取 197 個節目
2026-07-12 22:19:43.737 | INFO     | __main__:get_tbc_epg:291 - 頻道 民視台灣台 獲取 179 個節目
2026-07-12 22:19:43.737 | INFO     | __main__:get_tbc_epg:291 - 頻道 中視新聞台 獲取 144 個節目
2026-07-12 22:19:43.737 | INFO     | __main__:get_tbc_epg:291 - 頻道 台視新聞台 獲取 150 個節目
2026-07-12 22:19:43.737 | INFO     | __main__:get_tbc_epg:291 - 頻道 台視財經台 獲取 122 個節目
2026-07-12 22:19:43.737 | INFO     | __main__:get_tbc_epg:291 - 頻道 台視綜合台 獲取 147 個節目
2026-07-12 22:19:43.738 | INFO     | __main__:get_tbc_epg:291 - 頻道 彭博財經台 獲取 130 個節目
2026-07-12 22:19:43.738 | INFO     | __main__:get_tbc_epg:291 - 頻道 Channel NewsAsia 獲取 163 個節目
2026-07-12 22:19:43.738 | INFO     | __main__:get_tbc_epg:291 - 頻道 韓國阿里郎 獲取 329 個節目
2026-07-12 22:19:43.738 | INFO     | __main__:get_tbc_epg:291 - 頻道 DREAMWORKS 獲取 351 個節目
2026-07-12 22:19:43.738 | INFO     | __main__:get_tbc_epg:291 - 頻道 Warner TV 獲取 241 個節目
2026-07-12 22:19:43.738 | INFO     | __main__:get_tbc_epg:291 - 頻道 靖天電影台 獲取 86 個節目
2026-07-12 22:19:43.738 | INFO     | __main__:get_tbc_epg:291 - 頻道 CinemaWorld 獲取 93 個節目
2026-07-12 22:19:43.738 | INFO     | __main__:get_tbc_epg:291 - 頻道 HBO HD 獲取 189 個節目
2026-07-12 22:19:43.738 | INFO     | __main__:get_tbc_epg:291 - 頻道 HBO 強檔鉅獻 獲取 92 個節目
2026-07-12 22:19:43.738 | INFO     | __main__:get_tbc_epg:291 - 頻道 HBO 原創鉅獻 獲取 100 個節目
2026-07-12 22:19:43.738 | INFO     | __main__:get_tbc_epg:291 - 頻道 HBO 溫馨家庭 獲取 317 個節目
2026-07-12 22:19:43.738 | INFO     | __main__:get_tbc_epg:291 - 頻道 靖天日本台 獲取 238 個節目
2026-07-12 22:19:43.738 | INFO     | __main__:get_tbc_epg:291 - 頻道 EVE 獲取 247 個節目
2026-07-12 22:19:43.738 | INFO     | __main__:get_tbc_epg:291 - 頻道 tvN 獲取 104 個節目
2026-07-12 22:19:43.738 | INFO     | __main__:get_tbc_epg:291 - 頻道 靖天歡樂台 獲取 147 個節目
2026-07-12 22:19:43.738 | INFO     | __main__:get_tbc_epg:291 - 頻道 HITS 獲取 159 個節目
2026-07-12 22:19:43.738 | INFO     | __main__:get_tbc_epg:291 - 頻道 韓國娛樂台KMTV 獲取 233 個節目
2026-07-12 22:19:43.738 | INFO     | __main__:get_tbc_epg:291 - 頻道 靖天育樂台 獲取 163 個節目
2026-07-12 22:19:43.738 | INFO     | __main__:get_tbc_epg:291 - 頻道 Lifetime 獲取 148 個節目
2026-07-12 22:19:43.738 | INFO     | __main__:get_tbc_epg:291 - 頻道 罪案偵緝頻道 獲取 181 個節目
2026-07-12 22:19:43.738 | INFO     | __main__:get_tbc_epg:291 - 頻道 寵物頻道 獲取 164 個節目
2026-07-12 22:19:43.738 | INFO     | __main__:get_tbc_epg:291 - 頻道 歷史頻道 獲取 168 個節目
2026-07-12 22:19:43.738 | INFO     | __main__:get_tbc_epg:291 - 頻道 Discovery Asia 獲取 203 個節目
2026-07-12 22:19:43.738 | INFO     | __main__:get_tbc_epg:291 - 頻道 Discovery科學頻道 獲取 240 個節目
2026-07-12 22:19:43.738 | INFO     | __main__:get_tbc_epg:291 - 頻道 DMAX 獲取 217 個節目
2026-07-12 22:19:43.738 | INFO     | __main__:get_tbc_epg:291 - 頻道 寰宇新聞台灣台 獲取 150 個節目
2026-07-12 22:19:43.738 | INFO     | __main__:get_tbc_epg:291 - 頻道 亞洲旅遊台 獲取 144 個節目
2026-07-12 22:19:43.738 | INFO     | __main__:get_tbc_epg:291 - 頻道 梅迪奇藝術 獲取 102 個節目
2026-07-12 22:19:43.739 | INFO     | __main__:get_tbc_epg:291 - 頻道 博斯運動二台 獲取 72 個節目
2026-07-12 22:19:43.739 | INFO     | __main__:get_tbc_epg:291 - 頻道 博斯網球台 獲取 47 個節目
2026-07-12 22:19:43.739 | INFO     | __main__:get_tbc_epg:291 - 頻道 博斯無限台 獲取 59 個節目
2026-07-12 22:19:43.739 | INFO     | __main__:get_tbc_epg:291 - 頻道 博斯高球1台 獲取 37 個節目
2026-07-12 22:19:43.739 | INFO     | __main__:get_tbc_epg:291 - 頻道 博斯高球2台 獲取 44 個節目
2026-07-12 22:19:43.739 | INFO     | __main__:get_tbc_epg:291 - 頻道 博斯魅力網 獲取 72 個節目
2026-07-12 22:19:43.739 | INFO     | __main__:get_tbc_epg:291 - 頻道 博斯運動一台 獲取 51 個節目
2026-07-12 22:19:43.739 | INFO     | __main__:get_tbc_epg:291 - 頻道 博斯無限二台 獲取 72 個節目
2026-07-12 22:19:43.739 | INFO     | __main__:get_tbc_epg:291 - 頻道 尼克兒童頻道 獲取 404 個節目
2026-07-12 22:19:43.739 | INFO     | __main__:get_tbc_epg:291 - 頻道 達文西頻道 獲取 597 個節目
2026-07-12 22:19:43.739 | INFO     | __main__:get_tbc_epg:291 - 頻道 CBeebies 獲取 981 個節目
2026-07-12 22:19:43.739 | INFO     | __main__:get_tbc_epg:291 - 頻道 CARTOONITO 獲取 252 個節目
2026-07-12 22:19:43.739 | INFO     | __main__:get_tbc_epg:291 - 頻道 靖洋卡通台 獲取 285 個節目
2026-07-12 22:19:43.739 | INFO     | __main__:get_tbc_epg:291 - 頻道 靖天卡通台 獲取 256 個節目
2026-07-12 22:19:43.739 | INFO     | __main__:get_tbc_epg:291 - 頻道 LOVE NATURE 4K 獲取 168 個節目
2026-07-12 22:19:43.739 | INFO     | __main__:get_tbc_epg:291 - 頻道 ROCK ENTERTAINMENT 獲取 166 個節目
2026-07-12 22:19:43.739 | INFO     | __main__:get_tbc_epg:291 - 頻道 ROCK EXTREME 獲取 149 個節目
2026-07-12 22:19:43.739 | INFO     | __main__:get_tbc_epg:291 - 頻道 彩虹頻道 獲取 167 個節目
2026-07-12 22:19:43.739 | INFO     | __main__:get_tbc_epg:291 - 頻道 彩虹e台 獲取 58 個節目
2026-07-12 22:19:43.739 | INFO     | __main__:get_tbc_epg:291 - 頻道 彩虹電影台 獲取 59 個節目
2026-07-12 22:19:43.739 | INFO     | __main__:get_tbc_epg:291 - 頻道 K 頻道 獲取 73 個節目
2026-07-12 22:19:43.739 | INFO     | __main__:get_tbc_epg:291 - 頻道 松視1台 獲取 72 個節目
2026-07-12 22:19:43.739 | INFO     | __main__:get_tbc_epg:291 - 頻道 松視2台 獲取 72 個節目
2026-07-12 22:19:43.739 | INFO     | __main__:get_tbc_epg:291 - 頻道 松視3台 獲取 88 個節目
2026-07-12 22:19:43.739 | INFO     | __main__:get_tbc_epg:291 - 頻道 松視4台 獲取 115 個節目
2026-07-12 22:19:43.739 | INFO     | __main__:get_tbc_epg:291 - 頻道 潘朵啦高畫質玩美台 獲取 72 個節目
2026-07-12 22:19:43.739 | INFO     | __main__:get_tbc_epg:291 - 頻道 潘朵啦高畫質粉紅台 獲取 78 個節目
2026-07-12 22:19:43.739 | INFO     | __main__:get_tbc_epg:291 - 頻道 JStar極限台電影頻道 獲取 93 個節目
2026-07-12 22:19:43.740 | INFO     | __main__:get_tbc_epg:291 - 頻道 驚豔成人電影台 獲取 68 個節目
2026-07-12 22:19:43.740 | INFO     | __main__:get_tbc_epg:291 - 頻道 香蕉台 獲取 93 個節目
2026-07-12 22:19:43.740 | INFO     | __main__:get_tbc_epg:291 - 頻道 樂活頻道 獲取 102 個節目
2026-07-12 22:19:43.740 | INFO     | __main__:get_tbc_epg:291 - 頻道 玩家頻道 獲取 144 個節目
2026-07-12 22:19:43.740 | INFO     | __main__:get_tbc_epg:291 - 頻道 Happy 獲取 72 個節目
2026-07-12 22:19:43.740 | INFO     | __main__:get_tbc_epg:291 - 頻道 Hot 獲取 144 個節目
2026-07-12 22:19:43.740 | INFO     | __main__:get_tbc_epg:292 - 總計獲取 32430 個節目
2026-07-12 22:19:45.914 | INFO     | __main__:main:361 - EPG 已儲存到 ./output/epg_tbc.xml
2026-07-12 22:19:45.914 | INFO     | __main__:main:363 - ========== 抓取完成 ==========
2026-07-13 02:37:06 | INFO | ==================================================
2026-07-13 02:37:06 | INFO | 開始生成四季線上電子節目單
2026-07-13 02:37:06 | INFO | 輸出目錄: /home/runner/work/EPG/EPG/output
2026-07-13 02:37:06 | SUCCESS | 已更新本地頻道檔案，保存 132 個頻道
2026-07-13 02:37:06 | SUCCESS | 從 API 獲取到 132 個頻道（已跳過 9 個）
2026-07-13 02:37:06 | INFO | 成功加載 132 個頻道
2026-07-13 02:37:22 | INFO | 共獲取 13445 個節目
2026-07-13 02:37:22 | INFO | 電子節目單已生成: /home/runner/work/EPG/EPG/output/4g.xml
2026-07-13 02:37:22 | SUCCESS | EPG 生成完成
2026-07-13 22:11:28.169 | INFO     | __main__:main:350 - ========== 開始抓取 TBC EPG ==========
2026-07-13 22:11:28.169 | INFO     | __main__:get_tbc_epg:246 - 正在獲取TBC EPG
2026-07-13 22:11:32.363 | INFO     | __main__:get_channels_tbc:161 - 成功獲取 233 個頻道
2026-07-13 22:11:32.364 | INFO     | __main__:get_tbc_epg:258 - 正在獲取 2026/07/14 節目表
2026-07-13 22:13:20.435 | INFO     | __main__:get_tbc_epg:258 - 正在獲取 2026/07/15 節目表
2026-07-13 22:15:07.043 | INFO     | __main__:get_tbc_epg:258 - 正在獲取 2026/07/16 節目表
2026-07-13 22:16:55.488 | INFO     | __main__:get_tbc_epg:258 - 正在獲取 2026/07/17 節目表
2026-07-13 22:18:46.629 | INFO     | __main__:get_tbc_epg:258 - 正在獲取 2026/07/18 節目表
2026-07-13 22:20:38.144 | INFO     | __main__:get_tbc_epg:258 - 正在獲取 2026/07/19 節目表
2026-07-13 22:22:23.967 | INFO     | __main__:get_tbc_epg:291 - 頻道 南桃園節目總表 獲取 144 個節目
2026-07-13 22:22:23.967 | INFO     | __main__:get_tbc_epg:291 - 頻道 南桃園公用頻道 獲取 193 個節目
2026-07-13 22:22:23.968 | INFO     | __main__:get_tbc_epg:291 - 頻道 CNN 獲取 182 個節目
2026-07-13 22:22:23.968 | INFO     | __main__:get_tbc_epg:291 - 頻道 民視無線台 獲取 205 個節目
2026-07-13 22:22:23.968 | INFO     | __main__:get_tbc_epg:291 - 頻道 TBC桃園生活台 獲取 240 個節目
2026-07-13 22:22:23.968 | INFO     | __main__:get_tbc_epg:291 - 頻道 台視 獲取 156 個節目
2026-07-13 22:22:23.968 | INFO     | __main__:get_tbc_epg:291 - 頻道 大愛電視台 獲取 376 個節目
2026-07-13 22:22:23.968 | INFO     | __main__:get_tbc_epg:291 - 頻道 中視 獲取 151 個節目
2026-07-13 22:22:23.968 | INFO     | __main__:get_tbc_epg:291 - 頻道 人間衛視 獲取 184 個節目
2026-07-13 22:22:23.968 | INFO     | __main__:get_tbc_epg:291 - 頻道 華視 獲取 144 個節目
2026-07-13 22:22:23.968 | INFO     | __main__:get_tbc_epg:291 - 頻道 公共電視 獲取 208 個節目
2026-07-13 22:22:23.968 | INFO     | __main__:get_tbc_epg:291 - 頻道 公視台語台 獲取 158 個節目
2026-07-13 22:22:23.969 | INFO     | __main__:get_tbc_epg:291 - 頻道 好消息頻道 獲取 278 個節目
2026-07-13 22:22:23.969 | INFO     | __main__:get_tbc_epg:291 - 頻道 原住民頻道 獲取 171 個節目
2026-07-13 22:22:23.969 | INFO     | __main__:get_tbc_epg:291 - 頻道 客家電視台 獲取 225 個節目
2026-07-13 22:22:23.969 | INFO     | __main__:get_tbc_epg:291 - 頻道 BBC Earth 獲取 150 個節目
2026-07-13 22:22:23.969 | INFO     | __main__:get_tbc_epg:291 - 頻道 Discovery 獲取 204 個節目
2026-07-13 22:22:23.969 | INFO     | __main__:get_tbc_epg:291 - 頻道 TLC旅遊生活頻道 獲取 170 個節目
2026-07-13 22:22:23.969 | INFO     | __main__:get_tbc_epg:291 - 頻道 動物星球 獲取 167 個節目
2026-07-13 22:22:23.969 | INFO     | __main__:get_tbc_epg:291 - 頻道 卡通頻道 獲取 203 個節目
2026-07-13 22:22:23.969 | INFO     | __main__:get_tbc_epg:291 - 頻道 小尼克頻道 獲取 442 個節目
2026-07-13 22:22:23.969 | INFO     | __main__:get_tbc_epg:291 - 頻道 MOMO親子台 獲取 219 個節目
2026-07-13 22:22:23.969 | INFO     | __main__:get_tbc_epg:291 - 頻道 東森幼幼台 獲取 366 個節目
2026-07-13 22:22:23.969 | INFO     | __main__:get_tbc_epg:291 - 頻道 緯來綜合台 獲取 139 個節目
2026-07-13 22:22:23.969 | INFO     | __main__:get_tbc_epg:291 - 頻道 八大第一台 獲取 143 個節目
2026-07-13 22:22:23.969 | INFO     | __main__:get_tbc_epg:291 - 頻道 八大綜合台 獲取 157 個節目
2026-07-13 22:22:23.969 | INFO     | __main__:get_tbc_epg:291 - 頻道 三立台灣台 獲取 134 個節目
2026-07-13 22:22:23.969 | INFO     | __main__:get_tbc_epg:291 - 頻道 三立都會台 獲取 135 個節目
2026-07-13 22:22:23.969 | INFO     | __main__:get_tbc_epg:291 - 頻道 華藝中文台 獲取 171 個節目
2026-07-13 22:22:23.969 | INFO     | __main__:get_tbc_epg:291 - 頻道 東森綜合台 獲取 138 個節目
2026-07-13 22:22:23.970 | INFO     | __main__:get_tbc_epg:291 - 頻道 東森超視 獲取 136 個節目
2026-07-13 22:22:23.970 | INFO     | __main__:get_tbc_epg:291 - 頻道 東森購物2台 獲取 144 個節目
2026-07-13 22:22:23.970 | INFO     | __main__:get_tbc_epg:291 - 頻道 MOMO 2台 獲取 144 個節目
2026-07-13 22:22:23.970 | INFO     | __main__:get_tbc_epg:291 - 頻道 中天綜合台 獲取 116 個節目
2026-07-13 22:22:23.970 | INFO     | __main__:get_tbc_epg:291 - 頻道 東風衛視 獲取 153 個節目
2026-07-13 22:22:23.970 | INFO     | __main__:get_tbc_epg:291 - 頻道 年代MUCH TV 獲取 175 個節目
2026-07-13 22:22:23.970 | INFO     | __main__:get_tbc_epg:291 - 頻道 中天娛樂台 獲取 134 個節目
2026-07-13 22:22:23.970 | INFO     | __main__:get_tbc_epg:291 - 頻道 東森戲劇台 獲取 142 個節目
2026-07-13 22:22:23.970 | INFO     | __main__:get_tbc_epg:291 - 頻道 八大戲劇台 獲取 144 個節目
2026-07-13 22:22:23.970 | INFO     | __main__:get_tbc_epg:291 - 頻道 TVBS歡樂台 獲取 142 個節目
2026-07-13 22:22:23.970 | INFO     | __main__:get_tbc_epg:291 - 頻道 緯來戲劇台 獲取 140 個節目
2026-07-13 22:22:23.970 | INFO     | __main__:get_tbc_epg:291 - 頻道 高點電視台 獲取 144 個節目
2026-07-13 22:22:23.970 | INFO     | __main__:get_tbc_epg:291 - 頻道 JET綜合台 獲取 141 個節目
2026-07-13 22:22:23.970 | INFO     | __main__:get_tbc_epg:291 - 頻道 東森購物3台 獲取 144 個節目
2026-07-13 22:22:23.970 | INFO     | __main__:get_tbc_epg:291 - 頻道 東森購物1台 獲取 144 個節目
2026-07-13 22:22:23.970 | INFO     | __main__:get_tbc_epg:291 - 頻道 MOMO 1台 獲取 144 個節目
2026-07-13 22:22:23.970 | INFO     | __main__:get_tbc_epg:291 - 頻道 壹電視新聞台 獲取 111 個節目
2026-07-13 22:22:23.970 | INFO     | __main__:get_tbc_epg:291 - 頻道 年代新聞台 獲取 115 個節目
2026-07-13 22:22:23.970 | INFO     | __main__:get_tbc_epg:291 - 頻道 東森新聞台 獲取 128 個節目
2026-07-13 22:22:23.970 | INFO     | __main__:get_tbc_epg:291 - 頻道 民視新聞台 獲取 143 個節目
2026-07-13 22:22:23.970 | INFO     | __main__:get_tbc_epg:291 - 頻道 三立新聞台 獲取 138 個節目
2026-07-13 22:22:23.971 | INFO     | __main__:get_tbc_epg:291 - 頻道 TVBS 新聞台 獲取 114 個節目
2026-07-13 22:22:23.971 | INFO     | __main__:get_tbc_epg:291 - 頻道 TVBS 獲取 119 個節目
2026-07-13 22:22:23.971 | INFO     | __main__:get_tbc_epg:291 - 頻道 東森財經新聞台 獲取 139 個節目
2026-07-13 22:22:23.971 | INFO     | __main__:get_tbc_epg:291 - 頻道 非凡新聞台 獲取 147 個節目
2026-07-13 22:22:23.971 | INFO     | __main__:get_tbc_epg:291 - 頻道 ViVa1台 獲取 144 個節目
2026-07-13 22:22:23.971 | INFO     | __main__:get_tbc_epg:291 - 頻道 東森購物5台 獲取 144 個節目
2026-07-13 22:22:23.971 | INFO     | __main__:get_tbc_epg:291 - 頻道 CATCHPLAY電影台 獲取 136 個節目
2026-07-13 22:22:23.971 | INFO     | __main__:get_tbc_epg:291 - 頻道 東森電影台 獲取 96 個節目
2026-07-13 22:22:23.971 | INFO     | __main__:get_tbc_epg:291 - 頻道 緯來電影台 獲取 83 個節目
2026-07-13 22:22:23.971 | INFO     | __main__:get_tbc_epg:291 - 頻道 LS Time電影台 獲取 68 個節目
2026-07-13 22:22:23.971 | INFO     | __main__:get_tbc_epg:291 - 頻道 HBO 獲取 90 個節目
2026-07-13 22:22:23.971 | INFO     | __main__:get_tbc_epg:291 - 頻道 東森洋片台 獲取 72 個節目
2026-07-13 22:22:23.971 | INFO     | __main__:get_tbc_epg:291 - 頻道 AXN 獲取 126 個節目
2026-07-13 22:22:23.971 | INFO     | __main__:get_tbc_epg:291 - 頻道 好萊塢電影台 獲取 75 個節目
2026-07-13 22:22:23.971 | INFO     | __main__:get_tbc_epg:291 - 頻道 amc電影台 獲取 102 個節目
2026-07-13 22:22:23.971 | INFO     | __main__:get_tbc_epg:291 - 頻道 緯來育樂台 獲取 132 個節目
2026-07-13 22:22:23.971 | INFO     | __main__:get_tbc_epg:291 - 頻道 CINEMAX 獲取 87 個節目
2026-07-13 22:22:23.971 | INFO     | __main__:get_tbc_epg:291 - 頻道 緯來體育台 獲取 117 個節目
2026-07-13 22:22:23.971 | INFO     | __main__:get_tbc_epg:291 - 頻道 DAZN 1 獲取 88 個節目
2026-07-13 22:22:23.971 | INFO     | __main__:get_tbc_epg:291 - 頻道 DAZN 2 獲取 84 個節目
2026-07-13 22:22:23.971 | INFO     | __main__:get_tbc_epg:291 - 頻道 MOMO綜合台 獲取 154 個節目
2026-07-13 22:22:23.972 | INFO     | __main__:get_tbc_epg:291 - 頻道 緯來日本台 獲取 124 個節目
2026-07-13 22:22:23.972 | INFO     | __main__:get_tbc_epg:291 - 頻道 國興衛視 獲取 193 個節目
2026-07-13 22:22:23.972 | INFO     | __main__:get_tbc_epg:291 - 頻道 BBC Lifestyle 獲取 183 個節目
2026-07-13 22:22:23.972 | INFO     | __main__:get_tbc_epg:291 - 頻道 靖天資訊台 獲取 159 個節目
2026-07-13 22:22:23.972 | INFO     | __main__:get_tbc_epg:291 - 頻道 信吉電視台 獲取 71 個節目
2026-07-13 22:22:23.972 | INFO     | __main__:get_tbc_epg:291 - 頻道 信大電視台 獲取 72 個節目
2026-07-13 22:22:23.972 | INFO     | __main__:get_tbc_epg:291 - 頻道 中台灣生活網頻道 獲取 288 個節目
2026-07-13 22:22:23.972 | INFO     | __main__:get_tbc_epg:291 - 頻道 TBC台中生活台 獲取 288 個節目
2026-07-13 22:22:23.972 | INFO     | __main__:get_tbc_epg:291 - 頻道 鏡電視新聞台 獲取 138 個節目
2026-07-13 22:22:23.972 | INFO     | __main__:get_tbc_epg:291 - 頻道 台灣藝術台 獲取 90 個節目
2026-07-13 22:22:23.972 | INFO     | __main__:get_tbc_epg:291 - 頻道 樂視台 獲取 288 個節目
2026-07-13 22:22:23.972 | INFO     | __main__:get_tbc_epg:291 - 頻道 非凡商業台 獲取 180 個節目
2026-07-13 22:22:23.972 | INFO     | __main__:get_tbc_epg:291 - 頻道 三立財經新聞台 獲取 139 個節目
2026-07-13 22:22:23.972 | INFO     | __main__:get_tbc_epg:291 - 頻道 冠軍電視台 獲取 79 個節目
2026-07-13 22:22:23.972 | INFO     | __main__:get_tbc_epg:291 - 頻道 運通財經綜合台 獲取 288 個節目
2026-07-13 22:22:23.972 | INFO     | __main__:get_tbc_epg:291 - 頻道 SBN全球財經台 獲取 288 個節目
2026-07-13 22:22:23.972 | INFO     | __main__:get_tbc_epg:291 - 頻道 誠心電視台 獲取 72 個節目
2026-07-13 22:22:23.972 | INFO     | __main__:get_tbc_epg:291 - 頻道 NHK 獲取 363 個節目
2026-07-13 22:22:23.972 | INFO     | __main__:get_tbc_epg:291 - 頻道 MTV 獲取 160 個節目
2026-07-13 22:22:23.972 | INFO     | __main__:get_tbc_epg:291 - 頻道 Animax 獲取 288 個節目
2026-07-13 22:22:23.972 | INFO     | __main__:get_tbc_epg:291 - 頻道 霹靂台灣台 獲取 137 個節目
2026-07-13 22:22:23.973 | INFO     | __main__:get_tbc_epg:291 - 頻道 海豚綜合台 獲取 102 個節目
2026-07-13 22:22:23.973 | INFO     | __main__:get_tbc_epg:291 - 頻道 八大娛樂台 獲取 141 個節目
2026-07-13 22:22:23.973 | INFO     | __main__:get_tbc_epg:291 - 頻道 十方法界 獲取 249 個節目
2026-07-13 22:22:23.973 | INFO     | __main__:get_tbc_epg:291 - 頻道 壹電視電影台 獲取 90 個節目
2026-07-13 22:22:23.973 | INFO     | __main__:get_tbc_epg:291 - 頻道 華藏衛視  獲取 167 個節目
2026-07-13 22:22:23.973 | INFO     | __main__:get_tbc_epg:291 - 頻道 壹電視資訊綜合台 獲取 163 個節目
2026-07-13 22:22:23.973 | INFO     | __main__:get_tbc_epg:291 - 頻道 佛衛慈悲台 獲取 185 個節目
2026-07-13 22:22:23.973 | INFO     | __main__:get_tbc_epg:291 - 頻道 紅豆電視台 獲取 84 個節目
2026-07-13 22:22:23.973 | INFO     | __main__:get_tbc_epg:291 - 頻道 全大電視台 獲取 72 個節目
2026-07-13 22:22:23.973 | INFO     | __main__:get_tbc_epg:291 - 頻道 華藝台灣台 獲取 66 個節目
2026-07-13 22:22:23.973 | INFO     | __main__:get_tbc_epg:291 - 頻道 正德電視台 獲取 144 個節目
2026-07-13 22:22:23.973 | INFO     | __main__:get_tbc_epg:291 - 頻道 天良綜合台 獲取 60 個節目
2026-07-13 22:22:23.973 | INFO     | __main__:get_tbc_epg:291 - 頻道 番薯衛星電視台 獲取 24 個節目
2026-07-13 22:22:23.973 | INFO     | __main__:get_tbc_epg:291 - 頻道 富立電視台 獲取 72 個節目
2026-07-13 22:22:23.973 | INFO     | __main__:get_tbc_epg:291 - 頻道 Z頻道 獲取 144 個節目
2026-07-13 22:22:23.973 | INFO     | __main__:get_tbc_epg:291 - 頻道 冠軍夢想台 獲取 72 個節目
2026-07-13 22:22:23.973 | INFO     | __main__:get_tbc_epg:291 - 頻道 新天地民俗台 獲取 144 個節目
2026-07-13 22:22:23.973 | INFO     | __main__:get_tbc_epg:291 - 頻道 三聖電視台 獲取 144 個節目
2026-07-13 22:22:23.973 | INFO     | __main__:get_tbc_epg:291 - 頻道 威達超舜生活台 獲取 90 個節目
2026-07-13 22:22:23.973 | INFO     | __main__:get_tbc_epg:291 - 頻道 天美麗電視台 獲取 48 個節目
2026-07-13 22:22:23.974 | INFO     | __main__:get_tbc_epg:291 - 頻道 大立電視台 獲取 72 個節目
2026-07-13 22:22:23.974 | INFO     | __main__:get_tbc_epg:291 - 頻道 小公視 獲取 244 個節目
2026-07-13 22:22:23.974 | INFO     | __main__:get_tbc_epg:291 - 頻道 華視教育體育文化台 獲取 269 個節目
2026-07-13 22:22:23.974 | INFO     | __main__:get_tbc_epg:291 - 頻道 國會頻道1台 獲取 72 個節目
2026-07-13 22:22:23.974 | INFO     | __main__:get_tbc_epg:291 - 頻道 國會頻道2台 獲取 72 個節目
2026-07-13 22:22:23.974 | INFO     | __main__:get_tbc_epg:291 - 頻道 幸福空間居家台 獲取 146 個節目
2026-07-13 22:22:23.974 | INFO     | __main__:get_tbc_epg:291 - 頻道 高點育樂台 獲取 148 個節目
2026-07-13 22:22:23.974 | INFO     | __main__:get_tbc_epg:291 - 頻道 台灣綜合台 獲取 144 個節目
2026-07-13 22:22:23.974 | INFO     | __main__:get_tbc_epg:291 - 頻道 大台中生活頻道 獲取 147 個節目
2026-07-13 22:22:23.974 | INFO     | __main__:get_tbc_epg:291 - 頻道 彰化生活台 獲取 144 個節目
2026-07-13 22:22:23.974 | INFO     | __main__:get_tbc_epg:291 - 頻道 唯心電視台 獲取 228 個節目
2026-07-13 22:22:23.974 | INFO     | __main__:get_tbc_epg:291 - 頻道 美麗人生購物台 獲取 144 個節目
2026-07-13 22:22:23.974 | INFO     | __main__:get_tbc_epg:291 - 頻道 大愛二台  獲取 288 個節目
2026-07-13 22:22:23.974 | INFO     | __main__:get_tbc_epg:291 - 頻道 靖天映畫 獲取 78 個節目
2026-07-13 22:22:23.974 | INFO     | __main__:get_tbc_epg:291 - 頻道 靖洋戲劇台 獲取 152 個節目
2026-07-13 22:22:23.974 | INFO     | __main__:get_tbc_epg:291 - 頻道 ROCK Action 獲取 89 個節目
2026-07-13 22:22:23.974 | INFO     | __main__:get_tbc_epg:291 - 頻道 Global Trekker 探索世界  獲取 229 個節目
2026-07-13 22:22:23.974 | INFO     | __main__:get_tbc_epg:291 - 頻道 靖天綜合台 獲取 144 個節目
2026-07-13 22:22:23.974 | INFO     | __main__:get_tbc_epg:291 - 頻道 寶島文化台 獲取 144 個節目
2026-07-13 22:22:23.974 | INFO     | __main__:get_tbc_epg:291 - 頻道 TaiwanPlus 獲取 336 個節目
2026-07-13 22:22:23.974 | INFO     | __main__:get_tbc_epg:291 - 頻道 BBC News 獲取 302 個節目
2026-07-13 22:22:23.974 | INFO     | __main__:get_tbc_epg:291 - 頻道 民視第一台 獲取 199 個節目
2026-07-13 22:22:23.974 | INFO     | __main__:get_tbc_epg:291 - 頻道 民視台灣台 獲取 172 個節目
2026-07-13 22:22:23.974 | INFO     | __main__:get_tbc_epg:291 - 頻道 中視新聞台 獲取 144 個節目
2026-07-13 22:22:23.974 | INFO     | __main__:get_tbc_epg:291 - 頻道 台視新聞台 獲取 153 個節目
2026-07-13 22:22:23.974 | INFO     | __main__:get_tbc_epg:291 - 頻道 台視財經台 獲取 131 個節目
2026-07-13 22:22:23.975 | INFO     | __main__:get_tbc_epg:291 - 頻道 台視綜合台 獲取 147 個節目
2026-07-13 22:22:23.975 | INFO     | __main__:get_tbc_epg:291 - 頻道 彭博財經台 獲取 144 個節目
2026-07-13 22:22:23.975 | INFO     | __main__:get_tbc_epg:291 - 頻道 Channel NewsAsia 獲取 182 個節目
2026-07-13 22:22:23.975 | INFO     | __main__:get_tbc_epg:291 - 頻道 韓國阿里郎 獲取 327 個節目
2026-07-13 22:22:23.975 | INFO     | __main__:get_tbc_epg:291 - 頻道 DREAMWORKS 獲取 357 個節目
2026-07-13 22:22:23.975 | INFO     | __main__:get_tbc_epg:291 - 頻道 Warner TV 獲取 233 個節目
2026-07-13 22:22:23.975 | INFO     | __main__:get_tbc_epg:291 - 頻道 靖天電影台 獲取 86 個節目
2026-07-13 22:22:23.975 | INFO     | __main__:get_tbc_epg:291 - 頻道 CinemaWorld 獲取 93 個節目
2026-07-13 22:22:23.975 | INFO     | __main__:get_tbc_epg:291 - 頻道 HBO HD 獲取 189 個節目
2026-07-13 22:22:23.975 | INFO     | __main__:get_tbc_epg:291 - 頻道 HBO 強檔鉅獻 獲取 92 個節目
2026-07-13 22:22:23.975 | INFO     | __main__:get_tbc_epg:291 - 頻道 HBO 原創鉅獻 獲取 104 個節目
2026-07-13 22:22:23.975 | INFO     | __main__:get_tbc_epg:291 - 頻道 HBO 溫馨家庭 獲取 287 個節目
2026-07-13 22:22:23.975 | INFO     | __main__:get_tbc_epg:291 - 頻道 靖天日本台 獲取 225 個節目
2026-07-13 22:22:23.975 | INFO     | __main__:get_tbc_epg:291 - 頻道 EVE 獲取 246 個節目
2026-07-13 22:22:23.975 | INFO     | __main__:get_tbc_epg:291 - 頻道 tvN 獲取 105 個節目
2026-07-13 22:22:23.975 | INFO     | __main__:get_tbc_epg:291 - 頻道 靖天歡樂台 獲取 150 個節目
2026-07-13 22:22:23.975 | INFO     | __main__:get_tbc_epg:291 - 頻道 HITS 獲取 156 個節目
2026-07-13 22:22:23.975 | INFO     | __main__:get_tbc_epg:291 - 頻道 韓國娛樂台KMTV 獲取 231 個節目
2026-07-13 22:22:23.975 | INFO     | __main__:get_tbc_epg:291 - 頻道 靖天育樂台 獲取 159 個節目
2026-07-13 22:22:23.975 | INFO     | __main__:get_tbc_epg:291 - 頻道 Lifetime 獲取 146 個節目
2026-07-13 22:22:23.975 | INFO     | __main__:get_tbc_epg:291 - 頻道 罪案偵緝頻道 獲取 183 個節目
2026-07-13 22:22:23.975 | INFO     | __main__:get_tbc_epg:291 - 頻道 寵物頻道 獲取 165 個節目
2026-07-13 22:22:23.975 | INFO     | __main__:get_tbc_epg:291 - 頻道 歷史頻道 獲取 167 個節目
2026-07-13 22:22:23.975 | INFO     | __main__:get_tbc_epg:291 - 頻道 Discovery Asia 獲取 203 個節目
2026-07-13 22:22:23.975 | INFO     | __main__:get_tbc_epg:291 - 頻道 Discovery科學頻道 獲取 233 個節目
2026-07-13 22:22:23.975 | INFO     | __main__:get_tbc_epg:291 - 頻道 DMAX 獲取 219 個節目
2026-07-13 22:22:23.976 | INFO     | __main__:get_tbc_epg:291 - 頻道 寰宇新聞台灣台 獲取 150 個節目
2026-07-13 22:22:23.976 | INFO     | __main__:get_tbc_epg:291 - 頻道 亞洲旅遊台 獲取 144 個節目
2026-07-13 22:22:23.976 | INFO     | __main__:get_tbc_epg:291 - 頻道 梅迪奇藝術 獲取 102 個節目
2026-07-13 22:22:23.976 | INFO     | __main__:get_tbc_epg:291 - 頻道 博斯運動二台 獲取 72 個節目
2026-07-13 22:22:23.976 | INFO     | __main__:get_tbc_epg:291 - 頻道 博斯網球台 獲取 52 個節目
2026-07-13 22:22:23.976 | INFO     | __main__:get_tbc_epg:291 - 頻道 博斯無限台 獲取 58 個節目
2026-07-13 22:22:23.976 | INFO     | __main__:get_tbc_epg:291 - 頻道 博斯高球1台 獲取 33 個節目
2026-07-13 22:22:23.976 | INFO     | __main__:get_tbc_epg:291 - 頻道 博斯高球2台 獲取 45 個節目
2026-07-13 22:22:23.976 | INFO     | __main__:get_tbc_epg:291 - 頻道 博斯魅力網 獲取 74 個節目
2026-07-13 22:22:23.976 | INFO     | __main__:get_tbc_epg:291 - 頻道 博斯運動一台 獲取 52 個節目
2026-07-13 22:22:23.976 | INFO     | __main__:get_tbc_epg:291 - 頻道 博斯無限二台 獲取 78 個節目
2026-07-13 22:22:23.976 | INFO     | __main__:get_tbc_epg:291 - 頻道 尼克兒童頻道 獲取 401 個節目
2026-07-13 22:22:23.976 | INFO     | __main__:get_tbc_epg:291 - 頻道 達文西頻道 獲取 589 個節目
2026-07-13 22:22:23.976 | INFO     | __main__:get_tbc_epg:291 - 頻道 CBeebies 獲取 996 個節目
2026-07-13 22:22:23.976 | INFO     | __main__:get_tbc_epg:291 - 頻道 CARTOONITO 獲取 256 個節目
2026-07-13 22:22:23.976 | INFO     | __main__:get_tbc_epg:291 - 頻道 靖洋卡通台 獲取 273 個節目
2026-07-13 22:22:23.976 | INFO     | __main__:get_tbc_epg:291 - 頻道 靖天卡通台 獲取 252 個節目
2026-07-13 22:22:23.976 | INFO     | __main__:get_tbc_epg:291 - 頻道 LOVE NATURE 4K 獲取 168 個節目
2026-07-13 22:22:23.976 | INFO     | __main__:get_tbc_epg:291 - 頻道 ROCK ENTERTAINMENT 獲取 172 個節目
2026-07-13 22:22:23.976 | INFO     | __main__:get_tbc_epg:291 - 頻道 ROCK EXTREME 獲取 148 個節目
2026-07-13 22:22:23.976 | INFO     | __main__:get_tbc_epg:291 - 頻道 彩虹頻道 獲取 164 個節目
2026-07-13 22:22:23.977 | INFO     | __main__:get_tbc_epg:291 - 頻道 彩虹e台 獲取 59 個節目
2026-07-13 22:22:23.977 | INFO     | __main__:get_tbc_epg:291 - 頻道 彩虹電影台 獲取 59 個節目
2026-07-13 22:22:23.977 | INFO     | __main__:get_tbc_epg:291 - 頻道 K 頻道 獲取 73 個節目
2026-07-13 22:22:23.977 | INFO     | __main__:get_tbc_epg:291 - 頻道 松視1台 獲取 72 個節目
2026-07-13 22:22:23.977 | INFO     | __main__:get_tbc_epg:291 - 頻道 松視2台 獲取 72 個節目
2026-07-13 22:22:23.977 | INFO     | __main__:get_tbc_epg:291 - 頻道 松視3台 獲取 88 個節目
2026-07-13 22:22:23.977 | INFO     | __main__:get_tbc_epg:291 - 頻道 松視4台 獲取 116 個節目
2026-07-13 22:22:23.977 | INFO     | __main__:get_tbc_epg:291 - 頻道 潘朵啦高畫質玩美台 獲取 72 個節目
2026-07-13 22:22:23.977 | INFO     | __main__:get_tbc_epg:291 - 頻道 潘朵啦高畫質粉紅台 獲取 78 個節目
2026-07-13 22:22:23.977 | INFO     | __main__:get_tbc_epg:291 - 頻道 JStar極限台電影頻道 獲取 94 個節目
2026-07-13 22:22:23.977 | INFO     | __main__:get_tbc_epg:291 - 頻道 驚豔成人電影台 獲取 67 個節目
2026-07-13 22:22:23.977 | INFO     | __main__:get_tbc_epg:291 - 頻道 香蕉台 獲取 95 個節目
2026-07-13 22:22:23.977 | INFO     | __main__:get_tbc_epg:291 - 頻道 樂活頻道 獲取 102 個節目
2026-07-13 22:22:23.977 | INFO     | __main__:get_tbc_epg:291 - 頻道 玩家頻道 獲取 144 個節目
2026-07-13 22:22:23.978 | INFO     | __main__:get_tbc_epg:291 - 頻道 Happy 獲取 72 個節目
2026-07-13 22:22:23.978 | INFO     | __main__:get_tbc_epg:291 - 頻道 Hot 獲取 144 個節目
2026-07-13 22:22:23.978 | INFO     | __main__:get_tbc_epg:292 - 總計獲取 32247 個節目
2026-07-13 22:22:27.118 | INFO     | __main__:main:361 - EPG 已儲存到 ./output/epg_tbc.xml
2026-07-13 22:22:27.118 | INFO     | __main__:main:363 - ========== 抓取完成 ==========
2026-07-14 02:21:35 | INFO | ==================================================
2026-07-14 02:21:35 | INFO | 開始生成四季線上電子節目單
2026-07-14 02:21:35 | INFO | 輸出目錄: /home/runner/work/EPG/EPG/output
2026-07-14 02:21:36 | SUCCESS | 已更新本地頻道檔案，保存 132 個頻道
2026-07-14 02:21:36 | SUCCESS | 從 API 獲取到 132 個頻道（已跳過 9 個）
2026-07-14 02:21:36 | INFO | 成功加載 132 個頻道
2026-07-14 02:21:55 | INFO | 共獲取 13528 個節目
2026-07-14 02:21:55 | INFO | 電子節目單已生成: /home/runner/work/EPG/EPG/output/4g.xml
2026-07-14 02:21:55 | SUCCESS | EPG 生成完成
2026-07-14 22:13:38.569 | INFO     | __main__:main:350 - ========== 開始抓取 TBC EPG ==========
2026-07-14 22:13:38.569 | INFO     | __main__:get_tbc_epg:246 - 正在獲取TBC EPG
2026-07-14 22:13:42.264 | INFO     | __main__:get_channels_tbc:161 - 成功獲取 233 個頻道
2026-07-14 22:13:42.264 | INFO     | __main__:get_tbc_epg:258 - 正在獲取 2026/07/15 節目表
2026-07-14 22:15:27.143 | INFO     | __main__:get_tbc_epg:258 - 正在獲取 2026/07/16 節目表
2026-07-14 22:17:14.521 | INFO     | __main__:get_tbc_epg:258 - 正在獲取 2026/07/17 節目表
2026-07-14 22:18:59.533 | INFO     | __main__:get_tbc_epg:258 - 正在獲取 2026/07/18 節目表
2026-07-14 22:20:43.944 | INFO     | __main__:get_tbc_epg:258 - 正在獲取 2026/07/19 節目表
2026-07-14 22:22:30.100 | INFO     | __main__:get_tbc_epg:258 - 正在獲取 2026/07/20 節目表
2026-07-14 22:24:11.796 | INFO     | __main__:get_tbc_epg:291 - 頻道 南桃園節目總表 獲取 144 個節目
2026-07-14 22:24:11.796 | INFO     | __main__:get_tbc_epg:291 - 頻道 南桃園公用頻道 獲取 192 個節目
2026-07-14 22:24:11.796 | INFO     | __main__:get_tbc_epg:291 - 頻道 CNN 獲取 186 個節目
2026-07-14 22:24:11.796 | INFO     | __main__:get_tbc_epg:291 - 頻道 民視無線台 獲取 205 個節目
2026-07-14 22:24:11.796 | INFO     | __main__:get_tbc_epg:291 - 頻道 TBC桃園生活台 獲取 240 個節目
2026-07-14 22:24:11.796 | INFO     | __main__:get_tbc_epg:291 - 頻道 台視 獲取 154 個節目
2026-07-14 22:24:11.796 | INFO     | __main__:get_tbc_epg:291 - 頻道 大愛電視台 獲取 376 個節目
2026-07-14 22:24:11.796 | INFO     | __main__:get_tbc_epg:291 - 頻道 中視 獲取 148 個節目
2026-07-14 22:24:11.796 | INFO     | __main__:get_tbc_epg:291 - 頻道 人間衛視 獲取 184 個節目
2026-07-14 22:24:11.796 | INFO     | __main__:get_tbc_epg:291 - 頻道 華視 獲取 143 個節目
2026-07-14 22:24:11.796 | INFO     | __main__:get_tbc_epg:291 - 頻道 公共電視 獲取 207 個節目
2026-07-14 22:24:11.796 | INFO     | __main__:get_tbc_epg:291 - 頻道 公視台語台 獲取 158 個節目
2026-07-14 22:24:11.797 | INFO     | __main__:get_tbc_epg:291 - 頻道 好消息頻道 獲取 274 個節目
2026-07-14 22:24:11.797 | INFO     | __main__:get_tbc_epg:291 - 頻道 原住民頻道 獲取 172 個節目
2026-07-14 22:24:11.797 | INFO     | __main__:get_tbc_epg:291 - 頻道 客家電視台 獲取 225 個節目
2026-07-14 22:24:11.797 | INFO     | __main__:get_tbc_epg:291 - 頻道 BBC Earth 獲取 150 個節目
2026-07-14 22:24:11.797 | INFO     | __main__:get_tbc_epg:291 - 頻道 Discovery 獲取 201 個節目
2026-07-14 22:24:11.797 | INFO     | __main__:get_tbc_epg:291 - 頻道 TLC旅遊生活頻道 獲取 172 個節目
2026-07-14 22:24:11.797 | INFO     | __main__:get_tbc_epg:291 - 頻道 動物星球 獲取 168 個節目
2026-07-14 22:24:11.797 | INFO     | __main__:get_tbc_epg:291 - 頻道 卡通頻道 獲取 203 個節目
2026-07-14 22:24:11.797 | INFO     | __main__:get_tbc_epg:291 - 頻道 小尼克頻道 獲取 439 個節目
2026-07-14 22:24:11.797 | INFO     | __main__:get_tbc_epg:291 - 頻道 MOMO親子台 獲取 217 個節目
2026-07-14 22:24:11.797 | INFO     | __main__:get_tbc_epg:291 - 頻道 東森幼幼台 獲取 370 個節目
2026-07-14 22:24:11.797 | INFO     | __main__:get_tbc_epg:291 - 頻道 緯來綜合台 獲取 139 個節目
2026-07-14 22:24:11.797 | INFO     | __main__:get_tbc_epg:291 - 頻道 八大第一台 獲取 141 個節目
2026-07-14 22:24:11.797 | INFO     | __main__:get_tbc_epg:291 - 頻道 八大綜合台 獲取 156 個節目
2026-07-14 22:24:11.798 | INFO     | __main__:get_tbc_epg:291 - 頻道 三立台灣台 獲取 132 個節目
2026-07-14 22:24:11.798 | INFO     | __main__:get_tbc_epg:291 - 頻道 三立都會台 獲取 135 個節目
2026-07-14 22:24:11.798 | INFO     | __main__:get_tbc_epg:291 - 頻道 華藝中文台 獲取 167 個節目
2026-07-14 22:24:11.798 | INFO     | __main__:get_tbc_epg:291 - 頻道 東森綜合台 獲取 134 個節目
2026-07-14 22:24:11.798 | INFO     | __main__:get_tbc_epg:291 - 頻道 東森超視 獲取 134 個節目
2026-07-14 22:24:11.798 | INFO     | __main__:get_tbc_epg:291 - 頻道 東森購物2台 獲取 144 個節目
2026-07-14 22:24:11.798 | INFO     | __main__:get_tbc_epg:291 - 頻道 MOMO 2台 獲取 144 個節目
2026-07-14 22:24:11.798 | INFO     | __main__:get_tbc_epg:291 - 頻道 中天綜合台 獲取 115 個節目
2026-07-14 22:24:11.798 | INFO     | __main__:get_tbc_epg:291 - 頻道 東風衛視 獲取 152 個節目
2026-07-14 22:24:11.798 | INFO     | __main__:get_tbc_epg:291 - 頻道 年代MUCH TV 獲取 176 個節目
2026-07-14 22:24:11.798 | INFO     | __main__:get_tbc_epg:291 - 頻道 中天娛樂台 獲取 133 個節目
2026-07-14 22:24:11.798 | INFO     | __main__:get_tbc_epg:291 - 頻道 東森戲劇台 獲取 141 個節目
2026-07-14 22:24:11.798 | INFO     | __main__:get_tbc_epg:291 - 頻道 八大戲劇台 獲取 144 個節目
2026-07-14 22:24:11.798 | INFO     | __main__:get_tbc_epg:291 - 頻道 TVBS歡樂台 獲取 141 個節目
2026-07-14 22:24:11.798 | INFO     | __main__:get_tbc_epg:291 - 頻道 緯來戲劇台 獲取 139 個節目
2026-07-14 22:24:11.799 | INFO     | __main__:get_tbc_epg:291 - 頻道 高點電視台 獲取 144 個節目
2026-07-14 22:24:11.799 | INFO     | __main__:get_tbc_epg:291 - 頻道 JET綜合台 獲取 141 個節目
2026-07-14 22:24:11.799 | INFO     | __main__:get_tbc_epg:291 - 頻道 東森購物3台 獲取 144 個節目
2026-07-14 22:24:11.799 | INFO     | __main__:get_tbc_epg:291 - 頻道 東森購物1台 獲取 144 個節目
2026-07-14 22:24:11.799 | INFO     | __main__:get_tbc_epg:291 - 頻道 MOMO 1台 獲取 144 個節目
2026-07-14 22:24:11.799 | INFO     | __main__:get_tbc_epg:291 - 頻道 壹電視新聞台 獲取 113 個節目
2026-07-14 22:24:11.799 | INFO     | __main__:get_tbc_epg:291 - 頻道 年代新聞台 獲取 116 個節目
2026-07-14 22:24:11.799 | INFO     | __main__:get_tbc_epg:291 - 頻道 東森新聞台 獲取 123 個節目
2026-07-14 22:24:11.799 | INFO     | __main__:get_tbc_epg:291 - 頻道 民視新聞台 獲取 142 個節目
2026-07-14 22:24:11.799 | INFO     | __main__:get_tbc_epg:291 - 頻道 三立新聞台 獲取 138 個節目
2026-07-14 22:24:11.799 | INFO     | __main__:get_tbc_epg:291 - 頻道 TVBS 新聞台 獲取 114 個節目
2026-07-14 22:24:11.799 | INFO     | __main__:get_tbc_epg:291 - 頻道 TVBS 獲取 118 個節目
2026-07-14 22:24:11.799 | INFO     | __main__:get_tbc_epg:291 - 頻道 東森財經新聞台 獲取 139 個節目
2026-07-14 22:24:11.799 | INFO     | __main__:get_tbc_epg:291 - 頻道 非凡新聞台 獲取 149 個節目
2026-07-14 22:24:11.799 | INFO     | __main__:get_tbc_epg:291 - 頻道 ViVa1台 獲取 144 個節目
2026-07-14 22:24:11.799 | INFO     | __main__:get_tbc_epg:291 - 頻道 東森購物5台 獲取 144 個節目
2026-07-14 22:24:11.800 | INFO     | __main__:get_tbc_epg:291 - 頻道 CATCHPLAY電影台 獲取 135 個節目
2026-07-14 22:24:11.800 | INFO     | __main__:get_tbc_epg:291 - 頻道 東森電影台 獲取 97 個節目
2026-07-14 22:24:11.800 | INFO     | __main__:get_tbc_epg:291 - 頻道 緯來電影台 獲取 83 個節目
2026-07-14 22:24:11.800 | INFO     | __main__:get_tbc_epg:291 - 頻道 LS Time電影台 獲取 68 個節目
2026-07-14 22:24:11.800 | INFO     | __main__:get_tbc_epg:291 - 頻道 HBO 獲取 89 個節目
2026-07-14 22:24:11.800 | INFO     | __main__:get_tbc_epg:291 - 頻道 東森洋片台 獲取 74 個節目
2026-07-14 22:24:11.800 | INFO     | __main__:get_tbc_epg:291 - 頻道 AXN 獲取 124 個節目
2026-07-14 22:24:11.800 | INFO     | __main__:get_tbc_epg:291 - 頻道 好萊塢電影台 獲取 74 個節目
2026-07-14 22:24:11.800 | INFO     | __main__:get_tbc_epg:291 - 頻道 amc電影台 獲取 102 個節目
2026-07-14 22:24:11.800 | INFO     | __main__:get_tbc_epg:291 - 頻道 緯來育樂台 獲取 134 個節目
2026-07-14 22:24:11.800 | INFO     | __main__:get_tbc_epg:291 - 頻道 CINEMAX 獲取 86 個節目
2026-07-14 22:24:11.800 | INFO     | __main__:get_tbc_epg:291 - 頻道 緯來體育台 獲取 113 個節目
2026-07-14 22:24:11.800 | INFO     | __main__:get_tbc_epg:291 - 頻道 DAZN 1 獲取 89 個節目
2026-07-14 22:24:11.800 | INFO     | __main__:get_tbc_epg:291 - 頻道 DAZN 2 獲取 85 個節目
2026-07-14 22:24:11.800 | INFO     | __main__:get_tbc_epg:291 - 頻道 MOMO綜合台 獲取 151 個節目
2026-07-14 22:24:11.800 | INFO     | __main__:get_tbc_epg:291 - 頻道 緯來日本台 獲取 122 個節目
2026-07-14 22:24:11.800 | INFO     | __main__:get_tbc_epg:291 - 頻道 國興衛視 獲取 191 個節目
2026-07-14 22:24:11.800 | INFO     | __main__:get_tbc_epg:291 - 頻道 BBC Lifestyle 獲取 179 個節目
2026-07-14 22:24:11.800 | INFO     | __main__:get_tbc_epg:291 - 頻道 靖天資訊台 獲取 159 個節目
2026-07-14 22:24:11.800 | INFO     | __main__:get_tbc_epg:291 - 頻道 信吉電視台 獲取 71 個節目
2026-07-14 22:24:11.800 | INFO     | __main__:get_tbc_epg:291 - 頻道 信大電視台 獲取 72 個節目
2026-07-14 22:24:11.800 | INFO     | __main__:get_tbc_epg:291 - 頻道 中台灣生活網頻道 獲取 288 個節目
2026-07-14 22:24:11.800 | INFO     | __main__:get_tbc_epg:291 - 頻道 TBC台中生活台 獲取 288 個節目
2026-07-14 22:24:11.800 | INFO     | __main__:get_tbc_epg:291 - 頻道 鏡電視新聞台 獲取 138 個節目
2026-07-14 22:24:11.800 | INFO     | __main__:get_tbc_epg:291 - 頻道 台灣藝術台 獲取 90 個節目
2026-07-14 22:24:11.801 | INFO     | __main__:get_tbc_epg:291 - 頻道 樂視台 獲取 288 個節目
2026-07-14 22:24:11.801 | INFO     | __main__:get_tbc_epg:291 - 頻道 非凡商業台 獲取 182 個節目
2026-07-14 22:24:11.801 | INFO     | __main__:get_tbc_epg:291 - 頻道 三立財經新聞台 獲取 139 個節目
2026-07-14 22:24:11.801 | INFO     | __main__:get_tbc_epg:291 - 頻道 冠軍電視台 獲取 79 個節目
2026-07-14 22:24:11.801 | INFO     | __main__:get_tbc_epg:291 - 頻道 運通財經綜合台 獲取 288 個節目
2026-07-14 22:24:11.801 | INFO     | __main__:get_tbc_epg:291 - 頻道 SBN全球財經台 獲取 288 個節目
2026-07-14 22:24:11.801 | INFO     | __main__:get_tbc_epg:291 - 頻道 誠心電視台 獲取 72 個節目
2026-07-14 22:24:11.801 | INFO     | __main__:get_tbc_epg:291 - 頻道 NHK 獲取 366 個節目
2026-07-14 22:24:11.801 | INFO     | __main__:get_tbc_epg:291 - 頻道 MTV 獲取 159 個節目
2026-07-14 22:24:11.801 | INFO     | __main__:get_tbc_epg:291 - 頻道 Animax 獲取 288 個節目
2026-07-14 22:24:11.801 | INFO     | __main__:get_tbc_epg:291 - 頻道 霹靂台灣台 獲取 139 個節目
2026-07-14 22:24:11.801 | INFO     | __main__:get_tbc_epg:291 - 頻道 海豚綜合台 獲取 102 個節目
2026-07-14 22:24:11.801 | INFO     | __main__:get_tbc_epg:291 - 頻道 八大娛樂台 獲取 141 個節目
2026-07-14 22:24:11.802 | INFO     | __main__:get_tbc_epg:291 - 頻道 十方法界 獲取 249 個節目
2026-07-14 22:24:11.802 | INFO     | __main__:get_tbc_epg:291 - 頻道 壹電視電影台 獲取 90 個節目
2026-07-14 22:24:11.802 | INFO     | __main__:get_tbc_epg:291 - 頻道 華藏衛視  獲取 167 個節目
2026-07-14 22:24:11.802 | INFO     | __main__:get_tbc_epg:291 - 頻道 壹電視資訊綜合台 獲取 163 個節目
2026-07-14 22:24:11.802 | INFO     | __main__:get_tbc_epg:291 - 頻道 佛衛慈悲台 獲取 185 個節目
2026-07-14 22:24:11.802 | INFO     | __main__:get_tbc_epg:291 - 頻道 紅豆電視台 獲取 84 個節目
2026-07-14 22:24:11.802 | INFO     | __main__:get_tbc_epg:291 - 頻道 全大電視台 獲取 72 個節目
2026-07-14 22:24:11.802 | INFO     | __main__:get_tbc_epg:291 - 頻道 華藝台灣台 獲取 66 個節目
2026-07-14 22:24:11.802 | INFO     | __main__:get_tbc_epg:291 - 頻道 正德電視台 獲取 144 個節目
2026-07-14 22:24:11.802 | INFO     | __main__:get_tbc_epg:291 - 頻道 天良綜合台 獲取 60 個節目
2026-07-14 22:24:11.802 | INFO     | __main__:get_tbc_epg:291 - 頻道 番薯衛星電視台 獲取 24 個節目
2026-07-14 22:24:11.802 | INFO     | __main__:get_tbc_epg:291 - 頻道 富立電視台 獲取 72 個節目
2026-07-14 22:24:11.802 | INFO     | __main__:get_tbc_epg:291 - 頻道 Z頻道 獲取 144 個節目
2026-07-14 22:24:11.803 | INFO     | __main__:get_tbc_epg:291 - 頻道 冠軍夢想台 獲取 72 個節目
2026-07-14 22:24:11.803 | INFO     | __main__:get_tbc_epg:291 - 頻道 新天地民俗台 獲取 144 個節目
2026-07-14 22:24:11.803 | INFO     | __main__:get_tbc_epg:291 - 頻道 三聖電視台 獲取 144 個節目
2026-07-14 22:24:11.803 | INFO     | __main__:get_tbc_epg:291 - 頻道 威達超舜生活台 獲取 90 個節目
2026-07-14 22:24:11.803 | INFO     | __main__:get_tbc_epg:291 - 頻道 天美麗電視台 獲取 48 個節目
2026-07-14 22:24:11.803 | INFO     | __main__:get_tbc_epg:291 - 頻道 大立電視台 獲取 72 個節目
2026-07-14 22:24:11.803 | INFO     | __main__:get_tbc_epg:291 - 頻道 小公視 獲取 245 個節目
2026-07-14 22:24:11.803 | INFO     | __main__:get_tbc_epg:291 - 頻道 華視教育體育文化台 獲取 256 個節目
2026-07-14 22:24:11.803 | INFO     | __main__:get_tbc_epg:291 - 頻道 國會頻道1台 獲取 72 個節目
2026-07-14 22:24:11.803 | INFO     | __main__:get_tbc_epg:291 - 頻道 國會頻道2台 獲取 72 個節目
2026-07-14 22:24:11.803 | INFO     | __main__:get_tbc_epg:291 - 頻道 幸福空間居家台 獲取 146 個節目
2026-07-14 22:24:11.803 | INFO     | __main__:get_tbc_epg:291 - 頻道 高點育樂台 獲取 148 個節目
2026-07-14 22:24:11.803 | INFO     | __main__:get_tbc_epg:291 - 頻道 台灣綜合台 獲取 144 個節目
2026-07-14 22:24:11.804 | INFO     | __main__:get_tbc_epg:291 - 頻道 大台中生活頻道 獲取 147 個節目
2026-07-14 22:24:11.804 | INFO     | __main__:get_tbc_epg:291 - 頻道 彰化生活台 獲取 144 個節目
2026-07-14 22:24:11.804 | INFO     | __main__:get_tbc_epg:291 - 頻道 唯心電視台 獲取 228 個節目
2026-07-14 22:24:11.804 | INFO     | __main__:get_tbc_epg:291 - 頻道 美麗人生購物台 獲取 144 個節目
2026-07-14 22:24:11.804 | INFO     | __main__:get_tbc_epg:291 - 頻道 大愛二台  獲取 288 個節目
2026-07-14 22:24:11.804 | INFO     | __main__:get_tbc_epg:291 - 頻道 靖天映畫 獲取 78 個節目
2026-07-14 22:24:11.804 | INFO     | __main__:get_tbc_epg:291 - 頻道 靖洋戲劇台 獲取 152 個節目
2026-07-14 22:24:11.804 | INFO     | __main__:get_tbc_epg:291 - 頻道 ROCK Action 獲取 88 個節目
2026-07-14 22:24:11.804 | INFO     | __main__:get_tbc_epg:291 - 頻道 Global Trekker 探索世界  獲取 236 個節目
2026-07-14 22:24:11.804 | INFO     | __main__:get_tbc_epg:291 - 頻道 靖天綜合台 獲取 144 個節目
2026-07-14 22:24:11.804 | INFO     | __main__:get_tbc_epg:291 - 頻道 寶島文化台 獲取 144 個節目
2026-07-14 22:24:11.804 | INFO     | __main__:get_tbc_epg:291 - 頻道 TaiwanPlus 獲取 342 個節目
2026-07-14 22:24:11.804 | INFO     | __main__:get_tbc_epg:291 - 頻道 BBC News 獲取 300 個節目
2026-07-14 22:24:11.805 | INFO     | __main__:get_tbc_epg:291 - 頻道 民視第一台 獲取 198 個節目
2026-07-14 22:24:11.805 | INFO     | __main__:get_tbc_epg:291 - 頻道 民視台灣台 獲取 173 個節目
2026-07-14 22:24:11.805 | INFO     | __main__:get_tbc_epg:291 - 頻道 中視新聞台 獲取 144 個節目
2026-07-14 22:24:11.805 | INFO     | __main__:get_tbc_epg:291 - 頻道 台視新聞台 獲取 154 個節目
2026-07-14 22:24:11.805 | INFO     | __main__:get_tbc_epg:291 - 頻道 台視財經台 獲取 130 個節目
2026-07-14 22:24:11.805 | INFO     | __main__:get_tbc_epg:291 - 頻道 台視綜合台 獲取 147 個節目
2026-07-14 22:24:11.805 | INFO     | __main__:get_tbc_epg:291 - 頻道 彭博財經台 獲取 150 個節目
2026-07-14 22:24:11.805 | INFO     | __main__:get_tbc_epg:291 - 頻道 Channel NewsAsia 獲取 186 個節目
2026-07-14 22:24:11.805 | INFO     | __main__:get_tbc_epg:291 - 頻道 韓國阿里郎 獲取 322 個節目
2026-07-14 22:24:11.805 | INFO     | __main__:get_tbc_epg:291 - 頻道 DREAMWORKS 獲取 360 個節目
2026-07-14 22:24:11.805 | INFO     | __main__:get_tbc_epg:291 - 頻道 Warner TV 獲取 233 個節目
2026-07-14 22:24:11.805 | INFO     | __main__:get_tbc_epg:291 - 頻道 靖天電影台 獲取 86 個節目
2026-07-14 22:24:11.805 | INFO     | __main__:get_tbc_epg:291 - 頻道 CinemaWorld 獲取 94 個節目
2026-07-14 22:24:11.806 | INFO     | __main__:get_tbc_epg:291 - 頻道 HBO HD 獲取 187 個節目
2026-07-14 22:24:11.806 | INFO     | __main__:get_tbc_epg:291 - 頻道 HBO 強檔鉅獻 獲取 93 個節目
2026-07-14 22:24:11.806 | INFO     | __main__:get_tbc_epg:291 - 頻道 HBO 原創鉅獻 獲取 102 個節目
2026-07-14 22:24:11.806 | INFO     | __main__:get_tbc_epg:291 - 頻道 HBO 溫馨家庭 獲取 292 個節目
2026-07-14 22:24:11.806 | INFO     | __main__:get_tbc_epg:291 - 頻道 靖天日本台 獲取 226 個節目
2026-07-14 22:24:11.806 | INFO     | __main__:get_tbc_epg:291 - 頻道 EVE 獲取 247 個節目
2026-07-14 22:24:11.806 | INFO     | __main__:get_tbc_epg:291 - 頻道 tvN 獲取 105 個節目
2026-07-14 22:24:11.806 | INFO     | __main__:get_tbc_epg:291 - 頻道 靖天歡樂台 獲取 150 個節目
2026-07-14 22:24:11.806 | INFO     | __main__:get_tbc_epg:291 - 頻道 HITS 獲取 153 個節目
2026-07-14 22:24:11.806 | INFO     | __main__:get_tbc_epg:291 - 頻道 韓國娛樂台KMTV 獲取 230 個節目
2026-07-14 22:24:11.806 | INFO     | __main__:get_tbc_epg:291 - 頻道 靖天育樂台 獲取 159 個節目
2026-07-14 22:24:11.807 | INFO     | __main__:get_tbc_epg:291 - 頻道 Lifetime 獲取 145 個節目
2026-07-14 22:24:11.807 | INFO     | __main__:get_tbc_epg:291 - 頻道 罪案偵緝頻道 獲取 185 個節目
2026-07-14 22:24:11.807 | INFO     | __main__:get_tbc_epg:291 - 頻道 寵物頻道 獲取 164 個節目
2026-07-14 22:24:11.807 | INFO     | __main__:get_tbc_epg:291 - 頻道 歷史頻道 獲取 163 個節目
2026-07-14 22:24:11.807 | INFO     | __main__:get_tbc_epg:291 - 頻道 Discovery Asia 獲取 202 個節目
2026-07-14 22:24:11.807 | INFO     | __main__:get_tbc_epg:291 - 頻道 Discovery科學頻道 獲取 237 個節目
2026-07-14 22:24:11.807 | INFO     | __main__:get_tbc_epg:291 - 頻道 DMAX 獲取 219 個節目
2026-07-14 22:24:11.807 | INFO     | __main__:get_tbc_epg:291 - 頻道 寰宇新聞台灣台 獲取 150 個節目
2026-07-14 22:24:11.807 | INFO     | __main__:get_tbc_epg:291 - 頻道 亞洲旅遊台 獲取 144 個節目
2026-07-14 22:24:11.807 | INFO     | __main__:get_tbc_epg:291 - 頻道 梅迪奇藝術 獲取 102 個節目
2026-07-14 22:24:11.807 | INFO     | __main__:get_tbc_epg:291 - 頻道 博斯運動二台 獲取 72 個節目
2026-07-14 22:24:11.808 | INFO     | __main__:get_tbc_epg:291 - 頻道 博斯網球台 獲取 55 個節目
2026-07-14 22:24:11.808 | INFO     | __main__:get_tbc_epg:291 - 頻道 博斯無限台 獲取 56 個節目
2026-07-14 22:24:11.808 | INFO     | __main__:get_tbc_epg:291 - 頻道 博斯高球1台 獲取 30 個節目
2026-07-14 22:24:11.808 | INFO     | __main__:get_tbc_epg:291 - 頻道 博斯高球2台 獲取 49 個節目
2026-07-14 22:24:11.808 | INFO     | __main__:get_tbc_epg:291 - 頻道 博斯魅力網 獲取 76 個節目
2026-07-14 22:24:11.808 | INFO     | __main__:get_tbc_epg:291 - 頻道 博斯運動一台 獲取 50 個節目
2026-07-14 22:24:11.808 | INFO     | __main__:get_tbc_epg:291 - 頻道 博斯無限二台 獲取 85 個節目
2026-07-14 22:24:11.808 | INFO     | __main__:get_tbc_epg:291 - 頻道 尼克兒童頻道 獲取 401 個節目
2026-07-14 22:24:11.808 | INFO     | __main__:get_tbc_epg:291 - 頻道 達文西頻道 獲取 591 個節目
2026-07-14 22:24:11.808 | INFO     | __main__:get_tbc_epg:291 - 頻道 CBeebies 獲取 1001 個節目
2026-07-14 22:24:11.808 | INFO     | __main__:get_tbc_epg:291 - 頻道 CARTOONITO 獲取 255 個節目
2026-07-14 22:24:11.809 | INFO     | __main__:get_tbc_epg:291 - 頻道 靖洋卡通台 獲取 273 個節目
2026-07-14 22:24:11.809 | INFO     | __main__:get_tbc_epg:291 - 頻道 靖天卡通台 獲取 252 個節目
2026-07-14 22:24:11.809 | INFO     | __main__:get_tbc_epg:291 - 頻道 LOVE NATURE 4K 獲取 168 個節目
2026-07-14 22:24:11.809 | INFO     | __main__:get_tbc_epg:291 - 頻道 ROCK ENTERTAINMENT 獲取 169 個節目
2026-07-14 22:24:11.809 | INFO     | __main__:get_tbc_epg:291 - 頻道 ROCK EXTREME 獲取 145 個節目
2026-07-14 22:24:11.809 | INFO     | __main__:get_tbc_epg:291 - 頻道 彩虹頻道 獲取 160 個節目
2026-07-14 22:24:11.809 | INFO     | __main__:get_tbc_epg:291 - 頻道 彩虹e台 獲取 59 個節目
2026-07-14 22:24:11.809 | INFO     | __main__:get_tbc_epg:291 - 頻道 彩虹電影台 獲取 59 個節目
2026-07-14 22:24:11.809 | INFO     | __main__:get_tbc_epg:291 - 頻道 K 頻道 獲取 72 個節目
2026-07-14 22:24:11.809 | INFO     | __main__:get_tbc_epg:291 - 頻道 松視1台 獲取 72 個節目
2026-07-14 22:24:11.809 | INFO     | __main__:get_tbc_epg:291 - 頻道 松視2台 獲取 72 個節目
2026-07-14 22:24:11.810 | INFO     | __main__:get_tbc_epg:291 - 頻道 松視3台 獲取 91 個節目
2026-07-14 22:24:11.810 | INFO     | __main__:get_tbc_epg:291 - 頻道 松視4台 獲取 118 個節目
2026-07-14 22:24:11.810 | INFO     | __main__:get_tbc_epg:291 - 頻道 潘朵啦高畫質玩美台 獲取 72 個節目
2026-07-14 22:24:11.810 | INFO     | __main__:get_tbc_epg:291 - 頻道 潘朵啦高畫質粉紅台 獲取 78 個節目
2026-07-14 22:24:11.810 | INFO     | __main__:get_tbc_epg:291 - 頻道 JStar極限台電影頻道 獲取 94 個節目
2026-07-14 22:24:11.810 | INFO     | __main__:get_tbc_epg:291 - 頻道 驚豔成人電影台 獲取 64 個節目
2026-07-14 22:24:11.810 | INFO     | __main__:get_tbc_epg:291 - 頻道 香蕉台 獲取 96 個節目
2026-07-14 22:24:11.810 | INFO     | __main__:get_tbc_epg:291 - 頻道 樂活頻道 獲取 102 個節目
2026-07-14 22:24:11.810 | INFO     | __main__:get_tbc_epg:291 - 頻道 玩家頻道 獲取 144 個節目
2026-07-14 22:24:11.810 | INFO     | __main__:get_tbc_epg:291 - 頻道 Happy 獲取 72 個節目
2026-07-14 22:24:11.810 | INFO     | __main__:get_tbc_epg:291 - 頻道 Hot 獲取 144 個節目
2026-07-14 22:24:11.811 | INFO     | __main__:get_tbc_epg:292 - 總計獲取 32222 個節目
2026-07-14 22:24:15.008 | INFO     | __main__:main:361 - EPG 已儲存到 ./output/epg_tbc.xml
2026-07-14 22:24:15.008 | INFO     | __main__:main:363 - ========== 抓取完成 ==========
2026-07-15 02:15:39 | INFO | ==================================================
2026-07-15 02:15:39 | INFO | 開始生成四季線上電子節目單
2026-07-15 02:15:39 | INFO | 輸出目錄: /home/runner/work/EPG/EPG/output
2026-07-15 02:15:39 | SUCCESS | 已更新本地頻道檔案，保存 132 個頻道
2026-07-15 02:15:39 | SUCCESS | 從 API 獲取到 132 個頻道（已跳過 9 個）
2026-07-15 02:15:39 | INFO | 成功加載 132 個頻道
2026-07-15 02:15:59 | INFO | 共獲取 13464 個節目
2026-07-15 02:16:00 | INFO | 電子節目單已生成: /home/runner/work/EPG/EPG/output/4g.xml
2026-07-15 02:16:00 | SUCCESS | EPG 生成完成
2026-07-15 22:14:25.628 | INFO     | __main__:main:350 - ========== 開始抓取 TBC EPG ==========
2026-07-15 22:14:25.628 | INFO     | __main__:get_tbc_epg:246 - 正在獲取TBC EPG
2026-07-15 22:14:30.109 | INFO     | __main__:get_channels_tbc:161 - 成功獲取 233 個頻道
2026-07-15 22:14:30.109 | INFO     | __main__:get_tbc_epg:258 - 正在獲取 2026/07/16 節目表
2026-07-15 22:16:17.509 | INFO     | __main__:get_tbc_epg:258 - 正在獲取 2026/07/17 節目表
2026-07-15 22:18:04.135 | INFO     | __main__:get_tbc_epg:258 - 正在獲取 2026/07/18 節目表
2026-07-15 22:19:54.252 | INFO     | __main__:get_tbc_epg:258 - 正在獲取 2026/07/19 節目表
2026-07-15 22:21:40.218 | INFO     | __main__:get_tbc_epg:258 - 正在獲取 2026/07/20 節目表
2026-07-15 22:23:25.074 | INFO     | __main__:get_tbc_epg:258 - 正在獲取 2026/07/21 節目表
2026-07-15 22:25:05.375 | INFO     | __main__:get_tbc_epg:291 - 頻道 南桃園節目總表 獲取 144 個節目
2026-07-15 22:25:05.375 | INFO     | __main__:get_tbc_epg:291 - 頻道 南桃園公用頻道 獲取 192 個節目
2026-07-15 22:25:05.375 | INFO     | __main__:get_tbc_epg:291 - 頻道 CNN 獲取 185 個節目
2026-07-15 22:25:05.376 | INFO     | __main__:get_tbc_epg:291 - 頻道 民視無線台 獲取 205 個節目
2026-07-15 22:25:05.376 | INFO     | __main__:get_tbc_epg:291 - 頻道 TBC桃園生活台 獲取 240 個節目
2026-07-15 22:25:05.376 | INFO     | __main__:get_tbc_epg:291 - 頻道 台視 獲取 155 個節目
2026-07-15 22:25:05.376 | INFO     | __main__:get_tbc_epg:291 - 頻道 大愛電視台 獲取 376 個節目
2026-07-15 22:25:05.376 | INFO     | __main__:get_tbc_epg:291 - 頻道 中視 獲取 148 個節目
2026-07-15 22:25:05.376 | INFO     | __main__:get_tbc_epg:291 - 頻道 人間衛視 獲取 184 個節目
2026-07-15 22:25:05.376 | INFO     | __main__:get_tbc_epg:291 - 頻道 華視 獲取 144 個節目
2026-07-15 22:25:05.376 | INFO     | __main__:get_tbc_epg:291 - 頻道 公共電視 獲取 208 個節目
2026-07-15 22:25:05.376 | INFO     | __main__:get_tbc_epg:291 - 頻道 公視台語台 獲取 158 個節目
2026-07-15 22:25:05.376 | INFO     | __main__:get_tbc_epg:291 - 頻道 好消息頻道 獲取 276 個節目
2026-07-15 22:25:05.376 | INFO     | __main__:get_tbc_epg:291 - 頻道 原住民頻道 獲取 172 個節目
2026-07-15 22:25:05.376 | INFO     | __main__:get_tbc_epg:291 - 頻道 客家電視台 獲取 225 個節目
2026-07-15 22:25:05.376 | INFO     | __main__:get_tbc_epg:291 - 頻道 BBC Earth 獲取 148 個節目
2026-07-15 22:25:05.376 | INFO     | __main__:get_tbc_epg:291 - 頻道 Discovery 獲取 202 個節目
2026-07-15 22:25:05.376 | INFO     | __main__:get_tbc_epg:291 - 頻道 TLC旅遊生活頻道 獲取 166 個節目
2026-07-15 22:25:05.376 | INFO     | __main__:get_tbc_epg:291 - 頻道 動物星球 獲取 168 個節目
2026-07-15 22:25:05.376 | INFO     | __main__:get_tbc_epg:291 - 頻道 卡通頻道 獲取 204 個節目
2026-07-15 22:25:05.377 | INFO     | __main__:get_tbc_epg:291 - 頻道 小尼克頻道 獲取 439 個節目
2026-07-15 22:25:05.377 | INFO     | __main__:get_tbc_epg:291 - 頻道 MOMO親子台 獲取 218 個節目
2026-07-15 22:25:05.377 | INFO     | __main__:get_tbc_epg:291 - 頻道 東森幼幼台 獲取 370 個節目
2026-07-15 22:25:05.377 | INFO     | __main__:get_tbc_epg:291 - 頻道 緯來綜合台 獲取 139 個節目
2026-07-15 22:25:05.377 | INFO     | __main__:get_tbc_epg:291 - 頻道 八大第一台 獲取 141 個節目
2026-07-15 22:25:05.377 | INFO     | __main__:get_tbc_epg:291 - 頻道 八大綜合台 獲取 154 個節目
2026-07-15 22:25:05.377 | INFO     | __main__:get_tbc_epg:291 - 頻道 三立台灣台 獲取 132 個節目
2026-07-15 22:25:05.377 | INFO     | __main__:get_tbc_epg:291 - 頻道 三立都會台 獲取 135 個節目
2026-07-15 22:25:05.377 | INFO     | __main__:get_tbc_epg:291 - 頻道 華藝中文台 獲取 166 個節目
2026-07-15 22:25:05.377 | INFO     | __main__:get_tbc_epg:291 - 頻道 東森綜合台 獲取 133 個節目
2026-07-15 22:25:05.377 | INFO     | __main__:get_tbc_epg:291 - 頻道 東森超視 獲取 135 個節目
2026-07-15 22:25:05.377 | INFO     | __main__:get_tbc_epg:291 - 頻道 東森購物2台 獲取 144 個節目
2026-07-15 22:25:05.377 | INFO     | __main__:get_tbc_epg:291 - 頻道 MOMO 2台 獲取 144 個節目
2026-07-15 22:25:05.377 | INFO     | __main__:get_tbc_epg:291 - 頻道 中天綜合台 獲取 115 個節目
2026-07-15 22:25:05.377 | INFO     | __main__:get_tbc_epg:291 - 頻道 東風衛視 獲取 153 個節目
2026-07-15 22:25:05.377 | INFO     | __main__:get_tbc_epg:291 - 頻道 年代MUCH TV 獲取 176 個節目
2026-07-15 22:25:05.378 | INFO     | __main__:get_tbc_epg:291 - 頻道 中天娛樂台 獲取 133 個節目
2026-07-15 22:25:05.378 | INFO     | __main__:get_tbc_epg:291 - 頻道 東森戲劇台 獲取 141 個節目
2026-07-15 22:25:05.378 | INFO     | __main__:get_tbc_epg:291 - 頻道 八大戲劇台 獲取 144 個節目
2026-07-15 22:25:05.378 | INFO     | __main__:get_tbc_epg:291 - 頻道 TVBS歡樂台 獲取 141 個節目
2026-07-15 22:25:05.378 | INFO     | __main__:get_tbc_epg:291 - 頻道 緯來戲劇台 獲取 139 個節目
2026-07-15 22:25:05.378 | INFO     | __main__:get_tbc_epg:291 - 頻道 高點電視台 獲取 144 個節目
2026-07-15 22:25:05.378 | INFO     | __main__:get_tbc_epg:291 - 頻道 JET綜合台 獲取 141 個節目
2026-07-15 22:25:05.378 | INFO     | __main__:get_tbc_epg:291 - 頻道 東森購物3台 獲取 144 個節目
2026-07-15 22:25:05.378 | INFO     | __main__:get_tbc_epg:291 - 頻道 東森購物1台 獲取 144 個節目
2026-07-15 22:25:05.378 | INFO     | __main__:get_tbc_epg:291 - 頻道 MOMO 1台 獲取 144 個節目
2026-07-15 22:25:05.378 | INFO     | __main__:get_tbc_epg:291 - 頻道 壹電視新聞台 獲取 113 個節目
2026-07-15 22:25:05.378 | INFO     | __main__:get_tbc_epg:291 - 頻道 年代新聞台 獲取 116 個節目
2026-07-15 22:25:05.378 | INFO     | __main__:get_tbc_epg:291 - 頻道 東森新聞台 獲取 124 個節目
2026-07-15 22:25:05.378 | INFO     | __main__:get_tbc_epg:291 - 頻道 民視新聞台 獲取 142 個節目
2026-07-15 22:25:05.378 | INFO     | __main__:get_tbc_epg:291 - 頻道 三立新聞台 獲取 138 個節目
2026-07-15 22:25:05.378 | INFO     | __main__:get_tbc_epg:291 - 頻道 TVBS 新聞台 獲取 114 個節目
2026-07-15 22:25:05.378 | INFO     | __main__:get_tbc_epg:291 - 頻道 TVBS 獲取 118 個節目
2026-07-15 22:25:05.379 | INFO     | __main__:get_tbc_epg:291 - 頻道 東森財經新聞台 獲取 139 個節目
2026-07-15 22:25:05.379 | INFO     | __main__:get_tbc_epg:291 - 頻道 非凡新聞台 獲取 149 個節目
2026-07-15 22:25:05.379 | INFO     | __main__:get_tbc_epg:291 - 頻道 ViVa1台 獲取 144 個節目
2026-07-15 22:25:05.379 | INFO     | __main__:get_tbc_epg:291 - 頻道 東森購物5台 獲取 144 個節目
2026-07-15 22:25:05.379 | INFO     | __main__:get_tbc_epg:291 - 頻道 CATCHPLAY電影台 獲取 135 個節目
2026-07-15 22:25:05.379 | INFO     | __main__:get_tbc_epg:291 - 頻道 東森電影台 獲取 97 個節目
2026-07-15 22:25:05.379 | INFO     | __main__:get_tbc_epg:291 - 頻道 緯來電影台 獲取 83 個節目
2026-07-15 22:25:05.379 | INFO     | __main__:get_tbc_epg:291 - 頻道 LS Time電影台 獲取 67 個節目
2026-07-15 22:25:05.379 | INFO     | __main__:get_tbc_epg:291 - 頻道 HBO 獲取 90 個節目
2026-07-15 22:25:05.379 | INFO     | __main__:get_tbc_epg:291 - 頻道 東森洋片台 獲取 73 個節目
2026-07-15 22:25:05.379 | INFO     | __main__:get_tbc_epg:291 - 頻道 AXN 獲取 124 個節目
2026-07-15 22:25:05.379 | INFO     | __main__:get_tbc_epg:291 - 頻道 好萊塢電影台 獲取 75 個節目
2026-07-15 22:25:05.379 | INFO     | __main__:get_tbc_epg:291 - 頻道 amc電影台 獲取 102 個節目
2026-07-15 22:25:05.379 | INFO     | __main__:get_tbc_epg:291 - 頻道 緯來育樂台 獲取 134 個節目
2026-07-15 22:25:05.379 | INFO     | __main__:get_tbc_epg:291 - 頻道 CINEMAX 獲取 90 個節目
2026-07-15 22:25:05.379 | INFO     | __main__:get_tbc_epg:291 - 頻道 緯來體育台 獲取 116 個節目
2026-07-15 22:25:05.379 | INFO     | __main__:get_tbc_epg:291 - 頻道 DAZN 1 獲取 89 個節目
2026-07-15 22:25:05.380 | INFO     | __main__:get_tbc_epg:291 - 頻道 DAZN 2 獲取 85 個節目
2026-07-15 22:25:05.380 | INFO     | __main__:get_tbc_epg:291 - 頻道 MOMO綜合台 獲取 151 個節目
2026-07-15 22:25:05.380 | INFO     | __main__:get_tbc_epg:291 - 頻道 緯來日本台 獲取 122 個節目
2026-07-15 22:25:05.380 | INFO     | __main__:get_tbc_epg:291 - 頻道 國興衛視 獲取 192 個節目
2026-07-15 22:25:05.380 | INFO     | __main__:get_tbc_epg:291 - 頻道 BBC Lifestyle 獲取 183 個節目
2026-07-15 22:25:05.380 | INFO     | __main__:get_tbc_epg:291 - 頻道 靖天資訊台 獲取 159 個節目
2026-07-15 22:25:05.380 | INFO     | __main__:get_tbc_epg:291 - 頻道 信吉電視台 獲取 71 個節目
2026-07-15 22:25:05.380 | INFO     | __main__:get_tbc_epg:291 - 頻道 信大電視台 獲取 72 個節目
2026-07-15 22:25:05.380 | INFO     | __main__:get_tbc_epg:291 - 頻道 中台灣生活網頻道 獲取 288 個節目
2026-07-15 22:25:05.380 | INFO     | __main__:get_tbc_epg:291 - 頻道 TBC台中生活台 獲取 288 個節目
2026-07-15 22:25:05.380 | INFO     | __main__:get_tbc_epg:291 - 頻道 鏡電視新聞台 獲取 138 個節目
2026-07-15 22:25:05.380 | INFO     | __main__:get_tbc_epg:291 - 頻道 台灣藝術台 獲取 90 個節目
2026-07-15 22:25:05.380 | INFO     | __main__:get_tbc_epg:291 - 頻道 樂視台 獲取 288 個節目
2026-07-15 22:25:05.380 | INFO     | __main__:get_tbc_epg:291 - 頻道 非凡商業台 獲取 181 個節目
2026-07-15 22:25:05.380 | INFO     | __main__:get_tbc_epg:291 - 頻道 三立財經新聞台 獲取 139 個節目
2026-07-15 22:25:05.380 | INFO     | __main__:get_tbc_epg:291 - 頻道 冠軍電視台 獲取 79 個節目
2026-07-15 22:25:05.381 | INFO     | __main__:get_tbc_epg:291 - 頻道 運通財經綜合台 獲取 288 個節目
2026-07-15 22:25:05.381 | INFO     | __main__:get_tbc_epg:291 - 頻道 SBN全球財經台 獲取 288 個節目
2026-07-15 22:25:05.381 | INFO     | __main__:get_tbc_epg:291 - 頻道 誠心電視台 獲取 72 個節目
2026-07-15 22:25:05.381 | INFO     | __main__:get_tbc_epg:291 - 頻道 NHK 獲取 382 個節目
2026-07-15 22:25:05.381 | INFO     | __main__:get_tbc_epg:291 - 頻道 MTV 獲取 159 個節目
2026-07-15 22:25:05.381 | INFO     | __main__:get_tbc_epg:291 - 頻道 Animax 獲取 288 個節目
2026-07-15 22:25:05.381 | INFO     | __main__:get_tbc_epg:291 - 頻道 霹靂台灣台 獲取 139 個節目
2026-07-15 22:25:05.381 | INFO     | __main__:get_tbc_epg:291 - 頻道 海豚綜合台 獲取 102 個節目
2026-07-15 22:25:05.381 | INFO     | __main__:get_tbc_epg:291 - 頻道 八大娛樂台 獲取 141 個節目
2026-07-15 22:25:05.381 | INFO     | __main__:get_tbc_epg:291 - 頻道 十方法界 獲取 249 個節目
2026-07-15 22:25:05.381 | INFO     | __main__:get_tbc_epg:291 - 頻道 壹電視電影台 獲取 91 個節目
2026-07-15 22:25:05.381 | INFO     | __main__:get_tbc_epg:291 - 頻道 華藏衛視  獲取 167 個節目
2026-07-15 22:25:05.381 | INFO     | __main__:get_tbc_epg:291 - 頻道 壹電視資訊綜合台 獲取 165 個節目
2026-07-15 22:25:05.381 | INFO     | __main__:get_tbc_epg:291 - 頻道 佛衛慈悲台 獲取 186 個節目
2026-07-15 22:25:05.381 | INFO     | __main__:get_tbc_epg:291 - 頻道 紅豆電視台 獲取 84 個節目
2026-07-15 22:25:05.381 | INFO     | __main__:get_tbc_epg:291 - 頻道 全大電視台 獲取 72 個節目
2026-07-15 22:25:05.381 | INFO     | __main__:get_tbc_epg:291 - 頻道 華藝台灣台 獲取 66 個節目
2026-07-15 22:25:05.382 | INFO     | __main__:get_tbc_epg:291 - 頻道 正德電視台 獲取 144 個節目
2026-07-15 22:25:05.382 | INFO     | __main__:get_tbc_epg:291 - 頻道 天良綜合台 獲取 60 個節目
2026-07-15 22:25:05.382 | INFO     | __main__:get_tbc_epg:291 - 頻道 番薯衛星電視台 獲取 24 個節目
2026-07-15 22:25:05.382 | INFO     | __main__:get_tbc_epg:291 - 頻道 富立電視台 獲取 72 個節目
2026-07-15 22:25:05.382 | INFO     | __main__:get_tbc_epg:291 - 頻道 Z頻道 獲取 144 個節目
2026-07-15 22:25:05.382 | INFO     | __main__:get_tbc_epg:291 - 頻道 冠軍夢想台 獲取 72 個節目
2026-07-15 22:25:05.382 | INFO     | __main__:get_tbc_epg:291 - 頻道 新天地民俗台 獲取 144 個節目
2026-07-15 22:25:05.382 | INFO     | __main__:get_tbc_epg:291 - 頻道 三聖電視台 獲取 144 個節目
2026-07-15 22:25:05.382 | INFO     | __main__:get_tbc_epg:291 - 頻道 威達超舜生活台 獲取 90 個節目
2026-07-15 22:25:05.382 | INFO     | __main__:get_tbc_epg:291 - 頻道 天美麗電視台 獲取 48 個節目
2026-07-15 22:25:05.382 | INFO     | __main__:get_tbc_epg:291 - 頻道 大立電視台 獲取 72 個節目
2026-07-15 22:25:05.382 | INFO     | __main__:get_tbc_epg:291 - 頻道 小公視 獲取 245 個節目
2026-07-15 22:25:05.382 | INFO     | __main__:get_tbc_epg:291 - 頻道 華視教育體育文化台 獲取 254 個節目
2026-07-15 22:25:05.382 | INFO     | __main__:get_tbc_epg:291 - 頻道 國會頻道1台 獲取 72 個節目
2026-07-15 22:25:05.382 | INFO     | __main__:get_tbc_epg:291 - 頻道 國會頻道2台 獲取 72 個節目
2026-07-15 22:25:05.382 | INFO     | __main__:get_tbc_epg:291 - 頻道 幸福空間居家台 獲取 146 個節目
2026-07-15 22:25:05.383 | INFO     | __main__:get_tbc_epg:291 - 頻道 高點育樂台 獲取 148 個節目
2026-07-15 22:25:05.383 | INFO     | __main__:get_tbc_epg:291 - 頻道 台灣綜合台 獲取 144 個節目
2026-07-15 22:25:05.383 | INFO     | __main__:get_tbc_epg:291 - 頻道 大台中生活頻道 獲取 147 個節目
2026-07-15 22:25:05.383 | INFO     | __main__:get_tbc_epg:291 - 頻道 彰化生活台 獲取 144 個節目
2026-07-15 22:25:05.383 | INFO     | __main__:get_tbc_epg:291 - 頻道 唯心電視台 獲取 228 個節目
2026-07-15 22:25:05.383 | INFO     | __main__:get_tbc_epg:291 - 頻道 美麗人生購物台 獲取 144 個節目
2026-07-15 22:25:05.383 | INFO     | __main__:get_tbc_epg:291 - 頻道 大愛二台  獲取 288 個節目
2026-07-15 22:25:05.383 | INFO     | __main__:get_tbc_epg:291 - 頻道 靖天映畫 獲取 78 個節目
2026-07-15 22:25:05.383 | INFO     | __main__:get_tbc_epg:291 - 頻道 靖洋戲劇台 獲取 152 個節目
2026-07-15 22:25:05.383 | INFO     | __main__:get_tbc_epg:291 - 頻道 ROCK Action 獲取 88 個節目
2026-07-15 22:25:05.383 | INFO     | __main__:get_tbc_epg:291 - 頻道 Global Trekker 探索世界  獲取 242 個節目
2026-07-15 22:25:05.383 | INFO     | __main__:get_tbc_epg:291 - 頻道 靖天綜合台 獲取 144 個節目
2026-07-15 22:25:05.383 | INFO     | __main__:get_tbc_epg:291 - 頻道 寶島文化台 獲取 144 個節目
2026-07-15 22:25:05.383 | INFO     | __main__:get_tbc_epg:291 - 頻道 TaiwanPlus 獲取 347 個節目
2026-07-15 22:25:05.383 | INFO     | __main__:get_tbc_epg:291 - 頻道 BBC News 獲取 300 個節目
2026-07-15 22:25:05.383 | INFO     | __main__:get_tbc_epg:291 - 頻道 民視第一台 獲取 197 個節目
2026-07-15 22:25:05.383 | INFO     | __main__:get_tbc_epg:291 - 頻道 民視台灣台 獲取 172 個節目
2026-07-15 22:25:05.384 | INFO     | __main__:get_tbc_epg:291 - 頻道 中視新聞台 獲取 144 個節目
2026-07-15 22:25:05.384 | INFO     | __main__:get_tbc_epg:291 - 頻道 台視新聞台 獲取 152 個節目
2026-07-15 22:25:05.384 | INFO     | __main__:get_tbc_epg:291 - 頻道 台視財經台 獲取 129 個節目
2026-07-15 22:25:05.384 | INFO     | __main__:get_tbc_epg:291 - 頻道 台視綜合台 獲取 147 個節目
2026-07-15 22:25:05.384 | INFO     | __main__:get_tbc_epg:291 - 頻道 彭博財經台 獲取 147 個節目
2026-07-15 22:25:05.384 | INFO     | __main__:get_tbc_epg:291 - 頻道 Channel NewsAsia 獲取 186 個節目
2026-07-15 22:25:05.384 | INFO     | __main__:get_tbc_epg:291 - 頻道 韓國阿里郎 獲取 320 個節目
2026-07-15 22:25:05.384 | INFO     | __main__:get_tbc_epg:291 - 頻道 DREAMWORKS 獲取 360 個節目
2026-07-15 22:25:05.384 | INFO     | __main__:get_tbc_epg:291 - 頻道 Warner TV 獲取 230 個節目
2026-07-15 22:25:05.384 | INFO     | __main__:get_tbc_epg:291 - 頻道 靖天電影台 獲取 86 個節目
2026-07-15 22:25:05.384 | INFO     | __main__:get_tbc_epg:291 - 頻道 CinemaWorld 獲取 93 個節目
2026-07-15 22:25:05.384 | INFO     | __main__:get_tbc_epg:291 - 頻道 HBO HD 獲取 188 個節目
2026-07-15 22:25:05.384 | INFO     | __main__:get_tbc_epg:291 - 頻道 HBO 強檔鉅獻 獲取 94 個節目
2026-07-15 22:25:05.384 | INFO     | __main__:get_tbc_epg:291 - 頻道 HBO 原創鉅獻 獲取 102 個節目
2026-07-15 22:25:05.384 | INFO     | __main__:get_tbc_epg:291 - 頻道 HBO 溫馨家庭 獲取 294 個節目
2026-07-15 22:25:05.384 | INFO     | __main__:get_tbc_epg:291 - 頻道 靖天日本台 獲取 226 個節目
2026-07-15 22:25:05.384 | INFO     | __main__:get_tbc_epg:291 - 頻道 EVE 獲取 247 個節目
2026-07-15 22:25:05.385 | INFO     | __main__:get_tbc_epg:291 - 頻道 tvN 獲取 106 個節目
2026-07-15 22:25:05.385 | INFO     | __main__:get_tbc_epg:291 - 頻道 靖天歡樂台 獲取 150 個節目
2026-07-15 22:25:05.385 | INFO     | __main__:get_tbc_epg:291 - 頻道 HITS 獲取 151 個節目
2026-07-15 22:25:05.385 | INFO     | __main__:get_tbc_epg:291 - 頻道 韓國娛樂台KMTV 獲取 230 個節目
2026-07-15 22:25:05.385 | INFO     | __main__:get_tbc_epg:291 - 頻道 靖天育樂台 獲取 159 個節目
2026-07-15 22:25:05.385 | INFO     | __main__:get_tbc_epg:291 - 頻道 Lifetime 獲取 145 個節目
2026-07-15 22:25:05.385 | INFO     | __main__:get_tbc_epg:291 - 頻道 罪案偵緝頻道 獲取 188 個節目
2026-07-15 22:25:05.385 | INFO     | __main__:get_tbc_epg:291 - 頻道 寵物頻道 獲取 163 個節目
2026-07-15 22:25:05.385 | INFO     | __main__:get_tbc_epg:291 - 頻道 歷史頻道 獲取 168 個節目
2026-07-15 22:25:05.385 | INFO     | __main__:get_tbc_epg:291 - 頻道 Discovery Asia 獲取 205 個節目
2026-07-15 22:25:05.385 | INFO     | __main__:get_tbc_epg:291 - 頻道 Discovery科學頻道 獲取 237 個節目
2026-07-15 22:25:05.385 | INFO     | __main__:get_tbc_epg:291 - 頻道 DMAX 獲取 220 個節目
2026-07-15 22:25:05.385 | INFO     | __main__:get_tbc_epg:291 - 頻道 寰宇新聞台灣台 獲取 150 個節目
2026-07-15 22:25:05.385 | INFO     | __main__:get_tbc_epg:291 - 頻道 亞洲旅遊台 獲取 144 個節目
2026-07-15 22:25:05.385 | INFO     | __main__:get_tbc_epg:291 - 頻道 梅迪奇藝術 獲取 102 個節目
2026-07-15 22:25:05.385 | INFO     | __main__:get_tbc_epg:291 - 頻道 博斯運動二台 獲取 72 個節目
2026-07-15 22:25:05.385 | INFO     | __main__:get_tbc_epg:291 - 頻道 博斯網球台 獲取 51 個節目
2026-07-15 22:25:05.386 | INFO     | __main__:get_tbc_epg:291 - 頻道 博斯無限台 獲取 57 個節目
2026-07-15 22:25:05.386 | INFO     | __main__:get_tbc_epg:291 - 頻道 博斯高球1台 獲取 31 個節目
2026-07-15 22:25:05.386 | INFO     | __main__:get_tbc_epg:291 - 頻道 博斯高球2台 獲取 49 個節目
2026-07-15 22:25:05.386 | INFO     | __main__:get_tbc_epg:291 - 頻道 博斯魅力網 獲取 74 個節目
2026-07-15 22:25:05.386 | INFO     | __main__:get_tbc_epg:291 - 頻道 博斯運動一台 獲取 50 個節目
2026-07-15 22:25:05.386 | INFO     | __main__:get_tbc_epg:291 - 頻道 博斯無限二台 獲取 86 個節目
2026-07-15 22:25:05.386 | INFO     | __main__:get_tbc_epg:291 - 頻道 尼克兒童頻道 獲取 401 個節目
2026-07-15 22:25:05.386 | INFO     | __main__:get_tbc_epg:291 - 頻道 達文西頻道 獲取 593 個節目
2026-07-15 22:25:05.386 | INFO     | __main__:get_tbc_epg:291 - 頻道 CBeebies 獲取 1001 個節目
2026-07-15 22:25:05.386 | INFO     | __main__:get_tbc_epg:291 - 頻道 CARTOONITO 獲取 254 個節目
2026-07-15 22:25:05.386 | INFO     | __main__:get_tbc_epg:291 - 頻道 靖洋卡通台 獲取 273 個節目
2026-07-15 22:25:05.386 | INFO     | __main__:get_tbc_epg:291 - 頻道 靖天卡通台 獲取 252 個節目
2026-07-15 22:25:05.386 | INFO     | __main__:get_tbc_epg:291 - 頻道 LOVE NATURE 4K 獲取 168 個節目
2026-07-15 22:25:05.386 | INFO     | __main__:get_tbc_epg:291 - 頻道 ROCK ENTERTAINMENT 獲取 170 個節目
2026-07-15 22:25:05.386 | INFO     | __main__:get_tbc_epg:291 - 頻道 ROCK EXTREME 獲取 143 個節目
2026-07-15 22:25:05.386 | INFO     | __main__:get_tbc_epg:291 - 頻道 彩虹頻道 獲取 156 個節目
2026-07-15 22:25:05.386 | INFO     | __main__:get_tbc_epg:291 - 頻道 彩虹e台 獲取 59 個節目
2026-07-15 22:25:05.386 | INFO     | __main__:get_tbc_epg:291 - 頻道 彩虹電影台 獲取 59 個節目
2026-07-15 22:25:05.386 | INFO     | __main__:get_tbc_epg:291 - 頻道 K 頻道 獲取 74 個節目
2026-07-15 22:25:05.386 | INFO     | __main__:get_tbc_epg:291 - 頻道 松視1台 獲取 72 個節目
2026-07-15 22:25:05.386 | INFO     | __main__:get_tbc_epg:291 - 頻道 松視2台 獲取 72 個節目
2026-07-15 22:25:05.386 | INFO     | __main__:get_tbc_epg:291 - 頻道 松視3台 獲取 94 個節目
2026-07-15 22:25:05.386 | INFO     | __main__:get_tbc_epg:291 - 頻道 松視4台 獲取 120 個節目
2026-07-15 22:25:05.386 | INFO     | __main__:get_tbc_epg:291 - 頻道 潘朵啦高畫質玩美台 獲取 72 個節目
2026-07-15 22:25:05.386 | INFO     | __main__:get_tbc_epg:291 - 頻道 潘朵啦高畫質粉紅台 獲取 78 個節目
2026-07-15 22:25:05.386 | INFO     | __main__:get_tbc_epg:291 - 頻道 JStar極限台電影頻道 獲取 95 個節目
2026-07-15 22:25:05.386 | INFO     | __main__:get_tbc_epg:291 - 頻道 驚豔成人電影台 獲取 64 個節目
2026-07-15 22:25:05.386 | INFO     | __main__:get_tbc_epg:291 - 頻道 香蕉台 獲取 101 個節目
2026-07-15 22:25:05.387 | INFO     | __main__:get_tbc_epg:291 - 頻道 樂活頻道 獲取 102 個節目
2026-07-15 22:25:05.387 | INFO     | __main__:get_tbc_epg:291 - 頻道 玩家頻道 獲取 144 個節目
2026-07-15 22:25:05.387 | INFO     | __main__:get_tbc_epg:291 - 頻道 Happy 獲取 72 個節目
2026-07-15 22:25:05.387 | INFO     | __main__:get_tbc_epg:291 - 頻道 Hot 獲取 144 個節目
2026-07-15 22:25:05.387 | INFO     | __main__:get_tbc_epg:292 - 總計獲取 32266 個節目
2026-07-15 22:25:08.193 | INFO     | __main__:main:361 - EPG 已儲存到 ./output/epg_tbc.xml
2026-07-15 22:25:08.194 | INFO     | __main__:main:363 - ========== 抓取完成 ==========
2026-07-16 02:27:04 | INFO | ==================================================
2026-07-16 02:27:04 | INFO | 開始生成四季線上電子節目單
2026-07-16 02:27:04 | INFO | 輸出目錄: /home/runner/work/EPG/EPG/output
2026-07-16 02:27:04 | SUCCESS | 已更新本地頻道檔案，保存 132 個頻道
2026-07-16 02:27:04 | SUCCESS | 從 API 獲取到 132 個頻道（已跳過 9 個）
2026-07-16 02:27:04 | INFO | 成功加載 132 個頻道
2026-07-16 02:27:21 | INFO | 共獲取 13405 個節目
2026-07-16 02:27:21 | INFO | 電子節目單已生成: /home/runner/work/EPG/EPG/output/4g.xml
2026-07-16 02:27:21 | SUCCESS | EPG 生成完成
2026-07-16 22:16:06.192 | INFO     | __main__:main:350 - ========== 開始抓取 TBC EPG ==========
2026-07-16 22:16:06.192 | INFO     | __main__:get_tbc_epg:246 - 正在獲取TBC EPG
2026-07-16 22:16:09.766 | INFO     | __main__:get_channels_tbc:161 - 成功獲取 233 個頻道
2026-07-16 22:16:09.766 | INFO     | __main__:get_tbc_epg:258 - 正在獲取 2026/07/17 節目表
2026-07-16 22:17:53.390 | INFO     | __main__:get_tbc_epg:258 - 正在獲取 2026/07/18 節目表
2026-07-16 22:19:41.576 | INFO     | __main__:get_tbc_epg:258 - 正在獲取 2026/07/19 節目表
2026-07-16 22:21:25.729 | INFO     | __main__:get_tbc_epg:258 - 正在獲取 2026/07/20 節目表
2026-07-16 22:23:09.705 | INFO     | __main__:get_tbc_epg:258 - 正在獲取 2026/07/21 節目表
2026-07-16 22:24:52.255 | INFO     | __main__:get_tbc_epg:258 - 正在獲取 2026/07/22 節目表
2026-07-16 22:26:30.617 | INFO     | __main__:get_tbc_epg:291 - 頻道 南桃園節目總表 獲取 144 個節目
2026-07-16 22:26:30.617 | INFO     | __main__:get_tbc_epg:291 - 頻道 南桃園公用頻道 獲取 192 個節目
2026-07-16 22:26:30.618 | INFO     | __main__:get_tbc_epg:291 - 頻道 CNN 獲取 186 個節目
2026-07-16 22:26:30.618 | INFO     | __main__:get_tbc_epg:291 - 頻道 民視無線台 獲取 205 個節目
2026-07-16 22:26:30.618 | INFO     | __main__:get_tbc_epg:291 - 頻道 TBC桃園生活台 獲取 240 個節目
2026-07-16 22:26:30.618 | INFO     | __main__:get_tbc_epg:291 - 頻道 台視 獲取 158 個節目
2026-07-16 22:26:30.618 | INFO     | __main__:get_tbc_epg:291 - 頻道 大愛電視台 獲取 376 個節目
2026-07-16 22:26:30.618 | INFO     | __main__:get_tbc_epg:291 - 頻道 中視 獲取 148 個節目
2026-07-16 22:26:30.618 | INFO     | __main__:get_tbc_epg:291 - 頻道 人間衛視 獲取 184 個節目
2026-07-16 22:26:30.618 | INFO     | __main__:get_tbc_epg:291 - 頻道 華視 獲取 146 個節目
2026-07-16 22:26:30.618 | INFO     | __main__:get_tbc_epg:291 - 頻道 公共電視 獲取 210 個節目
2026-07-16 22:26:30.618 | INFO     | __main__:get_tbc_epg:291 - 頻道 公視台語台 獲取 159 個節目
2026-07-16 22:26:30.618 | INFO     | __main__:get_tbc_epg:291 - 頻道 好消息頻道 獲取 278 個節目
2026-07-16 22:26:30.618 | INFO     | __main__:get_tbc_epg:291 - 頻道 原住民頻道 獲取 172 個節目
2026-07-16 22:26:30.618 | INFO     | __main__:get_tbc_epg:291 - 頻道 客家電視台 獲取 227 個節目
2026-07-16 22:26:30.618 | INFO     | __main__:get_tbc_epg:291 - 頻道 BBC Earth 獲取 149 個節目
2026-07-16 22:26:30.618 | INFO     | __main__:get_tbc_epg:291 - 頻道 Discovery 獲取 199 個節目
2026-07-16 22:26:30.618 | INFO     | __main__:get_tbc_epg:291 - 頻道 TLC旅遊生活頻道 獲取 172 個節目
2026-07-16 22:26:30.618 | INFO     | __main__:get_tbc_epg:291 - 頻道 動物星球 獲取 167 個節目
2026-07-16 22:26:30.618 | INFO     | __main__:get_tbc_epg:291 - 頻道 卡通頻道 獲取 203 個節目
2026-07-16 22:26:30.618 | INFO     | __main__:get_tbc_epg:291 - 頻道 小尼克頻道 獲取 439 個節目
2026-07-16 22:26:30.618 | INFO     | __main__:get_tbc_epg:291 - 頻道 MOMO親子台 獲取 221 個節目
2026-07-16 22:26:30.619 | INFO     | __main__:get_tbc_epg:291 - 頻道 東森幼幼台 獲取 375 個節目
2026-07-16 22:26:30.619 | INFO     | __main__:get_tbc_epg:291 - 頻道 緯來綜合台 獲取 140 個節目
2026-07-16 22:26:30.619 | INFO     | __main__:get_tbc_epg:291 - 頻道 八大第一台 獲取 142 個節目
2026-07-16 22:26:30.619 | INFO     | __main__:get_tbc_epg:291 - 頻道 八大綜合台 獲取 153 個節目
2026-07-16 22:26:30.619 | INFO     | __main__:get_tbc_epg:291 - 頻道 三立台灣台 獲取 132 個節目
2026-07-16 22:26:30.619 | INFO     | __main__:get_tbc_epg:291 - 頻道 三立都會台 獲取 135 個節目
2026-07-16 22:26:30.619 | INFO     | __main__:get_tbc_epg:291 - 頻道 華藝中文台 獲取 164 個節目
2026-07-16 22:26:30.619 | INFO     | __main__:get_tbc_epg:291 - 頻道 東森綜合台 獲取 134 個節目
2026-07-16 22:26:30.619 | INFO     | __main__:get_tbc_epg:291 - 頻道 東森超視 獲取 136 個節目
2026-07-16 22:26:30.619 | INFO     | __main__:get_tbc_epg:291 - 頻道 東森購物2台 獲取 144 個節目
2026-07-16 22:26:30.619 | INFO     | __main__:get_tbc_epg:291 - 頻道 MOMO 2台 獲取 144 個節目
2026-07-16 22:26:30.619 | INFO     | __main__:get_tbc_epg:291 - 頻道 中天綜合台 獲取 115 個節目
2026-07-16 22:26:30.619 | INFO     | __main__:get_tbc_epg:291 - 頻道 東風衛視 獲取 153 個節目
2026-07-16 22:26:30.619 | INFO     | __main__:get_tbc_epg:291 - 頻道 年代MUCH TV 獲取 176 個節目
2026-07-16 22:26:30.619 | INFO     | __main__:get_tbc_epg:291 - 頻道 中天娛樂台 獲取 133 個節目
2026-07-16 22:26:30.619 | INFO     | __main__:get_tbc_epg:291 - 頻道 東森戲劇台 獲取 141 個節目
2026-07-16 22:26:30.619 | INFO     | __main__:get_tbc_epg:291 - 頻道 八大戲劇台 獲取 144 個節目
2026-07-16 22:26:30.619 | INFO     | __main__:get_tbc_epg:291 - 頻道 TVBS歡樂台 獲取 141 個節目
2026-07-16 22:26:30.619 | INFO     | __main__:get_tbc_epg:291 - 頻道 緯來戲劇台 獲取 139 個節目
2026-07-16 22:26:30.619 | INFO     | __main__:get_tbc_epg:291 - 頻道 高點電視台 獲取 144 個節目
2026-07-16 22:26:30.619 | INFO     | __main__:get_tbc_epg:291 - 頻道 JET綜合台 獲取 141 個節目
2026-07-16 22:26:30.619 | INFO     | __main__:get_tbc_epg:291 - 頻道 東森購物3台 獲取 144 個節目
2026-07-16 22:26:30.619 | INFO     | __main__:get_tbc_epg:291 - 頻道 東森購物1台 獲取 144 個節目
2026-07-16 22:26:30.620 | INFO     | __main__:get_tbc_epg:291 - 頻道 MOMO 1台 獲取 144 個節目
2026-07-16 22:26:30.620 | INFO     | __main__:get_tbc_epg:291 - 頻道 壹電視新聞台 獲取 113 個節目
2026-07-16 22:26:30.620 | INFO     | __main__:get_tbc_epg:291 - 頻道 年代新聞台 獲取 116 個節目
2026-07-16 22:26:30.620 | INFO     | __main__:get_tbc_epg:291 - 頻道 東森新聞台 獲取 128 個節目
2026-07-16 22:26:30.620 | INFO     | __main__:get_tbc_epg:291 - 頻道 民視新聞台 獲取 142 個節目
2026-07-16 22:26:30.620 | INFO     | __main__:get_tbc_epg:291 - 頻道 三立新聞台 獲取 138 個節目
2026-07-16 22:26:30.620 | INFO     | __main__:get_tbc_epg:291 - 頻道 TVBS 新聞台 獲取 114 個節目
2026-07-16 22:26:30.620 | INFO     | __main__:get_tbc_epg:291 - 頻道 TVBS 獲取 118 個節目
2026-07-16 22:26:30.620 | INFO     | __main__:get_tbc_epg:291 - 頻道 東森財經新聞台 獲取 139 個節目
2026-07-16 22:26:30.620 | INFO     | __main__:get_tbc_epg:291 - 頻道 非凡新聞台 獲取 149 個節目
2026-07-16 22:26:30.620 | INFO     | __main__:get_tbc_epg:291 - 頻道 ViVa1台 獲取 144 個節目
2026-07-16 22:26:30.620 | INFO     | __main__:get_tbc_epg:291 - 頻道 東森購物5台 獲取 144 個節目
2026-07-16 22:26:30.620 | INFO     | __main__:get_tbc_epg:291 - 頻道 CATCHPLAY電影台 獲取 135 個節目
2026-07-16 22:26:30.620 | INFO     | __main__:get_tbc_epg:291 - 頻道 東森電影台 獲取 98 個節目
2026-07-16 22:26:30.620 | INFO     | __main__:get_tbc_epg:291 - 頻道 緯來電影台 獲取 83 個節目
2026-07-16 22:26:30.620 | INFO     | __main__:get_tbc_epg:291 - 頻道 LS Time電影台 獲取 67 個節目
2026-07-16 22:26:30.620 | INFO     | __main__:get_tbc_epg:291 - 頻道 HBO 獲取 90 個節目
2026-07-16 22:26:30.620 | INFO     | __main__:get_tbc_epg:291 - 頻道 東森洋片台 獲取 72 個節目
2026-07-16 22:26:30.620 | INFO     | __main__:get_tbc_epg:291 - 頻道 AXN 獲取 124 個節目
2026-07-16 22:26:30.620 | INFO     | __main__:get_tbc_epg:291 - 頻道 好萊塢電影台 獲取 75 個節目
2026-07-16 22:26:30.620 | INFO     | __main__:get_tbc_epg:291 - 頻道 amc電影台 獲取 103 個節目
2026-07-16 22:26:30.620 | INFO     | __main__:get_tbc_epg:291 - 頻道 緯來育樂台 獲取 131 個節目
2026-07-16 22:26:30.620 | INFO     | __main__:get_tbc_epg:291 - 頻道 CINEMAX 獲取 90 個節目
2026-07-16 22:26:30.620 | INFO     | __main__:get_tbc_epg:291 - 頻道 緯來體育台 獲取 117 個節目
2026-07-16 22:26:30.620 | INFO     | __main__:get_tbc_epg:291 - 頻道 DAZN 1 獲取 90 個節目
2026-07-16 22:26:30.621 | INFO     | __main__:get_tbc_epg:291 - 頻道 DAZN 2 獲取 83 個節目
2026-07-16 22:26:30.621 | INFO     | __main__:get_tbc_epg:291 - 頻道 MOMO綜合台 獲取 151 個節目
2026-07-16 22:26:30.621 | INFO     | __main__:get_tbc_epg:291 - 頻道 緯來日本台 獲取 123 個節目
2026-07-16 22:26:30.621 | INFO     | __main__:get_tbc_epg:291 - 頻道 國興衛視 獲取 192 個節目
2026-07-16 22:26:30.621 | INFO     | __main__:get_tbc_epg:291 - 頻道 BBC Lifestyle 獲取 184 個節目
2026-07-16 22:26:30.621 | INFO     | __main__:get_tbc_epg:291 - 頻道 靖天資訊台 獲取 159 個節目
2026-07-16 22:26:30.621 | INFO     | __main__:get_tbc_epg:291 - 頻道 信吉電視台 獲取 71 個節目
2026-07-16 22:26:30.621 | INFO     | __main__:get_tbc_epg:291 - 頻道 信大電視台 獲取 72 個節目
2026-07-16 22:26:30.621 | INFO     | __main__:get_tbc_epg:291 - 頻道 中台灣生活網頻道 獲取 288 個節目
2026-07-16 22:26:30.621 | INFO     | __main__:get_tbc_epg:291 - 頻道 TBC台中生活台 獲取 288 個節目
2026-07-16 22:26:30.621 | INFO     | __main__:get_tbc_epg:291 - 頻道 鏡電視新聞台 獲取 138 個節目
2026-07-16 22:26:30.621 | INFO     | __main__:get_tbc_epg:291 - 頻道 台灣藝術台 獲取 90 個節目
2026-07-16 22:26:30.621 | INFO     | __main__:get_tbc_epg:291 - 頻道 樂視台 獲取 288 個節目
2026-07-16 22:26:30.621 | INFO     | __main__:get_tbc_epg:291 - 頻道 非凡商業台 獲取 182 個節目
2026-07-16 22:26:30.621 | INFO     | __main__:get_tbc_epg:291 - 頻道 三立財經新聞台 獲取 139 個節目
2026-07-16 22:26:30.621 | INFO     | __main__:get_tbc_epg:291 - 頻道 冠軍電視台 獲取 80 個節目
2026-07-16 22:26:30.621 | INFO     | __main__:get_tbc_epg:291 - 頻道 運通財經綜合台 獲取 288 個節目
2026-07-16 22:26:30.621 | INFO     | __main__:get_tbc_epg:291 - 頻道 SBN全球財經台 獲取 288 個節目
2026-07-16 22:26:30.621 | INFO     | __main__:get_tbc_epg:291 - 頻道 誠心電視台 獲取 72 個節目
2026-07-16 22:26:30.621 | INFO     | __main__:get_tbc_epg:291 - 頻道 NHK 獲取 383 個節目
2026-07-16 22:26:30.622 | INFO     | __main__:get_tbc_epg:291 - 頻道 MTV 獲取 159 個節目
2026-07-16 22:26:30.622 | INFO     | __main__:get_tbc_epg:291 - 頻道 Animax 獲取 288 個節目
2026-07-16 22:26:30.622 | INFO     | __main__:get_tbc_epg:291 - 頻道 霹靂台灣台 獲取 139 個節目
2026-07-16 22:26:30.622 | INFO     | __main__:get_tbc_epg:291 - 頻道 海豚綜合台 獲取 102 個節目
2026-07-16 22:26:30.622 | INFO     | __main__:get_tbc_epg:291 - 頻道 八大娛樂台 獲取 141 個節目
2026-07-16 22:26:30.622 | INFO     | __main__:get_tbc_epg:291 - 頻道 十方法界 獲取 249 個節目
2026-07-16 22:26:30.622 | INFO     | __main__:get_tbc_epg:291 - 頻道 壹電視電影台 獲取 91 個節目
2026-07-16 22:26:30.622 | INFO     | __main__:get_tbc_epg:291 - 頻道 華藏衛視  獲取 167 個節目
2026-07-16 22:26:30.622 | INFO     | __main__:get_tbc_epg:291 - 頻道 壹電視資訊綜合台 獲取 166 個節目
2026-07-16 22:26:30.622 | INFO     | __main__:get_tbc_epg:291 - 頻道 佛衛慈悲台 獲取 186 個節目
2026-07-16 22:26:30.622 | INFO     | __main__:get_tbc_epg:291 - 頻道 紅豆電視台 獲取 84 個節目
2026-07-16 22:26:30.622 | INFO     | __main__:get_tbc_epg:291 - 頻道 全大電視台 獲取 72 個節目
2026-07-16 22:26:30.622 | INFO     | __main__:get_tbc_epg:291 - 頻道 華藝台灣台 獲取 66 個節目
2026-07-16 22:26:30.622 | INFO     | __main__:get_tbc_epg:291 - 頻道 正德電視台 獲取 144 個節目
2026-07-16 22:26:30.622 | INFO     | __main__:get_tbc_epg:291 - 頻道 天良綜合台 獲取 60 個節目
2026-07-16 22:26:30.622 | INFO     | __main__:get_tbc_epg:291 - 頻道 番薯衛星電視台 獲取 24 個節目
2026-07-16 22:26:30.622 | INFO     | __main__:get_tbc_epg:291 - 頻道 富立電視台 獲取 72 個節目
2026-07-16 22:26:30.622 | INFO     | __main__:get_tbc_epg:291 - 頻道 Z頻道 獲取 144 個節目
2026-07-16 22:26:30.622 | INFO     | __main__:get_tbc_epg:291 - 頻道 冠軍夢想台 獲取 72 個節目
2026-07-16 22:26:30.622 | INFO     | __main__:get_tbc_epg:291 - 頻道 新天地民俗台 獲取 144 個節目
2026-07-16 22:26:30.622 | INFO     | __main__:get_tbc_epg:291 - 頻道 三聖電視台 獲取 144 個節目
2026-07-16 22:26:30.622 | INFO     | __main__:get_tbc_epg:291 - 頻道 威達超舜生活台 獲取 90 個節目
2026-07-16 22:26:30.622 | INFO     | __main__:get_tbc_epg:291 - 頻道 天美麗電視台 獲取 48 個節目
2026-07-16 22:26:30.622 | INFO     | __main__:get_tbc_epg:291 - 頻道 大立電視台 獲取 72 個節目
2026-07-16 22:26:30.622 | INFO     | __main__:get_tbc_epg:291 - 頻道 小公視 獲取 241 個節目
2026-07-16 22:26:30.622 | INFO     | __main__:get_tbc_epg:291 - 頻道 華視教育體育文化台 獲取 254 個節目
2026-07-16 22:26:30.622 | INFO     | __main__:get_tbc_epg:291 - 頻道 國會頻道1台 獲取 72 個節目
2026-07-16 22:26:30.622 | INFO     | __main__:get_tbc_epg:291 - 頻道 國會頻道2台 獲取 72 個節目
2026-07-16 22:26:30.622 | INFO     | __main__:get_tbc_epg:291 - 頻道 幸福空間居家台 獲取 146 個節目
2026-07-16 22:26:30.623 | INFO     | __main__:get_tbc_epg:291 - 頻道 高點育樂台 獲取 148 個節目
2026-07-16 22:26:30.623 | INFO     | __main__:get_tbc_epg:291 - 頻道 台灣綜合台 獲取 144 個節目
2026-07-16 22:26:30.623 | INFO     | __main__:get_tbc_epg:291 - 頻道 大台中生活頻道 獲取 150 個節目
2026-07-16 22:26:30.623 | INFO     | __main__:get_tbc_epg:291 - 頻道 彰化生活台 獲取 144 個節目
2026-07-16 22:26:30.623 | INFO     | __main__:get_tbc_epg:291 - 頻道 唯心電視台 獲取 228 個節目
2026-07-16 22:26:30.623 | INFO     | __main__:get_tbc_epg:291 - 頻道 美麗人生購物台 獲取 144 個節目
2026-07-16 22:26:30.623 | INFO     | __main__:get_tbc_epg:291 - 頻道 大愛二台  獲取 288 個節目
2026-07-16 22:26:30.623 | INFO     | __main__:get_tbc_epg:291 - 頻道 靖天映畫 獲取 78 個節目
2026-07-16 22:26:30.623 | INFO     | __main__:get_tbc_epg:291 - 頻道 靖洋戲劇台 獲取 152 個節目
2026-07-16 22:26:30.623 | INFO     | __main__:get_tbc_epg:291 - 頻道 ROCK Action 獲取 88 個節目
2026-07-16 22:26:30.623 | INFO     | __main__:get_tbc_epg:291 - 頻道 Global Trekker 探索世界  獲取 235 個節目
2026-07-16 22:26:30.623 | INFO     | __main__:get_tbc_epg:291 - 頻道 靖天綜合台 獲取 144 個節目
2026-07-16 22:26:30.623 | INFO     | __main__:get_tbc_epg:291 - 頻道 寶島文化台 獲取 144 個節目
2026-07-16 22:26:30.623 | INFO     | __main__:get_tbc_epg:291 - 頻道 TaiwanPlus 獲取 339 個節目
2026-07-16 22:26:30.623 | INFO     | __main__:get_tbc_epg:291 - 頻道 BBC News 獲取 302 個節目
2026-07-16 22:26:30.623 | INFO     | __main__:get_tbc_epg:291 - 頻道 民視第一台 獲取 196 個節目
2026-07-16 22:26:30.623 | INFO     | __main__:get_tbc_epg:291 - 頻道 民視台灣台 獲取 171 個節目
2026-07-16 22:26:30.623 | INFO     | __main__:get_tbc_epg:291 - 頻道 中視新聞台 獲取 144 個節目
2026-07-16 22:26:30.623 | INFO     | __main__:get_tbc_epg:291 - 頻道 台視新聞台 獲取 154 個節目
2026-07-16 22:26:30.623 | INFO     | __main__:get_tbc_epg:291 - 頻道 台視財經台 獲取 130 個節目
2026-07-16 22:26:30.623 | INFO     | __main__:get_tbc_epg:291 - 頻道 台視綜合台 獲取 147 個節目
2026-07-16 22:26:30.623 | INFO     | __main__:get_tbc_epg:291 - 頻道 彭博財經台 獲取 144 個節目
2026-07-16 22:26:30.623 | INFO     | __main__:get_tbc_epg:291 - 頻道 Channel NewsAsia 獲取 184 個節目
2026-07-16 22:26:30.623 | INFO     | __main__:get_tbc_epg:291 - 頻道 韓國阿里郎 獲取 321 個節目
2026-07-16 22:26:30.623 | INFO     | __main__:get_tbc_epg:291 - 頻道 DREAMWORKS 獲取 360 個節目
2026-07-16 22:26:30.623 | INFO     | __main__:get_tbc_epg:291 - 頻道 Warner TV 獲取 230 個節目
2026-07-16 22:26:30.623 | INFO     | __main__:get_tbc_epg:291 - 頻道 靖天電影台 獲取 85 個節目
2026-07-16 22:26:30.623 | INFO     | __main__:get_tbc_epg:291 - 頻道 CinemaWorld 獲取 94 個節目
2026-07-16 22:26:30.623 | INFO     | __main__:get_tbc_epg:291 - 頻道 HBO HD 獲取 190 個節目
2026-07-16 22:26:30.623 | INFO     | __main__:get_tbc_epg:291 - 頻道 HBO 強檔鉅獻 獲取 94 個節目
2026-07-16 22:26:30.623 | INFO     | __main__:get_tbc_epg:291 - 頻道 HBO 原創鉅獻 獲取 102 個節目
2026-07-16 22:26:30.623 | INFO     | __main__:get_tbc_epg:291 - 頻道 HBO 溫馨家庭 獲取 298 個節目
2026-07-16 22:26:30.623 | INFO     | __main__:get_tbc_epg:291 - 頻道 靖天日本台 獲取 226 個節目
2026-07-16 22:26:30.623 | INFO     | __main__:get_tbc_epg:291 - 頻道 EVE 獲取 246 個節目
2026-07-16 22:26:30.623 | INFO     | __main__:get_tbc_epg:291 - 頻道 tvN 獲取 104 個節目
2026-07-16 22:26:30.624 | INFO     | __main__:get_tbc_epg:291 - 頻道 靖天歡樂台 獲取 150 個節目
2026-07-16 22:26:30.624 | INFO     | __main__:get_tbc_epg:291 - 頻道 HITS 獲取 150 個節目
2026-07-16 22:26:30.624 | INFO     | __main__:get_tbc_epg:291 - 頻道 韓國娛樂台KMTV 獲取 230 個節目
2026-07-16 22:26:30.624 | INFO     | __main__:get_tbc_epg:291 - 頻道 靖天育樂台 獲取 159 個節目
2026-07-16 22:26:30.624 | INFO     | __main__:get_tbc_epg:291 - 頻道 Lifetime 獲取 146 個節目
2026-07-16 22:26:30.624 | INFO     | __main__:get_tbc_epg:291 - 頻道 罪案偵緝頻道 獲取 186 個節目
2026-07-16 22:26:30.624 | INFO     | __main__:get_tbc_epg:291 - 頻道 寵物頻道 獲取 163 個節目
2026-07-16 22:26:30.624 | INFO     | __main__:get_tbc_epg:291 - 頻道 歷史頻道 獲取 168 個節目
2026-07-16 22:26:30.624 | INFO     | __main__:get_tbc_epg:291 - 頻道 Discovery Asia 獲取 204 個節目
2026-07-16 22:26:30.624 | INFO     | __main__:get_tbc_epg:291 - 頻道 Discovery科學頻道 獲取 237 個節目
2026-07-16 22:26:30.624 | INFO     | __main__:get_tbc_epg:291 - 頻道 DMAX 獲取 219 個節目
2026-07-16 22:26:30.624 | INFO     | __main__:get_tbc_epg:291 - 頻道 寰宇新聞台灣台 獲取 150 個節目
2026-07-16 22:26:30.624 | INFO     | __main__:get_tbc_epg:291 - 頻道 亞洲旅遊台 獲取 144 個節目
2026-07-16 22:26:30.624 | INFO     | __main__:get_tbc_epg:291 - 頻道 梅迪奇藝術 獲取 102 個節目
2026-07-16 22:26:30.624 | INFO     | __main__:get_tbc_epg:291 - 頻道 博斯運動二台 獲取 72 個節目
2026-07-16 22:26:30.624 | INFO     | __main__:get_tbc_epg:291 - 頻道 博斯網球台 獲取 50 個節目
2026-07-16 22:26:30.624 | INFO     | __main__:get_tbc_epg:291 - 頻道 博斯無限台 獲取 60 個節目
2026-07-16 22:26:30.624 | INFO     | __main__:get_tbc_epg:291 - 頻道 博斯高球1台 獲取 38 個節目
2026-07-16 22:26:30.624 | INFO     | __main__:get_tbc_epg:291 - 頻道 博斯高球2台 獲取 47 個節目
2026-07-16 22:26:30.624 | INFO     | __main__:get_tbc_epg:291 - 頻道 博斯魅力網 獲取 75 個節目
2026-07-16 22:26:30.624 | INFO     | __main__:get_tbc_epg:291 - 頻道 博斯運動一台 獲取 52 個節目
2026-07-16 22:26:30.624 | INFO     | __main__:get_tbc_epg:291 - 頻道 博斯無限二台 獲取 73 個節目
2026-07-16 22:26:30.624 | INFO     | __main__:get_tbc_epg:291 - 頻道 尼克兒童頻道 獲取 401 個節目
2026-07-16 22:26:30.624 | INFO     | __main__:get_tbc_epg:291 - 頻道 達文西頻道 獲取 593 個節目
2026-07-16 22:26:30.624 | INFO     | __main__:get_tbc_epg:291 - 頻道 CBeebies 獲取 1001 個節目
2026-07-16 22:26:30.624 | INFO     | __main__:get_tbc_epg:291 - 頻道 CARTOONITO 獲取 253 個節目
2026-07-16 22:26:30.624 | INFO     | __main__:get_tbc_epg:291 - 頻道 靖洋卡通台 獲取 273 個節目
2026-07-16 22:26:30.624 | INFO     | __main__:get_tbc_epg:291 - 頻道 靖天卡通台 獲取 252 個節目
2026-07-16 22:26:30.624 | INFO     | __main__:get_tbc_epg:291 - 頻道 LOVE NATURE 4K 獲取 168 個節目
2026-07-16 22:26:30.624 | INFO     | __main__:get_tbc_epg:291 - 頻道 ROCK ENTERTAINMENT 獲取 172 個節目
2026-07-16 22:26:30.624 | INFO     | __main__:get_tbc_epg:291 - 頻道 ROCK EXTREME 獲取 139 個節目
2026-07-16 22:26:30.624 | INFO     | __main__:get_tbc_epg:291 - 頻道 彩虹頻道 獲取 152 個節目
2026-07-16 22:26:30.624 | INFO     | __main__:get_tbc_epg:291 - 頻道 彩虹e台 獲取 58 個節目
2026-07-16 22:26:30.625 | INFO     | __main__:get_tbc_epg:291 - 頻道 彩虹電影台 獲取 58 個節目
2026-07-16 22:26:30.625 | INFO     | __main__:get_tbc_epg:291 - 頻道 K 頻道 獲取 74 個節目
2026-07-16 22:26:30.625 | INFO     | __main__:get_tbc_epg:291 - 頻道 松視1台 獲取 72 個節目
2026-07-16 22:26:30.625 | INFO     | __main__:get_tbc_epg:291 - 頻道 松視2台 獲取 72 個節目
2026-07-16 22:26:30.625 | INFO     | __main__:get_tbc_epg:291 - 頻道 松視3台 獲取 95 個節目
2026-07-16 22:26:30.625 | INFO     | __main__:get_tbc_epg:291 - 頻道 松視4台 獲取 123 個節目
2026-07-16 22:26:30.625 | INFO     | __main__:get_tbc_epg:291 - 頻道 潘朵啦高畫質玩美台 獲取 72 個節目
2026-07-16 22:26:30.625 | INFO     | __main__:get_tbc_epg:291 - 頻道 潘朵啦高畫質粉紅台 獲取 78 個節目
2026-07-16 22:26:30.625 | INFO     | __main__:get_tbc_epg:291 - 頻道 JStar極限台電影頻道 獲取 96 個節目
2026-07-16 22:26:30.625 | INFO     | __main__:get_tbc_epg:291 - 頻道 驚豔成人電影台 獲取 64 個節目
2026-07-16 22:26:30.625 | INFO     | __main__:get_tbc_epg:291 - 頻道 香蕉台 獲取 100 個節目
2026-07-16 22:26:30.625 | INFO     | __main__:get_tbc_epg:291 - 頻道 樂活頻道 獲取 102 個節目
2026-07-16 22:26:30.625 | INFO     | __main__:get_tbc_epg:291 - 頻道 玩家頻道 獲取 144 個節目
2026-07-16 22:26:30.625 | INFO     | __main__:get_tbc_epg:291 - 頻道 Happy 獲取 72 個節目
2026-07-16 22:26:30.625 | INFO     | __main__:get_tbc_epg:291 - 頻道 Hot 獲取 144 個節目
2026-07-16 22:26:30.625 | INFO     | __main__:get_tbc_epg:292 - 總計獲取 32272 個節目
2026-07-16 22:26:33.901 | INFO     | __main__:main:361 - EPG 已儲存到 ./output/epg_tbc.xml
2026-07-16 22:26:33.901 | INFO     | __main__:main:363 - ========== 抓取完成 ==========
2026-07-17 02:29:17 | INFO | ==================================================
2026-07-17 02:29:17 | INFO | 開始生成四季線上電子節目單
2026-07-17 02:29:17 | INFO | 輸出目錄: /home/runner/work/EPG/EPG/output
2026-07-17 02:29:17 | SUCCESS | 已更新本地頻道檔案，保存 132 個頻道
2026-07-17 02:29:17 | SUCCESS | 從 API 獲取到 132 個頻道（已跳過 9 個）
2026-07-17 02:29:17 | INFO | 成功加載 132 個頻道
2026-07-17 02:29:36 | INFO | 共獲取 13213 個節目
2026-07-17 02:29:36 | INFO | 電子節目單已生成: /home/runner/work/EPG/EPG/output/4g.xml
2026-07-17 02:29:36 | SUCCESS | EPG 生成完成
2026-07-17 22:07:31.348 | INFO     | __main__:main:350 - ========== 開始抓取 TBC EPG ==========
2026-07-17 22:07:31.348 | INFO     | __main__:get_tbc_epg:246 - 正在獲取TBC EPG
2026-07-17 22:07:35.784 | INFO     | __main__:get_channels_tbc:161 - 成功獲取 233 個頻道
2026-07-17 22:07:35.785 | INFO     | __main__:get_tbc_epg:258 - 正在獲取 2026/07/18 節目表
2026-07-17 22:09:36.106 | INFO     | __main__:get_tbc_epg:258 - 正在獲取 2026/07/19 節目表
2026-07-17 22:11:35.667 | INFO     | __main__:get_tbc_epg:258 - 正在獲取 2026/07/20 節目表
2026-07-17 22:13:42.359 | INFO     | __main__:get_tbc_epg:258 - 正在獲取 2026/07/21 節目表
2026-07-17 22:15:42.586 | INFO     | __main__:get_tbc_epg:258 - 正在獲取 2026/07/22 節目表
2026-07-17 22:17:43.474 | INFO     | __main__:get_tbc_epg:258 - 正在獲取 2026/07/23 節目表
2026-07-17 22:19:39.451 | INFO     | __main__:get_tbc_epg:291 - 頻道 南桃園節目總表 獲取 144 個節目
2026-07-17 22:19:39.451 | INFO     | __main__:get_tbc_epg:291 - 頻道 南桃園公用頻道 獲取 192 個節目
2026-07-17 22:19:39.452 | INFO     | __main__:get_tbc_epg:291 - 頻道 CNN 獲取 190 個節目
2026-07-17 22:19:39.452 | INFO     | __main__:get_tbc_epg:291 - 頻道 民視無線台 獲取 205 個節目
2026-07-17 22:19:39.452 | INFO     | __main__:get_tbc_epg:291 - 頻道 TBC桃園生活台 獲取 240 個節目
2026-07-17 22:19:39.452 | INFO     | __main__:get_tbc_epg:291 - 頻道 台視 獲取 161 個節目
2026-07-17 22:19:39.452 | INFO     | __main__:get_tbc_epg:291 - 頻道 大愛電視台 獲取 376 個節目
2026-07-17 22:19:39.452 | INFO     | __main__:get_tbc_epg:291 - 頻道 中視 獲取 147 個節目
2026-07-17 22:19:39.452 | INFO     | __main__:get_tbc_epg:291 - 頻道 人間衛視 獲取 184 個節目
2026-07-17 22:19:39.452 | INFO     | __main__:get_tbc_epg:291 - 頻道 華視 獲取 147 個節目
2026-07-17 22:19:39.452 | INFO     | __main__:get_tbc_epg:291 - 頻道 公共電視 獲取 214 個節目
2026-07-17 22:19:39.452 | INFO     | __main__:get_tbc_epg:291 - 頻道 公視台語台 獲取 159 個節目
2026-07-17 22:19:39.452 | INFO     | __main__:get_tbc_epg:291 - 頻道 好消息頻道 獲取 277 個節目
2026-07-17 22:19:39.452 | INFO     | __main__:get_tbc_epg:291 - 頻道 原住民頻道 獲取 172 個節目
2026-07-17 22:19:39.453 | INFO     | __main__:get_tbc_epg:291 - 頻道 客家電視台 獲取 227 個節目
2026-07-17 22:19:39.453 | INFO     | __main__:get_tbc_epg:291 - 頻道 BBC Earth 獲取 147 個節目
2026-07-17 22:19:39.453 | INFO     | __main__:get_tbc_epg:291 - 頻道 Discovery 獲取 203 個節目
2026-07-17 22:19:39.453 | INFO     | __main__:get_tbc_epg:291 - 頻道 TLC旅遊生活頻道 獲取 170 個節目
2026-07-17 22:19:39.453 | INFO     | __main__:get_tbc_epg:291 - 頻道 動物星球 獲取 167 個節目
2026-07-17 22:19:39.453 | INFO     | __main__:get_tbc_epg:291 - 頻道 卡通頻道 獲取 203 個節目
2026-07-17 22:19:39.453 | INFO     | __main__:get_tbc_epg:291 - 頻道 小尼克頻道 獲取 439 個節目
2026-07-17 22:19:39.453 | INFO     | __main__:get_tbc_epg:291 - 頻道 MOMO親子台 獲取 224 個節目
2026-07-17 22:19:39.453 | INFO     | __main__:get_tbc_epg:291 - 頻道 東森幼幼台 獲取 377 個節目
2026-07-17 22:19:39.453 | INFO     | __main__:get_tbc_epg:291 - 頻道 緯來綜合台 獲取 141 個節目
2026-07-17 22:19:39.453 | INFO     | __main__:get_tbc_epg:291 - 頻道 八大第一台 獲取 141 個節目
2026-07-17 22:19:39.454 | INFO     | __main__:get_tbc_epg:291 - 頻道 八大綜合台 獲取 152 個節目
2026-07-17 22:19:39.454 | INFO     | __main__:get_tbc_epg:291 - 頻道 三立台灣台 獲取 133 個節目
2026-07-17 22:19:39.454 | INFO     | __main__:get_tbc_epg:291 - 頻道 三立都會台 獲取 135 個節目
2026-07-17 22:19:39.454 | INFO     | __main__:get_tbc_epg:291 - 頻道 華藝中文台 獲取 164 個節目
2026-07-17 22:19:39.454 | INFO     | __main__:get_tbc_epg:291 - 頻道 東森綜合台 獲取 135 個節目
2026-07-17 22:19:39.454 | INFO     | __main__:get_tbc_epg:291 - 頻道 東森超視 獲取 133 個節目
2026-07-17 22:19:39.454 | INFO     | __main__:get_tbc_epg:291 - 頻道 東森購物2台 獲取 144 個節目
2026-07-17 22:19:39.454 | INFO     | __main__:get_tbc_epg:291 - 頻道 MOMO 2台 獲取 144 個節目
2026-07-17 22:19:39.454 | INFO     | __main__:get_tbc_epg:291 - 頻道 中天綜合台 獲取 115 個節目
2026-07-17 22:19:39.454 | INFO     | __main__:get_tbc_epg:291 - 頻道 東風衛視 獲取 153 個節目
2026-07-17 22:19:39.454 | INFO     | __main__:get_tbc_epg:291 - 頻道 年代MUCH TV 獲取 176 個節目
2026-07-17 22:19:39.454 | INFO     | __main__:get_tbc_epg:291 - 頻道 中天娛樂台 獲取 133 個節目
2026-07-17 22:19:39.454 | INFO     | __main__:get_tbc_epg:291 - 頻道 東森戲劇台 獲取 141 個節目
2026-07-17 22:19:39.455 | INFO     | __main__:get_tbc_epg:291 - 頻道 八大戲劇台 獲取 144 個節目
2026-07-17 22:19:39.455 | INFO     | __main__:get_tbc_epg:291 - 頻道 TVBS歡樂台 獲取 141 個節目
2026-07-17 22:19:39.455 | INFO     | __main__:get_tbc_epg:291 - 頻道 緯來戲劇台 獲取 139 個節目
2026-07-17 22:19:39.455 | INFO     | __main__:get_tbc_epg:291 - 頻道 高點電視台 獲取 144 個節目
2026-07-17 22:19:39.455 | INFO     | __main__:get_tbc_epg:291 - 頻道 JET綜合台 獲取 143 個節目
2026-07-17 22:19:39.455 | INFO     | __main__:get_tbc_epg:291 - 頻道 東森購物3台 獲取 144 個節目
2026-07-17 22:19:39.455 | INFO     | __main__:get_tbc_epg:291 - 頻道 東森購物1台 獲取 144 個節目
2026-07-17 22:19:39.455 | INFO     | __main__:get_tbc_epg:291 - 頻道 MOMO 1台 獲取 144 個節目
2026-07-17 22:19:39.455 | INFO     | __main__:get_tbc_epg:291 - 頻道 壹電視新聞台 獲取 113 個節目
2026-07-17 22:19:39.455 | INFO     | __main__:get_tbc_epg:291 - 頻道 年代新聞台 獲取 116 個節目
2026-07-17 22:19:39.455 | INFO     | __main__:get_tbc_epg:291 - 頻道 東森新聞台 獲取 129 個節目
2026-07-17 22:19:39.455 | INFO     | __main__:get_tbc_epg:291 - 頻道 民視新聞台 獲取 142 個節目
2026-07-17 22:19:39.455 | INFO     | __main__:get_tbc_epg:291 - 頻道 三立新聞台 獲取 138 個節目
2026-07-17 22:19:39.456 | INFO     | __main__:get_tbc_epg:291 - 頻道 TVBS 新聞台 獲取 114 個節目
2026-07-17 22:19:39.456 | INFO     | __main__:get_tbc_epg:291 - 頻道 TVBS 獲取 118 個節目
2026-07-17 22:19:39.456 | INFO     | __main__:get_tbc_epg:291 - 頻道 東森財經新聞台 獲取 138 個節目
2026-07-17 22:19:39.456 | INFO     | __main__:get_tbc_epg:291 - 頻道 非凡新聞台 獲取 150 個節目
2026-07-17 22:19:39.456 | INFO     | __main__:get_tbc_epg:291 - 頻道 ViVa1台 獲取 144 個節目
2026-07-17 22:19:39.456 | INFO     | __main__:get_tbc_epg:291 - 頻道 東森購物5台 獲取 144 個節目
2026-07-17 22:19:39.456 | INFO     | __main__:get_tbc_epg:291 - 頻道 CATCHPLAY電影台 獲取 131 個節目
2026-07-17 22:19:39.456 | INFO     | __main__:get_tbc_epg:291 - 頻道 東森電影台 獲取 99 個節目
2026-07-17 22:19:39.456 | INFO     | __main__:get_tbc_epg:291 - 頻道 緯來電影台 獲取 82 個節目
2026-07-17 22:19:39.456 | INFO     | __main__:get_tbc_epg:291 - 頻道 LS Time電影台 獲取 67 個節目
2026-07-17 22:19:39.456 | INFO     | __main__:get_tbc_epg:291 - 頻道 HBO 獲取 90 個節目
2026-07-17 22:19:39.457 | INFO     | __main__:get_tbc_epg:291 - 頻道 東森洋片台 獲取 73 個節目
2026-07-17 22:19:39.457 | INFO     | __main__:get_tbc_epg:291 - 頻道 AXN 獲取 124 個節目
2026-07-17 22:19:39.457 | INFO     | __main__:get_tbc_epg:291 - 頻道 好萊塢電影台 獲取 74 個節目
2026-07-17 22:19:39.457 | INFO     | __main__:get_tbc_epg:291 - 頻道 amc電影台 獲取 102 個節目
2026-07-17 22:19:39.457 | INFO     | __main__:get_tbc_epg:291 - 頻道 緯來育樂台 獲取 135 個節目
2026-07-17 22:19:39.457 | INFO     | __main__:get_tbc_epg:291 - 頻道 CINEMAX 獲取 90 個節目
2026-07-17 22:19:39.457 | INFO     | __main__:get_tbc_epg:291 - 頻道 緯來體育台 獲取 109 個節目
2026-07-17 22:19:39.457 | INFO     | __main__:get_tbc_epg:291 - 頻道 DAZN 1 獲取 88 個節目
2026-07-17 22:19:39.457 | INFO     | __main__:get_tbc_epg:291 - 頻道 DAZN 2 獲取 83 個節目
2026-07-17 22:19:39.457 | INFO     | __main__:get_tbc_epg:291 - 頻道 MOMO綜合台 獲取 154 個節目
2026-07-17 22:19:39.457 | INFO     | __main__:get_tbc_epg:291 - 頻道 緯來日本台 獲取 123 個節目
2026-07-17 22:19:39.457 | INFO     | __main__:get_tbc_epg:291 - 頻道 國興衛視 獲取 192 個節目
2026-07-17 22:19:39.457 | INFO     | __main__:get_tbc_epg:291 - 頻道 BBC Lifestyle 獲取 184 個節目
2026-07-17 22:19:39.457 | INFO     | __main__:get_tbc_epg:291 - 頻道 靖天資訊台 獲取 159 個節目
2026-07-17 22:19:39.457 | INFO     | __main__:get_tbc_epg:291 - 頻道 信吉電視台 獲取 71 個節目
2026-07-17 22:19:39.457 | INFO     | __main__:get_tbc_epg:291 - 頻道 信大電視台 獲取 72 個節目
2026-07-17 22:19:39.457 | INFO     | __main__:get_tbc_epg:291 - 頻道 中台灣生活網頻道 獲取 288 個節目
2026-07-17 22:19:39.457 | INFO     | __main__:get_tbc_epg:291 - 頻道 TBC台中生活台 獲取 288 個節目
2026-07-17 22:19:39.457 | INFO     | __main__:get_tbc_epg:291 - 頻道 鏡電視新聞台 獲取 138 個節目
2026-07-17 22:19:39.457 | INFO     | __main__:get_tbc_epg:291 - 頻道 台灣藝術台 獲取 90 個節目
2026-07-17 22:19:39.457 | INFO     | __main__:get_tbc_epg:291 - 頻道 樂視台 獲取 288 個節目
2026-07-17 22:19:39.457 | INFO     | __main__:get_tbc_epg:291 - 頻道 非凡商業台 獲取 182 個節目
2026-07-17 22:19:39.457 | INFO     | __main__:get_tbc_epg:291 - 頻道 三立財經新聞台 獲取 139 個節目
2026-07-17 22:19:39.457 | INFO     | __main__:get_tbc_epg:291 - 頻道 冠軍電視台 獲取 80 個節目
2026-07-17 22:19:39.458 | INFO     | __main__:get_tbc_epg:291 - 頻道 運通財經綜合台 獲取 288 個節目
2026-07-17 22:19:39.458 | INFO     | __main__:get_tbc_epg:291 - 頻道 SBN全球財經台 獲取 288 個節目
2026-07-17 22:19:39.458 | INFO     | __main__:get_tbc_epg:291 - 頻道 誠心電視台 獲取 72 個節目
2026-07-17 22:19:39.458 | INFO     | __main__:get_tbc_epg:291 - 頻道 NHK 獲取 388 個節目
2026-07-17 22:19:39.458 | INFO     | __main__:get_tbc_epg:291 - 頻道 MTV 獲取 161 個節目
2026-07-17 22:19:39.458 | INFO     | __main__:get_tbc_epg:291 - 頻道 Animax 獲取 288 個節目
2026-07-17 22:19:39.458 | INFO     | __main__:get_tbc_epg:291 - 頻道 霹靂台灣台 獲取 139 個節目
2026-07-17 22:19:39.458 | INFO     | __main__:get_tbc_epg:291 - 頻道 海豚綜合台 獲取 102 個節目
2026-07-17 22:19:39.458 | INFO     | __main__:get_tbc_epg:291 - 頻道 八大娛樂台 獲取 141 個節目
2026-07-17 22:19:39.458 | INFO     | __main__:get_tbc_epg:291 - 頻道 十方法界 獲取 249 個節目
2026-07-17 22:19:39.458 | INFO     | __main__:get_tbc_epg:291 - 頻道 壹電視電影台 獲取 88 個節目
2026-07-17 22:19:39.459 | INFO     | __main__:get_tbc_epg:291 - 頻道 華藏衛視  獲取 167 個節目
2026-07-17 22:19:39.459 | INFO     | __main__:get_tbc_epg:291 - 頻道 壹電視資訊綜合台 獲取 166 個節目
2026-07-17 22:19:39.459 | INFO     | __main__:get_tbc_epg:291 - 頻道 佛衛慈悲台 獲取 186 個節目
2026-07-17 22:19:39.459 | INFO     | __main__:get_tbc_epg:291 - 頻道 紅豆電視台 獲取 84 個節目
2026-07-17 22:19:39.459 | INFO     | __main__:get_tbc_epg:291 - 頻道 全大電視台 獲取 72 個節目
2026-07-17 22:19:39.459 | INFO     | __main__:get_tbc_epg:291 - 頻道 華藝台灣台 獲取 66 個節目
2026-07-17 22:19:39.459 | INFO     | __main__:get_tbc_epg:291 - 頻道 正德電視台 獲取 144 個節目
2026-07-17 22:19:39.459 | INFO     | __main__:get_tbc_epg:291 - 頻道 天良綜合台 獲取 60 個節目
2026-07-17 22:19:39.459 | INFO     | __main__:get_tbc_epg:291 - 頻道 番薯衛星電視台 獲取 24 個節目
2026-07-17 22:19:39.459 | INFO     | __main__:get_tbc_epg:291 - 頻道 富立電視台 獲取 72 個節目
2026-07-17 22:19:39.459 | INFO     | __main__:get_tbc_epg:291 - 頻道 Z頻道 獲取 144 個節目
2026-07-17 22:19:39.459 | INFO     | __main__:get_tbc_epg:291 - 頻道 冠軍夢想台 獲取 72 個節目
2026-07-17 22:19:39.459 | INFO     | __main__:get_tbc_epg:291 - 頻道 新天地民俗台 獲取 144 個節目
2026-07-17 22:19:39.460 | INFO     | __main__:get_tbc_epg:291 - 頻道 三聖電視台 獲取 144 個節目
2026-07-17 22:19:39.460 | INFO     | __main__:get_tbc_epg:291 - 頻道 威達超舜生活台 獲取 90 個節目
2026-07-17 22:19:39.460 | INFO     | __main__:get_tbc_epg:291 - 頻道 天美麗電視台 獲取 48 個節目
2026-07-17 22:19:39.460 | INFO     | __main__:get_tbc_epg:291 - 頻道 大立電視台 獲取 72 個節目
2026-07-17 22:19:39.460 | INFO     | __main__:get_tbc_epg:291 - 頻道 小公視 獲取 236 個節目
2026-07-17 22:19:39.460 | INFO     | __main__:get_tbc_epg:291 - 頻道 華視教育體育文化台 獲取 255 個節目
2026-07-17 22:19:39.460 | INFO     | __main__:get_tbc_epg:291 - 頻道 國會頻道1台 獲取 72 個節目
2026-07-17 22:19:39.460 | INFO     | __main__:get_tbc_epg:291 - 頻道 國會頻道2台 獲取 72 個節目
2026-07-17 22:19:39.460 | INFO     | __main__:get_tbc_epg:291 - 頻道 幸福空間居家台 獲取 146 個節目
2026-07-17 22:19:39.460 | INFO     | __main__:get_tbc_epg:291 - 頻道 高點育樂台 獲取 148 個節目
2026-07-17 22:19:39.460 | INFO     | __main__:get_tbc_epg:291 - 頻道 台灣綜合台 獲取 144 個節目
2026-07-17 22:19:39.460 | INFO     | __main__:get_tbc_epg:291 - 頻道 大台中生活頻道 獲取 147 個節目
2026-07-17 22:19:39.460 | INFO     | __main__:get_tbc_epg:291 - 頻道 彰化生活台 獲取 144 個節目
2026-07-17 22:19:39.461 | INFO     | __main__:get_tbc_epg:291 - 頻道 唯心電視台 獲取 228 個節目
2026-07-17 22:19:39.461 | INFO     | __main__:get_tbc_epg:291 - 頻道 美麗人生購物台 獲取 144 個節目
2026-07-17 22:19:39.461 | INFO     | __main__:get_tbc_epg:291 - 頻道 大愛二台  獲取 288 個節目
2026-07-17 22:19:39.461 | INFO     | __main__:get_tbc_epg:291 - 頻道 靖天映畫 獲取 78 個節目
2026-07-17 22:19:39.461 | INFO     | __main__:get_tbc_epg:291 - 頻道 靖洋戲劇台 獲取 152 個節目
2026-07-17 22:19:39.461 | INFO     | __main__:get_tbc_epg:291 - 頻道 ROCK Action 獲取 88 個節目
2026-07-17 22:19:39.461 | INFO     | __main__:get_tbc_epg:291 - 頻道 Global Trekker 探索世界  獲取 235 個節目
2026-07-17 22:19:39.461 | INFO     | __main__:get_tbc_epg:291 - 頻道 靖天綜合台 獲取 144 個節目
2026-07-17 22:19:39.461 | INFO     | __main__:get_tbc_epg:291 - 頻道 寶島文化台 獲取 144 個節目
2026-07-17 22:19:39.461 | INFO     | __main__:get_tbc_epg:291 - 頻道 TaiwanPlus 獲取 340 個節目
2026-07-17 22:19:39.461 | INFO     | __main__:get_tbc_epg:291 - 頻道 BBC News 獲取 303 個節目
2026-07-17 22:19:39.461 | INFO     | __main__:get_tbc_epg:291 - 頻道 民視第一台 獲取 197 個節目
2026-07-17 22:19:39.461 | INFO     | __main__:get_tbc_epg:291 - 頻道 民視台灣台 獲取 171 個節目
2026-07-17 22:19:39.461 | INFO     | __main__:get_tbc_epg:291 - 頻道 中視新聞台 獲取 144 個節目
2026-07-17 22:19:39.461 | INFO     | __main__:get_tbc_epg:291 - 頻道 台視新聞台 獲取 153 個節目
2026-07-17 22:19:39.462 | INFO     | __main__:get_tbc_epg:291 - 頻道 台視財經台 獲取 129 個節目
2026-07-17 22:19:39.462 | INFO     | __main__:get_tbc_epg:291 - 頻道 台視綜合台 獲取 147 個節目
2026-07-17 22:19:39.462 | INFO     | __main__:get_tbc_epg:291 - 頻道 彭博財經台 獲取 148 個節目
2026-07-17 22:19:39.462 | INFO     | __main__:get_tbc_epg:291 - 頻道 Channel NewsAsia 獲取 186 個節目
2026-07-17 22:19:39.462 | INFO     | __main__:get_tbc_epg:291 - 頻道 韓國阿里郎 獲取 323 個節目
2026-07-17 22:19:39.462 | INFO     | __main__:get_tbc_epg:291 - 頻道 DREAMWORKS 獲取 360 個節目
2026-07-17 22:19:39.462 | INFO     | __main__:get_tbc_epg:291 - 頻道 Warner TV 獲取 229 個節目
2026-07-17 22:19:39.462 | INFO     | __main__:get_tbc_epg:291 - 頻道 靖天電影台 獲取 84 個節目
2026-07-17 22:19:39.462 | INFO     | __main__:get_tbc_epg:291 - 頻道 CinemaWorld 獲取 93 個節目
2026-07-17 22:19:39.462 | INFO     | __main__:get_tbc_epg:291 - 頻道 HBO HD 獲取 187 個節目
2026-07-17 22:19:39.462 | INFO     | __main__:get_tbc_epg:291 - 頻道 HBO 強檔鉅獻 獲取 94 個節目
2026-07-17 22:19:39.462 | INFO     | __main__:get_tbc_epg:291 - 頻道 HBO 原創鉅獻 獲取 101 個節目
2026-07-17 22:19:39.462 | INFO     | __main__:get_tbc_epg:291 - 頻道 HBO 溫馨家庭 獲取 297 個節目
2026-07-17 22:19:39.462 | INFO     | __main__:get_tbc_epg:291 - 頻道 靖天日本台 獲取 226 個節目
2026-07-17 22:19:39.462 | INFO     | __main__:get_tbc_epg:291 - 頻道 EVE 獲取 246 個節目
2026-07-17 22:19:39.462 | INFO     | __main__:get_tbc_epg:291 - 頻道 tvN 獲取 105 個節目
2026-07-17 22:19:39.463 | INFO     | __main__:get_tbc_epg:291 - 頻道 靖天歡樂台 獲取 150 個節目
2026-07-17 22:19:39.463 | INFO     | __main__:get_tbc_epg:291 - 頻道 HITS 獲取 152 個節目
2026-07-17 22:19:39.463 | INFO     | __main__:get_tbc_epg:291 - 頻道 韓國娛樂台KMTV 獲取 229 個節目
2026-07-17 22:19:39.463 | INFO     | __main__:get_tbc_epg:291 - 頻道 靖天育樂台 獲取 159 個節目
2026-07-17 22:19:39.463 | INFO     | __main__:get_tbc_epg:291 - 頻道 Lifetime 獲取 145 個節目
2026-07-17 22:19:39.463 | INFO     | __main__:get_tbc_epg:291 - 頻道 罪案偵緝頻道 獲取 186 個節目
2026-07-17 22:19:39.463 | INFO     | __main__:get_tbc_epg:291 - 頻道 寵物頻道 獲取 164 個節目
2026-07-17 22:19:39.463 | INFO     | __main__:get_tbc_epg:291 - 頻道 歷史頻道 獲取 168 個節目
2026-07-17 22:19:39.463 | INFO     | __main__:get_tbc_epg:291 - 頻道 Discovery Asia 獲取 203 個節目
2026-07-17 22:19:39.463 | INFO     | __main__:get_tbc_epg:291 - 頻道 Discovery科學頻道 獲取 235 個節目
2026-07-17 22:19:39.463 | INFO     | __main__:get_tbc_epg:291 - 頻道 DMAX 獲取 221 個節目
2026-07-17 22:19:39.463 | INFO     | __main__:get_tbc_epg:291 - 頻道 寰宇新聞台灣台 獲取 150 個節目
2026-07-17 22:19:39.463 | INFO     | __main__:get_tbc_epg:291 - 頻道 亞洲旅遊台 獲取 144 個節目
2026-07-17 22:19:39.463 | INFO     | __main__:get_tbc_epg:291 - 頻道 梅迪奇藝術 獲取 102 個節目
2026-07-17 22:19:39.463 | INFO     | __main__:get_tbc_epg:291 - 頻道 博斯運動二台 獲取 72 個節目
2026-07-17 22:19:39.464 | INFO     | __main__:get_tbc_epg:291 - 頻道 博斯網球台 獲取 50 個節目
2026-07-17 22:19:39.464 | INFO     | __main__:get_tbc_epg:291 - 頻道 博斯無限台 獲取 68 個節目
2026-07-17 22:19:39.464 | INFO     | __main__:get_tbc_epg:291 - 頻道 博斯高球1台 獲取 32 個節目
2026-07-17 22:19:39.464 | INFO     | __main__:get_tbc_epg:291 - 頻道 博斯高球2台 獲取 50 個節目
2026-07-17 22:19:39.464 | INFO     | __main__:get_tbc_epg:291 - 頻道 博斯魅力網 獲取 78 個節目
2026-07-17 22:19:39.464 | INFO     | __main__:get_tbc_epg:291 - 頻道 博斯運動一台 獲取 50 個節目
2026-07-17 22:19:39.464 | INFO     | __main__:get_tbc_epg:291 - 頻道 博斯無限二台 獲取 90 個節目
2026-07-17 22:19:39.464 | INFO     | __main__:get_tbc_epg:291 - 頻道 尼克兒童頻道 獲取 401 個節目
2026-07-17 22:19:39.464 | INFO     | __main__:get_tbc_epg:291 - 頻道 達文西頻道 獲取 591 個節目
2026-07-17 22:19:39.464 | INFO     | __main__:get_tbc_epg:291 - 頻道 CBeebies 獲取 1001 個節目
2026-07-17 22:19:39.464 | INFO     | __main__:get_tbc_epg:291 - 頻道 CARTOONITO 獲取 252 個節目
2026-07-17 22:19:39.464 | INFO     | __main__:get_tbc_epg:291 - 頻道 靖洋卡通台 獲取 273 個節目
2026-07-17 22:19:39.464 | INFO     | __main__:get_tbc_epg:291 - 頻道 靖天卡通台 獲取 252 個節目
2026-07-17 22:19:39.464 | INFO     | __main__:get_tbc_epg:291 - 頻道 LOVE NATURE 4K 獲取 168 個節目
2026-07-17 22:19:39.464 | INFO     | __main__:get_tbc_epg:291 - 頻道 ROCK ENTERTAINMENT 獲取 173 個節目
2026-07-17 22:19:39.464 | INFO     | __main__:get_tbc_epg:291 - 頻道 ROCK EXTREME 獲取 138 個節目
2026-07-17 22:19:39.464 | INFO     | __main__:get_tbc_epg:291 - 頻道 彩虹頻道 獲取 148 個節目
2026-07-17 22:19:39.464 | INFO     | __main__:get_tbc_epg:291 - 頻道 彩虹e台 獲取 58 個節目
2026-07-17 22:19:39.464 | INFO     | __main__:get_tbc_epg:291 - 頻道 彩虹電影台 獲取 60 個節目
2026-07-17 22:19:39.464 | INFO     | __main__:get_tbc_epg:291 - 頻道 K 頻道 獲取 74 個節目
2026-07-17 22:19:39.465 | INFO     | __main__:get_tbc_epg:291 - 頻道 松視1台 獲取 72 個節目
2026-07-17 22:19:39.465 | INFO     | __main__:get_tbc_epg:291 - 頻道 松視2台 獲取 72 個節目
2026-07-17 22:19:39.465 | INFO     | __main__:get_tbc_epg:291 - 頻道 松視3台 獲取 96 個節目
2026-07-17 22:19:39.465 | INFO     | __main__:get_tbc_epg:291 - 頻道 松視4台 獲取 124 個節目
2026-07-17 22:19:39.465 | INFO     | __main__:get_tbc_epg:291 - 頻道 潘朵啦高畫質玩美台 獲取 72 個節目
2026-07-17 22:19:39.465 | INFO     | __main__:get_tbc_epg:291 - 頻道 潘朵啦高畫質粉紅台 獲取 78 個節目
2026-07-17 22:19:39.465 | INFO     | __main__:get_tbc_epg:291 - 頻道 JStar極限台電影頻道 獲取 95 個節目
2026-07-17 22:19:39.465 | INFO     | __main__:get_tbc_epg:291 - 頻道 驚豔成人電影台 獲取 65 個節目
2026-07-17 22:19:39.465 | INFO     | __main__:get_tbc_epg:291 - 頻道 香蕉台 獲取 102 個節目
2026-07-17 22:19:39.465 | INFO     | __main__:get_tbc_epg:291 - 頻道 樂活頻道 獲取 102 個節目
2026-07-17 22:19:39.465 | INFO     | __main__:get_tbc_epg:291 - 頻道 玩家頻道 獲取 144 個節目
2026-07-17 22:19:39.465 | INFO     | __main__:get_tbc_epg:291 - 頻道 Happy 獲取 72 個節目
2026-07-17 22:19:39.465 | INFO     | __main__:get_tbc_epg:291 - 頻道 Hot 獲取 144 個節目
2026-07-17 22:19:39.465 | INFO     | __main__:get_tbc_epg:292 - 總計獲取 32301 個節目
2026-07-17 22:19:42.799 | INFO     | __main__:main:361 - EPG 已儲存到 ./output/epg_tbc.xml
2026-07-17 22:19:42.800 | INFO     | __main__:main:363 - ========== 抓取完成 ==========
2026-07-18 02:20:35 | INFO | ==================================================
2026-07-18 02:20:35 | INFO | 開始生成四季線上電子節目單
2026-07-18 02:20:35 | INFO | 輸出目錄: /home/runner/work/EPG/EPG/output
2026-07-18 02:20:35 | SUCCESS | 已更新本地頻道檔案，保存 132 個頻道
2026-07-18 02:20:35 | SUCCESS | 從 API 獲取到 132 個頻道（已跳過 9 個）
2026-07-18 02:20:35 | INFO | 成功加載 132 個頻道
2026-07-18 02:20:54 | INFO | 共獲取 13278 個節目
2026-07-18 02:20:54 | INFO | 電子節目單已生成: /home/runner/work/EPG/EPG/output/4g.xml
2026-07-18 02:20:54 | SUCCESS | EPG 生成完成
2026-07-19 02:32:33 | INFO | ==================================================
2026-07-19 02:32:33 | INFO | 開始生成四季線上電子節目單
2026-07-19 02:32:33 | INFO | 輸出目錄: /home/runner/work/EPG/EPG/output
2026-07-19 02:32:34 | SUCCESS | 已更新本地頻道檔案，保存 132 個頻道
2026-07-19 02:32:34 | SUCCESS | 從 API 獲取到 132 個頻道（已跳過 9 個）
2026-07-19 02:32:34 | INFO | 成功加載 132 個頻道
2026-07-19 02:32:49 | INFO | 共獲取 13329 個節目
2026-07-19 02:32:49 | INFO | 電子節目單已生成: /home/runner/work/EPG/EPG/output/4g.xml
2026-07-19 02:32:49 | SUCCESS | EPG 生成完成
2026-07-20 02:47:47 | INFO | ==================================================
2026-07-20 02:47:47 | INFO | 開始生成四季線上電子節目單
2026-07-20 02:47:47 | INFO | 輸出目錄: /home/runner/work/EPG/EPG/output
2026-07-20 02:47:48 | SUCCESS | 已更新本地頻道檔案，保存 132 個頻道
2026-07-20 02:47:48 | SUCCESS | 從 API 獲取到 132 個頻道（已跳過 9 個）
2026-07-20 02:47:48 | INFO | 成功加載 132 個頻道
2026-07-20 02:48:03 | INFO | 共獲取 13458 個節目
2026-07-20 02:48:03 | INFO | 電子節目單已生成: /home/runner/work/EPG/EPG/output/4g.xml
2026-07-20 02:48:03 | SUCCESS | EPG 生成完成
2026-07-20 22:13:37.800 | INFO     | __main__:main:350 - ========== 開始抓取 TBC EPG ==========
2026-07-20 22:13:37.800 | INFO     | __main__:get_tbc_epg:246 - 正在獲取TBC EPG
2026-07-20 22:13:42.448 | INFO     | __main__:get_channels_tbc:161 - 成功獲取 233 個頻道
2026-07-20 22:13:42.448 | INFO     | __main__:get_tbc_epg:258 - 正在獲取 2026/07/21 節目表
2026-07-20 22:15:30.152 | INFO     | __main__:get_tbc_epg:258 - 正在獲取 2026/07/22 節目表
2026-07-20 22:17:16.805 | INFO     | __main__:get_tbc_epg:258 - 正在獲取 2026/07/23 節目表
2026-07-20 22:19:07.569 | INFO     | __main__:get_tbc_epg:258 - 正在獲取 2026/07/24 節目表
2026-07-20 22:20:57.956 | INFO     | __main__:get_tbc_epg:258 - 正在獲取 2026/07/25 節目表
2026-07-20 22:22:45.076 | INFO     | __main__:get_tbc_epg:258 - 正在獲取 2026/07/26 節目表
2026-07-20 22:24:30.416 | INFO     | __main__:get_tbc_epg:291 - 頻道 南桃園節目總表 獲取 144 個節目
2026-07-20 22:24:30.417 | INFO     | __main__:get_tbc_epg:291 - 頻道 南桃園公用頻道 獲取 193 個節目
2026-07-20 22:24:30.417 | INFO     | __main__:get_tbc_epg:291 - 頻道 CNN 獲取 185 個節目
2026-07-20 22:24:30.417 | INFO     | __main__:get_tbc_epg:291 - 頻道 民視無線台 獲取 205 個節目
2026-07-20 22:24:30.417 | INFO     | __main__:get_tbc_epg:291 - 頻道 TBC桃園生活台 獲取 240 個節目
2026-07-20 22:24:30.417 | INFO     | __main__:get_tbc_epg:291 - 頻道 台視 獲取 165 個節目
2026-07-20 22:24:30.417 | INFO     | __main__:get_tbc_epg:291 - 頻道 大愛電視台 獲取 376 個節目
2026-07-20 22:24:30.417 | INFO     | __main__:get_tbc_epg:291 - 頻道 中視 獲取 150 個節目
2026-07-20 22:24:30.417 | INFO     | __main__:get_tbc_epg:291 - 頻道 人間衛視 獲取 184 個節目
2026-07-20 22:24:30.417 | INFO     | __main__:get_tbc_epg:291 - 頻道 華視 獲取 151 個節目
2026-07-20 22:24:30.417 | INFO     | __main__:get_tbc_epg:291 - 頻道 公共電視 獲取 220 個節目
2026-07-20 22:24:30.417 | INFO     | __main__:get_tbc_epg:291 - 頻道 公視台語台 獲取 155 個節目
2026-07-20 22:24:30.417 | INFO     | __main__:get_tbc_epg:291 - 頻道 好消息頻道 獲取 278 個節目
2026-07-20 22:24:30.417 | INFO     | __main__:get_tbc_epg:291 - 頻道 原住民頻道 獲取 171 個節目
2026-07-20 22:24:30.417 | INFO     | __main__:get_tbc_epg:291 - 頻道 客家電視台 獲取 220 個節目
2026-07-20 22:24:30.417 | INFO     | __main__:get_tbc_epg:291 - 頻道 BBC Earth 獲取 152 個節目
2026-07-20 22:24:30.417 | INFO     | __main__:get_tbc_epg:291 - 頻道 Discovery 獲取 202 個節目
2026-07-20 22:24:30.417 | INFO     | __main__:get_tbc_epg:291 - 頻道 TLC旅遊生活頻道 獲取 170 個節目
2026-07-20 22:24:30.417 | INFO     | __main__:get_tbc_epg:291 - 頻道 動物星球 獲取 167 個節目
2026-07-20 22:24:30.417 | INFO     | __main__:get_tbc_epg:291 - 頻道 卡通頻道 獲取 203 個節目
2026-07-20 22:24:30.417 | INFO     | __main__:get_tbc_epg:291 - 頻道 小尼克頻道 獲取 442 個節目
2026-07-20 22:24:30.417 | INFO     | __main__:get_tbc_epg:291 - 頻道 MOMO親子台 獲取 215 個節目
2026-07-20 22:24:30.417 | INFO     | __main__:get_tbc_epg:291 - 頻道 東森幼幼台 獲取 380 個節目
2026-07-20 22:24:30.417 | INFO     | __main__:get_tbc_epg:291 - 頻道 緯來綜合台 獲取 141 個節目
2026-07-20 22:24:30.417 | INFO     | __main__:get_tbc_epg:291 - 頻道 八大第一台 獲取 141 個節目
2026-07-20 22:24:30.417 | INFO     | __main__:get_tbc_epg:291 - 頻道 八大綜合台 獲取 153 個節目
2026-07-20 22:24:30.417 | INFO     | __main__:get_tbc_epg:291 - 頻道 三立台灣台 獲取 134 個節目
2026-07-20 22:24:30.417 | INFO     | __main__:get_tbc_epg:291 - 頻道 三立都會台 獲取 135 個節目
2026-07-20 22:24:30.417 | INFO     | __main__:get_tbc_epg:291 - 頻道 華藝中文台 獲取 168 個節目
2026-07-20 22:24:30.417 | INFO     | __main__:get_tbc_epg:291 - 頻道 東森綜合台 獲取 138 個節目
2026-07-20 22:24:30.417 | INFO     | __main__:get_tbc_epg:291 - 頻道 東森超視 獲取 136 個節目
2026-07-20 22:24:30.417 | INFO     | __main__:get_tbc_epg:291 - 頻道 東森購物2台 獲取 144 個節目
2026-07-20 22:24:30.418 | INFO     | __main__:get_tbc_epg:291 - 頻道 MOMO 2台 獲取 144 個節目
2026-07-20 22:24:30.418 | INFO     | __main__:get_tbc_epg:291 - 頻道 中天綜合台 獲取 116 個節目
2026-07-20 22:24:30.418 | INFO     | __main__:get_tbc_epg:291 - 頻道 東風衛視 獲取 153 個節目
2026-07-20 22:24:30.418 | INFO     | __main__:get_tbc_epg:291 - 頻道 年代MUCH TV 獲取 178 個節目
2026-07-20 22:24:30.418 | INFO     | __main__:get_tbc_epg:291 - 頻道 中天娛樂台 獲取 134 個節目
2026-07-20 22:24:30.418 | INFO     | __main__:get_tbc_epg:291 - 頻道 東森戲劇台 獲取 142 個節目
2026-07-20 22:24:30.418 | INFO     | __main__:get_tbc_epg:291 - 頻道 八大戲劇台 獲取 144 個節目
2026-07-20 22:24:30.418 | INFO     | __main__:get_tbc_epg:291 - 頻道 TVBS歡樂台 獲取 142 個節目
2026-07-20 22:24:30.418 | INFO     | __main__:get_tbc_epg:291 - 頻道 緯來戲劇台 獲取 139 個節目
2026-07-20 22:24:30.418 | INFO     | __main__:get_tbc_epg:291 - 頻道 高點電視台 獲取 144 個節目
2026-07-20 22:24:30.418 | INFO     | __main__:get_tbc_epg:291 - 頻道 JET綜合台 獲取 137 個節目
2026-07-20 22:24:30.418 | INFO     | __main__:get_tbc_epg:291 - 頻道 東森購物3台 獲取 144 個節目
2026-07-20 22:24:30.418 | INFO     | __main__:get_tbc_epg:291 - 頻道 東森購物1台 獲取 144 個節目
2026-07-20 22:24:30.418 | INFO     | __main__:get_tbc_epg:291 - 頻道 MOMO 1台 獲取 144 個節目
2026-07-20 22:24:30.418 | INFO     | __main__:get_tbc_epg:291 - 頻道 壹電視新聞台 獲取 111 個節目
2026-07-20 22:24:30.418 | INFO     | __main__:get_tbc_epg:291 - 頻道 年代新聞台 獲取 115 個節目
2026-07-20 22:24:30.418 | INFO     | __main__:get_tbc_epg:291 - 頻道 東森新聞台 獲取 133 個節目
2026-07-20 22:24:30.418 | INFO     | __main__:get_tbc_epg:291 - 頻道 民視新聞台 獲取 143 個節目
2026-07-20 22:24:30.418 | INFO     | __main__:get_tbc_epg:291 - 頻道 三立新聞台 獲取 138 個節目
2026-07-20 22:24:30.418 | INFO     | __main__:get_tbc_epg:291 - 頻道 TVBS 新聞台 獲取 114 個節目
2026-07-20 22:24:30.418 | INFO     | __main__:get_tbc_epg:291 - 頻道 TVBS 獲取 119 個節目
2026-07-20 22:24:30.418 | INFO     | __main__:get_tbc_epg:291 - 頻道 東森財經新聞台 獲取 138 個節目
2026-07-20 22:24:30.418 | INFO     | __main__:get_tbc_epg:291 - 頻道 非凡新聞台 獲取 148 個節目
2026-07-20 22:24:30.418 | INFO     | __main__:get_tbc_epg:291 - 頻道 ViVa1台 獲取 144 個節目
2026-07-20 22:24:30.418 | INFO     | __main__:get_tbc_epg:291 - 頻道 東森購物5台 獲取 144 個節目
2026-07-20 22:24:30.418 | INFO     | __main__:get_tbc_epg:291 - 頻道 CATCHPLAY電影台 獲取 136 個節目
2026-07-20 22:24:30.418 | INFO     | __main__:get_tbc_epg:291 - 頻道 東森電影台 獲取 97 個節目
2026-07-20 22:24:30.418 | INFO     | __main__:get_tbc_epg:291 - 頻道 緯來電影台 獲取 80 個節目
2026-07-20 22:24:30.418 | INFO     | __main__:get_tbc_epg:291 - 頻道 LS Time電影台 獲取 68 個節目
2026-07-20 22:24:30.418 | INFO     | __main__:get_tbc_epg:291 - 頻道 HBO 獲取 92 個節目
2026-07-20 22:24:30.418 | INFO     | __main__:get_tbc_epg:291 - 頻道 東森洋片台 獲取 65 個節目
2026-07-20 22:24:30.418 | INFO     | __main__:get_tbc_epg:291 - 頻道 AXN 獲取 125 個節目
2026-07-20 22:24:30.418 | INFO     | __main__:get_tbc_epg:291 - 頻道 好萊塢電影台 獲取 73 個節目
2026-07-20 22:24:30.418 | INFO     | __main__:get_tbc_epg:291 - 頻道 amc電影台 獲取 103 個節目
2026-07-20 22:24:30.418 | INFO     | __main__:get_tbc_epg:291 - 頻道 緯來育樂台 獲取 135 個節目
2026-07-20 22:24:30.418 | INFO     | __main__:get_tbc_epg:291 - 頻道 CINEMAX 獲取 90 個節目
2026-07-20 22:24:30.418 | INFO     | __main__:get_tbc_epg:291 - 頻道 緯來體育台 獲取 112 個節目
2026-07-20 22:24:30.418 | INFO     | __main__:get_tbc_epg:291 - 頻道 DAZN 1 獲取 85 個節目
2026-07-20 22:24:30.418 | INFO     | __main__:get_tbc_epg:291 - 頻道 DAZN 2 獲取 86 個節目
2026-07-20 22:24:30.418 | INFO     | __main__:get_tbc_epg:291 - 頻道 MOMO綜合台 獲取 155 個節目
2026-07-20 22:24:30.418 | INFO     | __main__:get_tbc_epg:291 - 頻道 緯來日本台 獲取 126 個節目
2026-07-20 22:24:30.418 | INFO     | __main__:get_tbc_epg:291 - 頻道 國興衛視 獲取 194 個節目
2026-07-20 22:24:30.418 | INFO     | __main__:get_tbc_epg:291 - 頻道 BBC Lifestyle 獲取 183 個節目
2026-07-20 22:24:30.418 | INFO     | __main__:get_tbc_epg:291 - 頻道 靖天資訊台 獲取 159 個節目
2026-07-20 22:24:30.418 | INFO     | __main__:get_tbc_epg:291 - 頻道 信吉電視台 獲取 71 個節目
2026-07-20 22:24:30.418 | INFO     | __main__:get_tbc_epg:291 - 頻道 信大電視台 獲取 72 個節目
2026-07-20 22:24:30.419 | INFO     | __main__:get_tbc_epg:291 - 頻道 中台灣生活網頻道 獲取 288 個節目
2026-07-20 22:24:30.419 | INFO     | __main__:get_tbc_epg:291 - 頻道 TBC台中生活台 獲取 288 個節目
2026-07-20 22:24:30.419 | INFO     | __main__:get_tbc_epg:291 - 頻道 鏡電視新聞台 獲取 138 個節目
2026-07-20 22:24:30.419 | INFO     | __main__:get_tbc_epg:291 - 頻道 台灣藝術台 獲取 90 個節目
2026-07-20 22:24:30.419 | INFO     | __main__:get_tbc_epg:291 - 頻道 樂視台 獲取 288 個節目
2026-07-20 22:24:30.419 | INFO     | __main__:get_tbc_epg:291 - 頻道 非凡商業台 獲取 182 個節目
2026-07-20 22:24:30.419 | INFO     | __main__:get_tbc_epg:291 - 頻道 三立財經新聞台 獲取 139 個節目
2026-07-20 22:24:30.419 | INFO     | __main__:get_tbc_epg:291 - 頻道 冠軍電視台 獲取 80 個節目
2026-07-20 22:24:30.419 | INFO     | __main__:get_tbc_epg:291 - 頻道 運通財經綜合台 獲取 288 個節目
2026-07-20 22:24:30.419 | INFO     | __main__:get_tbc_epg:291 - 頻道 SBN全球財經台 獲取 288 個節目
2026-07-20 22:24:30.419 | INFO     | __main__:get_tbc_epg:291 - 頻道 誠心電視台 獲取 72 個節目
2026-07-20 22:24:30.419 | INFO     | __main__:get_tbc_epg:291 - 頻道 NHK 獲取 365 個節目
2026-07-20 22:24:30.419 | INFO     | __main__:get_tbc_epg:291 - 頻道 MTV 獲取 162 個節目
2026-07-20 22:24:30.419 | INFO     | __main__:get_tbc_epg:291 - 頻道 Animax 獲取 288 個節目
2026-07-20 22:24:30.419 | INFO     | __main__:get_tbc_epg:291 - 頻道 霹靂台灣台 獲取 137 個節目
2026-07-20 22:24:30.419 | INFO     | __main__:get_tbc_epg:291 - 頻道 海豚綜合台 獲取 102 個節目
2026-07-20 22:24:30.419 | INFO     | __main__:get_tbc_epg:291 - 頻道 八大娛樂台 獲取 140 個節目
2026-07-20 22:24:30.419 | INFO     | __main__:get_tbc_epg:291 - 頻道 十方法界 獲取 249 個節目
2026-07-20 22:24:30.419 | INFO     | __main__:get_tbc_epg:291 - 頻道 壹電視電影台 獲取 91 個節目
2026-07-20 22:24:30.419 | INFO     | __main__:get_tbc_epg:291 - 頻道 華藏衛視  獲取 167 個節目
2026-07-20 22:24:30.419 | INFO     | __main__:get_tbc_epg:291 - 頻道 壹電視資訊綜合台 獲取 167 個節目
2026-07-20 22:24:30.419 | INFO     | __main__:get_tbc_epg:291 - 頻道 佛衛慈悲台 獲取 185 個節目
2026-07-20 22:24:30.419 | INFO     | __main__:get_tbc_epg:291 - 頻道 紅豆電視台 獲取 84 個節目
2026-07-20 22:24:30.419 | INFO     | __main__:get_tbc_epg:291 - 頻道 全大電視台 獲取 72 個節目
2026-07-20 22:24:30.419 | INFO     | __main__:get_tbc_epg:291 - 頻道 華藝台灣台 獲取 66 個節目
2026-07-20 22:24:30.419 | INFO     | __main__:get_tbc_epg:291 - 頻道 正德電視台 獲取 144 個節目
2026-07-20 22:24:30.419 | INFO     | __main__:get_tbc_epg:291 - 頻道 天良綜合台 獲取 60 個節目
2026-07-20 22:24:30.419 | INFO     | __main__:get_tbc_epg:291 - 頻道 番薯衛星電視台 獲取 24 個節目
2026-07-20 22:24:30.419 | INFO     | __main__:get_tbc_epg:291 - 頻道 富立電視台 獲取 72 個節目
2026-07-20 22:24:30.419 | INFO     | __main__:get_tbc_epg:291 - 頻道 Z頻道 獲取 144 個節目
2026-07-20 22:24:30.419 | INFO     | __main__:get_tbc_epg:291 - 頻道 冠軍夢想台 獲取 72 個節目
2026-07-20 22:24:30.419 | INFO     | __main__:get_tbc_epg:291 - 頻道 新天地民俗台 獲取 144 個節目
2026-07-20 22:24:30.419 | INFO     | __main__:get_tbc_epg:291 - 頻道 三聖電視台 獲取 144 個節目
2026-07-20 22:24:30.419 | INFO     | __main__:get_tbc_epg:291 - 頻道 威達超舜生活台 獲取 90 個節目
2026-07-20 22:24:30.419 | INFO     | __main__:get_tbc_epg:291 - 頻道 天美麗電視台 獲取 48 個節目
2026-07-20 22:24:30.419 | INFO     | __main__:get_tbc_epg:291 - 頻道 大立電視台 獲取 72 個節目
2026-07-20 22:24:30.419 | INFO     | __main__:get_tbc_epg:291 - 頻道 小公視 獲取 237 個節目
2026-07-20 22:24:30.419 | INFO     | __main__:get_tbc_epg:291 - 頻道 華視教育體育文化台 獲取 270 個節目
2026-07-20 22:24:30.419 | INFO     | __main__:get_tbc_epg:291 - 頻道 國會頻道1台 獲取 72 個節目
2026-07-20 22:24:30.419 | INFO     | __main__:get_tbc_epg:291 - 頻道 國會頻道2台 獲取 72 個節目
2026-07-20 22:24:30.419 | INFO     | __main__:get_tbc_epg:291 - 頻道 幸福空間居家台 獲取 146 個節目
2026-07-20 22:24:30.419 | INFO     | __main__:get_tbc_epg:291 - 頻道 高點育樂台 獲取 148 個節目
2026-07-20 22:24:30.419 | INFO     | __main__:get_tbc_epg:291 - 頻道 台灣綜合台 獲取 144 個節目
2026-07-20 22:24:30.419 | INFO     | __main__:get_tbc_epg:291 - 頻道 大台中生活頻道 獲取 147 個節目
2026-07-20 22:24:30.419 | INFO     | __main__:get_tbc_epg:291 - 頻道 彰化生活台 獲取 144 個節目
2026-07-20 22:24:30.419 | INFO     | __main__:get_tbc_epg:291 - 頻道 唯心電視台 獲取 228 個節目
2026-07-20 22:24:30.419 | INFO     | __main__:get_tbc_epg:291 - 頻道 美麗人生購物台 獲取 144 個節目
2026-07-20 22:24:30.419 | INFO     | __main__:get_tbc_epg:291 - 頻道 大愛二台  獲取 287 個節目
2026-07-20 22:24:30.419 | INFO     | __main__:get_tbc_epg:291 - 頻道 靖天映畫 獲取 78 個節目
2026-07-20 22:24:30.419 | INFO     | __main__:get_tbc_epg:291 - 頻道 靖洋戲劇台 獲取 152 個節目
2026-07-20 22:24:30.419 | INFO     | __main__:get_tbc_epg:291 - 頻道 ROCK Action 獲取 88 個節目
2026-07-20 22:24:30.419 | INFO     | __main__:get_tbc_epg:291 - 頻道 Global Trekker 探索世界  獲取 222 個節目
2026-07-20 22:24:30.419 | INFO     | __main__:get_tbc_epg:291 - 頻道 靖天綜合台 獲取 144 個節目
2026-07-20 22:24:30.420 | INFO     | __main__:get_tbc_epg:291 - 頻道 寶島文化台 獲取 144 個節目
2026-07-20 22:24:30.420 | INFO     | __main__:get_tbc_epg:291 - 頻道 TaiwanPlus 獲取 339 個節目
2026-07-20 22:24:30.420 | INFO     | __main__:get_tbc_epg:291 - 頻道 BBC News 獲取 304 個節目
2026-07-20 22:24:30.420 | INFO     | __main__:get_tbc_epg:291 - 頻道 民視第一台 獲取 199 個節目
2026-07-20 22:24:30.420 | INFO     | __main__:get_tbc_epg:291 - 頻道 民視台灣台 獲取 172 個節目
2026-07-20 22:24:30.420 | INFO     | __main__:get_tbc_epg:291 - 頻道 中視新聞台 獲取 144 個節目
2026-07-20 22:24:30.420 | INFO     | __main__:get_tbc_epg:291 - 頻道 台視新聞台 獲取 153 個節目
2026-07-20 22:24:30.420 | INFO     | __main__:get_tbc_epg:291 - 頻道 台視財經台 獲取 131 個節目
2026-07-20 22:24:30.420 | INFO     | __main__:get_tbc_epg:291 - 頻道 台視綜合台 獲取 148 個節目
2026-07-20 22:24:30.420 | INFO     | __main__:get_tbc_epg:291 - 頻道 彭博財經台 獲取 140 個節目
2026-07-20 22:24:30.420 | INFO     | __main__:get_tbc_epg:291 - 頻道 Channel NewsAsia 獲取 183 個節目
2026-07-20 22:24:30.420 | INFO     | __main__:get_tbc_epg:291 - 頻道 韓國阿里郎 獲取 323 個節目
2026-07-20 22:24:30.420 | INFO     | __main__:get_tbc_epg:291 - 頻道 DREAMWORKS 獲取 348 個節目
2026-07-20 22:24:30.420 | INFO     | __main__:get_tbc_epg:291 - 頻道 Warner TV 獲取 226 個節目
2026-07-20 22:24:30.420 | INFO     | __main__:get_tbc_epg:291 - 頻道 靖天電影台 獲取 83 個節目
2026-07-20 22:24:30.420 | INFO     | __main__:get_tbc_epg:291 - 頻道 CinemaWorld 獲取 93 個節目
2026-07-20 22:24:30.420 | INFO     | __main__:get_tbc_epg:291 - 頻道 HBO HD 獲取 191 個節目
2026-07-20 22:24:30.420 | INFO     | __main__:get_tbc_epg:291 - 頻道 HBO 強檔鉅獻 獲取 94 個節目
2026-07-20 22:24:30.420 | INFO     | __main__:get_tbc_epg:291 - 頻道 HBO 原創鉅獻 獲取 106 個節目
2026-07-20 22:24:30.420 | INFO     | __main__:get_tbc_epg:291 - 頻道 HBO 溫馨家庭 獲取 296 個節目
2026-07-20 22:24:30.420 | INFO     | __main__:get_tbc_epg:291 - 頻道 靖天日本台 獲取 228 個節目
2026-07-20 22:24:30.420 | INFO     | __main__:get_tbc_epg:291 - 頻道 EVE 獲取 246 個節目
2026-07-20 22:24:30.420 | INFO     | __main__:get_tbc_epg:291 - 頻道 tvN 獲取 109 個節目
2026-07-20 22:24:30.420 | INFO     | __main__:get_tbc_epg:291 - 頻道 靖天歡樂台 獲取 150 個節目
2026-07-20 22:24:30.420 | INFO     | __main__:get_tbc_epg:291 - 頻道 HITS 獲取 157 個節目
2026-07-20 22:24:30.420 | INFO     | __main__:get_tbc_epg:291 - 頻道 韓國娛樂台KMTV 獲取 231 個節目
2026-07-20 22:24:30.420 | INFO     | __main__:get_tbc_epg:291 - 頻道 靖天育樂台 獲取 161 個節目
2026-07-20 22:24:30.420 | INFO     | __main__:get_tbc_epg:291 - 頻道 Lifetime 獲取 146 個節目
2026-07-20 22:24:30.420 | INFO     | __main__:get_tbc_epg:291 - 頻道 罪案偵緝頻道 獲取 187 個節目
2026-07-20 22:24:30.420 | INFO     | __main__:get_tbc_epg:291 - 頻道 寵物頻道 獲取 164 個節目
2026-07-20 22:24:30.420 | INFO     | __main__:get_tbc_epg:291 - 頻道 歷史頻道 獲取 167 個節目
2026-07-20 22:24:30.420 | INFO     | __main__:get_tbc_epg:291 - 頻道 Discovery Asia 獲取 209 個節目
2026-07-20 22:24:30.420 | INFO     | __main__:get_tbc_epg:291 - 頻道 Discovery科學頻道 獲取 233 個節目
2026-07-20 22:24:30.420 | INFO     | __main__:get_tbc_epg:291 - 頻道 DMAX 獲取 217 個節目
2026-07-20 22:24:30.420 | INFO     | __main__:get_tbc_epg:291 - 頻道 寰宇新聞台灣台 獲取 150 個節目
2026-07-20 22:24:30.421 | INFO     | __main__:get_tbc_epg:291 - 頻道 亞洲旅遊台 獲取 144 個節目
2026-07-20 22:24:30.421 | INFO     | __main__:get_tbc_epg:291 - 頻道 梅迪奇藝術 獲取 102 個節目
2026-07-20 22:24:30.421 | INFO     | __main__:get_tbc_epg:291 - 頻道 博斯運動二台 獲取 72 個節目
2026-07-20 22:24:30.421 | INFO     | __main__:get_tbc_epg:291 - 頻道 博斯網球台 獲取 46 個節目
2026-07-20 22:24:30.421 | INFO     | __main__:get_tbc_epg:291 - 頻道 博斯無限台 獲取 66 個節目
2026-07-20 22:24:30.421 | INFO     | __main__:get_tbc_epg:291 - 頻道 博斯高球1台 獲取 41 個節目
2026-07-20 22:24:30.421 | INFO     | __main__:get_tbc_epg:291 - 頻道 博斯高球2台 獲取 49 個節目
2026-07-20 22:24:30.421 | INFO     | __main__:get_tbc_epg:291 - 頻道 博斯魅力網 獲取 65 個節目
2026-07-20 22:24:30.421 | INFO     | __main__:get_tbc_epg:291 - 頻道 博斯運動一台 獲取 51 個節目
2026-07-20 22:24:30.421 | INFO     | __main__:get_tbc_epg:291 - 頻道 博斯無限二台 獲取 88 個節目
2026-07-20 22:24:30.421 | INFO     | __main__:get_tbc_epg:291 - 頻道 尼克兒童頻道 獲取 401 個節目
2026-07-20 22:24:30.421 | INFO     | __main__:get_tbc_epg:291 - 頻道 達文西頻道 獲取 585 個節目
2026-07-20 22:24:30.421 | INFO     | __main__:get_tbc_epg:291 - 頻道 CBeebies 獲取 995 個節目
2026-07-20 22:24:30.421 | INFO     | __main__:get_tbc_epg:291 - 頻道 CARTOONITO 獲取 252 個節目
2026-07-20 22:24:30.421 | INFO     | __main__:get_tbc_epg:291 - 頻道 靖洋卡通台 獲取 264 個節目
2026-07-20 22:24:30.421 | INFO     | __main__:get_tbc_epg:291 - 頻道 靖天卡通台 獲取 251 個節目
2026-07-20 22:24:30.421 | INFO     | __main__:get_tbc_epg:291 - 頻道 LOVE NATURE 4K 獲取 168 個節目
2026-07-20 22:24:30.421 | INFO     | __main__:get_tbc_epg:291 - 頻道 ROCK ENTERTAINMENT 獲取 137 個節目
2026-07-20 22:24:30.421 | INFO     | __main__:get_tbc_epg:291 - 頻道 ROCK EXTREME 獲取 140 個節目
2026-07-20 22:24:30.421 | INFO     | __main__:get_tbc_epg:291 - 頻道 彩虹頻道 獲取 139 個節目
2026-07-20 22:24:30.421 | INFO     | __main__:get_tbc_epg:291 - 頻道 彩虹e台 獲取 58 個節目
2026-07-20 22:24:30.421 | INFO     | __main__:get_tbc_epg:291 - 頻道 彩虹電影台 獲取 59 個節目
2026-07-20 22:24:30.421 | INFO     | __main__:get_tbc_epg:291 - 頻道 K 頻道 獲取 73 個節目
2026-07-20 22:24:30.421 | INFO     | __main__:get_tbc_epg:291 - 頻道 松視1台 獲取 72 個節目
2026-07-20 22:24:30.421 | INFO     | __main__:get_tbc_epg:291 - 頻道 松視2台 獲取 72 個節目
2026-07-20 22:24:30.421 | INFO     | __main__:get_tbc_epg:291 - 頻道 松視3台 獲取 102 個節目
2026-07-20 22:24:30.421 | INFO     | __main__:get_tbc_epg:291 - 頻道 松視4台 獲取 118 個節目
2026-07-20 22:24:30.421 | INFO     | __main__:get_tbc_epg:291 - 頻道 潘朵啦高畫質玩美台 獲取 72 個節目
2026-07-20 22:24:30.421 | INFO     | __main__:get_tbc_epg:291 - 頻道 潘朵啦高畫質粉紅台 獲取 78 個節目
2026-07-20 22:24:30.422 | INFO     | __main__:get_tbc_epg:291 - 頻道 JStar極限台電影頻道 獲取 94 個節目
2026-07-20 22:24:30.422 | INFO     | __main__:get_tbc_epg:291 - 頻道 驚豔成人電影台 獲取 67 個節目
2026-07-20 22:24:30.422 | INFO     | __main__:get_tbc_epg:291 - 頻道 香蕉台 獲取 97 個節目
2026-07-20 22:24:30.422 | INFO     | __main__:get_tbc_epg:291 - 頻道 樂活頻道 獲取 102 個節目
2026-07-20 22:24:30.422 | INFO     | __main__:get_tbc_epg:291 - 頻道 玩家頻道 獲取 144 個節目
2026-07-20 22:24:30.422 | INFO     | __main__:get_tbc_epg:291 - 頻道 Happy 獲取 72 個節目
2026-07-20 22:24:30.422 | INFO     | __main__:get_tbc_epg:291 - 頻道 Hot 獲取 144 個節目
2026-07-20 22:24:30.422 | INFO     | __main__:get_tbc_epg:292 - 總計獲取 32222 個節目
2026-07-20 22:24:32.937 | INFO     | __main__:main:361 - EPG 已儲存到 ./output/epg_tbc.xml
2026-07-20 22:24:32.937 | INFO     | __main__:main:363 - ========== 抓取完成 ==========
2026-07-21 02:30:31 | INFO | ==================================================
2026-07-21 02:30:31 | INFO | 開始生成四季線上電子節目單
2026-07-21 02:30:31 | INFO | 輸出目錄: /home/runner/work/EPG/EPG/output
2026-07-21 02:30:31 | SUCCESS | 已更新本地頻道檔案，保存 132 個頻道
2026-07-21 02:30:31 | SUCCESS | 從 API 獲取到 132 個頻道（已跳過 9 個）
2026-07-21 02:30:31 | INFO | 成功加載 132 個頻道
2026-07-21 02:30:50 | INFO | 共獲取 13390 個節目
2026-07-21 02:30:50 | INFO | 電子節目單已生成: /home/runner/work/EPG/EPG/output/4g.xml
2026-07-21 02:30:50 | SUCCESS | EPG 生成完成
2026-07-21 22:12:39.744 | INFO     | __main__:main:350 - ========== 開始抓取 TBC EPG ==========
2026-07-21 22:12:39.744 | INFO     | __main__:get_tbc_epg:246 - 正在獲取TBC EPG
2026-07-21 22:12:44.668 | INFO     | __main__:get_channels_tbc:161 - 成功獲取 233 個頻道
2026-07-21 22:12:44.668 | INFO     | __main__:get_tbc_epg:258 - 正在獲取 2026/07/22 節目表
2026-07-21 22:14:33.582 | INFO     | __main__:get_tbc_epg:258 - 正在獲取 2026/07/23 節目表
2026-07-21 22:16:22.250 | INFO     | __main__:get_tbc_epg:258 - 正在獲取 2026/07/24 節目表
2026-07-21 22:18:13.783 | INFO     | __main__:get_tbc_epg:258 - 正在獲取 2026/07/25 節目表
2026-07-21 22:20:03.064 | INFO     | __main__:get_tbc_epg:258 - 正在獲取 2026/07/26 節目表
2026-07-21 22:22:04.772 | INFO     | __main__:get_tbc_epg:258 - 正在獲取 2026/07/27 節目表
2026-07-21 22:23:55.044 | INFO     | __main__:get_tbc_epg:291 - 頻道 南桃園節目總表 獲取 144 個節目
2026-07-21 22:23:55.044 | INFO     | __main__:get_tbc_epg:291 - 頻道 南桃園公用頻道 獲取 192 個節目
2026-07-21 22:23:55.044 | INFO     | __main__:get_tbc_epg:291 - 頻道 CNN 獲取 190 個節目
2026-07-21 22:23:55.044 | INFO     | __main__:get_tbc_epg:291 - 頻道 民視無線台 獲取 205 個節目
2026-07-21 22:23:55.044 | INFO     | __main__:get_tbc_epg:291 - 頻道 TBC桃園生活台 獲取 240 個節目
2026-07-21 22:23:55.044 | INFO     | __main__:get_tbc_epg:291 - 頻道 台視 獲取 164 個節目
2026-07-21 22:23:55.044 | INFO     | __main__:get_tbc_epg:291 - 頻道 大愛電視台 獲取 376 個節目
2026-07-21 22:23:55.045 | INFO     | __main__:get_tbc_epg:291 - 頻道 中視 獲取 148 個節目
2026-07-21 22:23:55.045 | INFO     | __main__:get_tbc_epg:291 - 頻道 人間衛視 獲取 184 個節目
2026-07-21 22:23:55.045 | INFO     | __main__:get_tbc_epg:291 - 頻道 華視 獲取 148 個節目
2026-07-21 22:23:55.045 | INFO     | __main__:get_tbc_epg:291 - 頻道 公共電視 獲取 219 個節目
2026-07-21 22:23:55.045 | INFO     | __main__:get_tbc_epg:291 - 頻道 公視台語台 獲取 154 個節目
2026-07-21 22:23:55.045 | INFO     | __main__:get_tbc_epg:291 - 頻道 好消息頻道 獲取 274 個節目
2026-07-21 22:23:55.045 | INFO     | __main__:get_tbc_epg:291 - 頻道 原住民頻道 獲取 172 個節目
2026-07-21 22:23:55.045 | INFO     | __main__:get_tbc_epg:291 - 頻道 客家電視台 獲取 219 個節目
2026-07-21 22:23:55.045 | INFO     | __main__:get_tbc_epg:291 - 頻道 BBC Earth 獲取 152 個節目
2026-07-21 22:23:55.045 | INFO     | __main__:get_tbc_epg:291 - 頻道 Discovery 獲取 195 個節目
2026-07-21 22:23:55.045 | INFO     | __main__:get_tbc_epg:291 - 頻道 TLC旅遊生活頻道 獲取 177 個節目
2026-07-21 22:23:55.045 | INFO     | __main__:get_tbc_epg:291 - 頻道 動物星球 獲取 168 個節目
2026-07-21 22:23:55.045 | INFO     | __main__:get_tbc_epg:291 - 頻道 卡通頻道 獲取 203 個節目
2026-07-21 22:23:55.045 | INFO     | __main__:get_tbc_epg:291 - 頻道 小尼克頻道 獲取 442 個節目
2026-07-21 22:23:55.045 | INFO     | __main__:get_tbc_epg:291 - 頻道 MOMO親子台 獲取 213 個節目
2026-07-21 22:23:55.046 | INFO     | __main__:get_tbc_epg:291 - 頻道 東森幼幼台 獲取 383 個節目
2026-07-21 22:23:55.046 | INFO     | __main__:get_tbc_epg:291 - 頻道 緯來綜合台 獲取 141 個節目
2026-07-21 22:23:55.046 | INFO     | __main__:get_tbc_epg:291 - 頻道 八大第一台 獲取 140 個節目
2026-07-21 22:23:55.046 | INFO     | __main__:get_tbc_epg:291 - 頻道 八大綜合台 獲取 151 個節目
2026-07-21 22:23:55.046 | INFO     | __main__:get_tbc_epg:291 - 頻道 三立台灣台 獲取 132 個節目
2026-07-21 22:23:55.046 | INFO     | __main__:get_tbc_epg:291 - 頻道 三立都會台 獲取 135 個節目
2026-07-21 22:23:55.046 | INFO     | __main__:get_tbc_epg:291 - 頻道 華藝中文台 獲取 164 個節目
2026-07-21 22:23:55.046 | INFO     | __main__:get_tbc_epg:291 - 頻道 東森綜合台 獲取 134 個節目
2026-07-21 22:23:55.046 | INFO     | __main__:get_tbc_epg:291 - 頻道 東森超視 獲取 135 個節目
2026-07-21 22:23:55.046 | INFO     | __main__:get_tbc_epg:291 - 頻道 東森購物2台 獲取 144 個節目
2026-07-21 22:23:55.046 | INFO     | __main__:get_tbc_epg:291 - 頻道 MOMO 2台 獲取 144 個節目
2026-07-21 22:23:55.046 | INFO     | __main__:get_tbc_epg:291 - 頻道 中天綜合台 獲取 115 個節目
2026-07-21 22:23:55.046 | INFO     | __main__:get_tbc_epg:291 - 頻道 東風衛視 獲取 153 個節目
2026-07-21 22:23:55.046 | INFO     | __main__:get_tbc_epg:291 - 頻道 年代MUCH TV 獲取 179 個節目
2026-07-21 22:23:55.046 | INFO     | __main__:get_tbc_epg:291 - 頻道 中天娛樂台 獲取 133 個節目
2026-07-21 22:23:55.046 | INFO     | __main__:get_tbc_epg:291 - 頻道 東森戲劇台 獲取 142 個節目
2026-07-21 22:23:55.046 | INFO     | __main__:get_tbc_epg:291 - 頻道 八大戲劇台 獲取 144 個節目
2026-07-21 22:23:55.046 | INFO     | __main__:get_tbc_epg:291 - 頻道 TVBS歡樂台 獲取 141 個節目
2026-07-21 22:23:55.046 | INFO     | __main__:get_tbc_epg:291 - 頻道 緯來戲劇台 獲取 138 個節目
2026-07-21 22:23:55.046 | INFO     | __main__:get_tbc_epg:291 - 頻道 高點電視台 獲取 144 個節目
2026-07-21 22:23:55.046 | INFO     | __main__:get_tbc_epg:291 - 頻道 JET綜合台 獲取 138 個節目
2026-07-21 22:23:55.046 | INFO     | __main__:get_tbc_epg:291 - 頻道 東森購物3台 獲取 144 個節目
2026-07-21 22:23:55.046 | INFO     | __main__:get_tbc_epg:291 - 頻道 東森購物1台 獲取 144 個節目
2026-07-21 22:23:55.046 | INFO     | __main__:get_tbc_epg:291 - 頻道 MOMO 1台 獲取 144 個節目
2026-07-21 22:23:55.046 | INFO     | __main__:get_tbc_epg:291 - 頻道 壹電視新聞台 獲取 113 個節目
2026-07-21 22:23:55.046 | INFO     | __main__:get_tbc_epg:291 - 頻道 年代新聞台 獲取 116 個節目
2026-07-21 22:23:55.046 | INFO     | __main__:get_tbc_epg:291 - 頻道 東森新聞台 獲取 131 個節目
2026-07-21 22:23:55.047 | INFO     | __main__:get_tbc_epg:291 - 頻道 民視新聞台 獲取 142 個節目
2026-07-21 22:23:55.047 | INFO     | __main__:get_tbc_epg:291 - 頻道 三立新聞台 獲取 138 個節目
2026-07-21 22:23:55.047 | INFO     | __main__:get_tbc_epg:291 - 頻道 TVBS 新聞台 獲取 114 個節目
2026-07-21 22:23:55.047 | INFO     | __main__:get_tbc_epg:291 - 頻道 TVBS 獲取 118 個節目
2026-07-21 22:23:55.047 | INFO     | __main__:get_tbc_epg:291 - 頻道 東森財經新聞台 獲取 138 個節目
2026-07-21 22:23:55.047 | INFO     | __main__:get_tbc_epg:291 - 頻道 非凡新聞台 獲取 149 個節目
2026-07-21 22:23:55.047 | INFO     | __main__:get_tbc_epg:291 - 頻道 ViVa1台 獲取 144 個節目
2026-07-21 22:23:55.047 | INFO     | __main__:get_tbc_epg:291 - 頻道 東森購物5台 獲取 144 個節目
2026-07-21 22:23:55.047 | INFO     | __main__:get_tbc_epg:291 - 頻道 CATCHPLAY電影台 獲取 135 個節目
2026-07-21 22:23:55.047 | INFO     | __main__:get_tbc_epg:291 - 頻道 東森電影台 獲取 96 個節目
2026-07-21 22:23:55.047 | INFO     | __main__:get_tbc_epg:291 - 頻道 緯來電影台 獲取 80 個節目
2026-07-21 22:23:55.047 | INFO     | __main__:get_tbc_epg:291 - 頻道 LS Time電影台 獲取 67 個節目
2026-07-21 22:23:55.047 | INFO     | __main__:get_tbc_epg:291 - 頻道 HBO 獲取 91 個節目
2026-07-21 22:23:55.047 | INFO     | __main__:get_tbc_epg:291 - 頻道 東森洋片台 獲取 63 個節目
2026-07-21 22:23:55.047 | INFO     | __main__:get_tbc_epg:291 - 頻道 AXN 獲取 122 個節目
2026-07-21 22:23:55.047 | INFO     | __main__:get_tbc_epg:291 - 頻道 好萊塢電影台 獲取 74 個節目
2026-07-21 22:23:55.047 | INFO     | __main__:get_tbc_epg:291 - 頻道 amc電影台 獲取 103 個節目
2026-07-21 22:23:55.047 | INFO     | __main__:get_tbc_epg:291 - 頻道 緯來育樂台 獲取 133 個節目
2026-07-21 22:23:55.048 | INFO     | __main__:get_tbc_epg:291 - 頻道 CINEMAX 獲取 88 個節目
2026-07-21 22:23:55.048 | INFO     | __main__:get_tbc_epg:291 - 頻道 緯來體育台 獲取 112 個節目
2026-07-21 22:23:55.048 | INFO     | __main__:get_tbc_epg:291 - 頻道 DAZN 1 獲取 89 個節目
2026-07-21 22:23:55.048 | INFO     | __main__:get_tbc_epg:291 - 頻道 DAZN 2 獲取 85 個節目
2026-07-21 22:23:55.048 | INFO     | __main__:get_tbc_epg:291 - 頻道 MOMO綜合台 獲取 155 個節目
2026-07-21 22:23:55.048 | INFO     | __main__:get_tbc_epg:291 - 頻道 緯來日本台 獲取 123 個節目
2026-07-21 22:23:55.048 | INFO     | __main__:get_tbc_epg:291 - 頻道 國興衛視 獲取 192 個節目
2026-07-21 22:23:55.048 | INFO     | __main__:get_tbc_epg:291 - 頻道 BBC Lifestyle 獲取 179 個節目
2026-07-21 22:23:55.048 | INFO     | __main__:get_tbc_epg:291 - 頻道 靖天資訊台 獲取 159 個節目
2026-07-21 22:23:55.048 | INFO     | __main__:get_tbc_epg:291 - 頻道 信吉電視台 獲取 71 個節目
2026-07-21 22:23:55.048 | INFO     | __main__:get_tbc_epg:291 - 頻道 信大電視台 獲取 72 個節目
2026-07-21 22:23:55.048 | INFO     | __main__:get_tbc_epg:291 - 頻道 中台灣生活網頻道 獲取 288 個節目
2026-07-21 22:23:55.048 | INFO     | __main__:get_tbc_epg:291 - 頻道 TBC台中生活台 獲取 288 個節目
2026-07-21 22:23:55.048 | INFO     | __main__:get_tbc_epg:291 - 頻道 鏡電視新聞台 獲取 138 個節目
2026-07-21 22:23:55.048 | INFO     | __main__:get_tbc_epg:291 - 頻道 台灣藝術台 獲取 90 個節目
2026-07-21 22:23:55.048 | INFO     | __main__:get_tbc_epg:291 - 頻道 樂視台 獲取 288 個節目
2026-07-21 22:23:55.048 | INFO     | __main__:get_tbc_epg:291 - 頻道 非凡商業台 獲取 183 個節目
2026-07-21 22:23:55.048 | INFO     | __main__:get_tbc_epg:291 - 頻道 三立財經新聞台 獲取 139 個節目
2026-07-21 22:23:55.048 | INFO     | __main__:get_tbc_epg:291 - 頻道 冠軍電視台 獲取 80 個節目
2026-07-21 22:23:55.048 | INFO     | __main__:get_tbc_epg:291 - 頻道 運通財經綜合台 獲取 288 個節目
2026-07-21 22:23:55.049 | INFO     | __main__:get_tbc_epg:291 - 頻道 SBN全球財經台 獲取 288 個節目
2026-07-21 22:23:55.049 | INFO     | __main__:get_tbc_epg:291 - 頻道 誠心電視台 獲取 72 個節目
2026-07-21 22:23:55.049 | INFO     | __main__:get_tbc_epg:291 - 頻道 NHK 獲取 364 個節目
2026-07-21 22:23:55.049 | INFO     | __main__:get_tbc_epg:291 - 頻道 MTV 獲取 162 個節目
2026-07-21 22:23:55.049 | INFO     | __main__:get_tbc_epg:291 - 頻道 Animax 獲取 288 個節目
2026-07-21 22:23:55.049 | INFO     | __main__:get_tbc_epg:291 - 頻道 霹靂台灣台 獲取 139 個節目
2026-07-21 22:23:55.049 | INFO     | __main__:get_tbc_epg:291 - 頻道 海豚綜合台 獲取 102 個節目
2026-07-21 22:23:55.049 | INFO     | __main__:get_tbc_epg:291 - 頻道 八大娛樂台 獲取 140 個節目
2026-07-21 22:23:55.049 | INFO     | __main__:get_tbc_epg:291 - 頻道 十方法界 獲取 249 個節目
2026-07-21 22:23:55.049 | INFO     | __main__:get_tbc_epg:291 - 頻道 壹電視電影台 獲取 93 個節目
2026-07-21 22:23:55.049 | INFO     | __main__:get_tbc_epg:291 - 頻道 華藏衛視  獲取 167 個節目
2026-07-21 22:23:55.049 | INFO     | __main__:get_tbc_epg:291 - 頻道 壹電視資訊綜合台 獲取 167 個節目
2026-07-21 22:23:55.049 | INFO     | __main__:get_tbc_epg:291 - 頻道 佛衛慈悲台 獲取 185 個節目
2026-07-21 22:23:55.050 | INFO     | __main__:get_tbc_epg:291 - 頻道 紅豆電視台 獲取 84 個節目
2026-07-21 22:23:55.050 | INFO     | __main__:get_tbc_epg:291 - 頻道 全大電視台 獲取 72 個節目
2026-07-21 22:23:55.050 | INFO     | __main__:get_tbc_epg:291 - 頻道 華藝台灣台 獲取 66 個節目
2026-07-21 22:23:55.050 | INFO     | __main__:get_tbc_epg:291 - 頻道 正德電視台 獲取 144 個節目
2026-07-21 22:23:55.050 | INFO     | __main__:get_tbc_epg:291 - 頻道 天良綜合台 獲取 60 個節目
2026-07-21 22:23:55.050 | INFO     | __main__:get_tbc_epg:291 - 頻道 番薯衛星電視台 獲取 24 個節目
2026-07-21 22:23:55.050 | INFO     | __main__:get_tbc_epg:291 - 頻道 富立電視台 獲取 72 個節目
2026-07-21 22:23:55.050 | INFO     | __main__:get_tbc_epg:291 - 頻道 Z頻道 獲取 144 個節目
2026-07-21 22:23:55.050 | INFO     | __main__:get_tbc_epg:291 - 頻道 冠軍夢想台 獲取 72 個節目
2026-07-21 22:23:55.050 | INFO     | __main__:get_tbc_epg:291 - 頻道 新天地民俗台 獲取 144 個節目
2026-07-21 22:23:55.050 | INFO     | __main__:get_tbc_epg:291 - 頻道 三聖電視台 獲取 144 個節目
2026-07-21 22:23:55.050 | INFO     | __main__:get_tbc_epg:291 - 頻道 威達超舜生活台 獲取 90 個節目
2026-07-21 22:23:55.051 | INFO     | __main__:get_tbc_epg:291 - 頻道 天美麗電視台 獲取 48 個節目
2026-07-21 22:23:55.051 | INFO     | __main__:get_tbc_epg:291 - 頻道 大立電視台 獲取 72 個節目
2026-07-21 22:23:55.051 | INFO     | __main__:get_tbc_epg:291 - 頻道 小公視 獲取 239 個節目
2026-07-21 22:23:55.051 | INFO     | __main__:get_tbc_epg:291 - 頻道 華視教育體育文化台 獲取 257 個節目
2026-07-21 22:23:55.051 | INFO     | __main__:get_tbc_epg:291 - 頻道 國會頻道1台 獲取 72 個節目
2026-07-21 22:23:55.051 | INFO     | __main__:get_tbc_epg:291 - 頻道 國會頻道2台 獲取 72 個節目
2026-07-21 22:23:55.051 | INFO     | __main__:get_tbc_epg:291 - 頻道 幸福空間居家台 獲取 146 個節目
2026-07-21 22:23:55.051 | INFO     | __main__:get_tbc_epg:291 - 頻道 高點育樂台 獲取 148 個節目
2026-07-21 22:23:55.051 | INFO     | __main__:get_tbc_epg:291 - 頻道 台灣綜合台 獲取 144 個節目
2026-07-21 22:23:55.051 | INFO     | __main__:get_tbc_epg:291 - 頻道 大台中生活頻道 獲取 147 個節目
2026-07-21 22:23:55.051 | INFO     | __main__:get_tbc_epg:291 - 頻道 彰化生活台 獲取 144 個節目
2026-07-21 22:23:55.051 | INFO     | __main__:get_tbc_epg:291 - 頻道 唯心電視台 獲取 228 個節目
2026-07-21 22:23:55.052 | INFO     | __main__:get_tbc_epg:291 - 頻道 美麗人生購物台 獲取 144 個節目
2026-07-21 22:23:55.052 | INFO     | __main__:get_tbc_epg:291 - 頻道 大愛二台  獲取 287 個節目
2026-07-21 22:23:55.052 | INFO     | __main__:get_tbc_epg:291 - 頻道 靖天映畫 獲取 78 個節目
2026-07-21 22:23:55.052 | INFO     | __main__:get_tbc_epg:291 - 頻道 靖洋戲劇台 獲取 152 個節目
2026-07-21 22:23:55.052 | INFO     | __main__:get_tbc_epg:291 - 頻道 ROCK Action 獲取 86 個節目
2026-07-21 22:23:55.052 | INFO     | __main__:get_tbc_epg:291 - 頻道 Global Trekker 探索世界  獲取 218 個節目
2026-07-21 22:23:55.052 | INFO     | __main__:get_tbc_epg:291 - 頻道 靖天綜合台 獲取 144 個節目
2026-07-21 22:23:55.052 | INFO     | __main__:get_tbc_epg:291 - 頻道 寶島文化台 獲取 144 個節目
2026-07-21 22:23:55.052 | INFO     | __main__:get_tbc_epg:291 - 頻道 TaiwanPlus 獲取 340 個節目
2026-07-21 22:23:55.052 | INFO     | __main__:get_tbc_epg:291 - 頻道 BBC News 獲取 302 個節目
2026-07-21 22:23:55.052 | INFO     | __main__:get_tbc_epg:291 - 頻道 民視第一台 獲取 198 個節目
2026-07-21 22:23:55.052 | INFO     | __main__:get_tbc_epg:291 - 頻道 民視台灣台 獲取 173 個節目
2026-07-21 22:23:55.052 | INFO     | __main__:get_tbc_epg:291 - 頻道 中視新聞台 獲取 144 個節目
2026-07-21 22:23:55.053 | INFO     | __main__:get_tbc_epg:291 - 頻道 台視新聞台 獲取 154 個節目
2026-07-21 22:23:55.053 | INFO     | __main__:get_tbc_epg:291 - 頻道 台視財經台 獲取 130 個節目
2026-07-21 22:23:55.053 | INFO     | __main__:get_tbc_epg:291 - 頻道 台視綜合台 獲取 148 個節目
2026-07-21 22:23:55.053 | INFO     | __main__:get_tbc_epg:291 - 頻道 彭博財經台 獲取 145 個節目
2026-07-21 22:23:55.053 | INFO     | __main__:get_tbc_epg:291 - 頻道 Channel NewsAsia 獲取 187 個節目
2026-07-21 22:23:55.053 | INFO     | __main__:get_tbc_epg:291 - 頻道 韓國阿里郎 獲取 317 個節目
2026-07-21 22:23:55.053 | INFO     | __main__:get_tbc_epg:291 - 頻道 DREAMWORKS 獲取 348 個節目
2026-07-21 22:23:55.053 | INFO     | __main__:get_tbc_epg:291 - 頻道 Warner TV 獲取 224 個節目
2026-07-21 22:23:55.053 | INFO     | __main__:get_tbc_epg:291 - 頻道 靖天電影台 獲取 83 個節目
2026-07-21 22:23:55.053 | INFO     | __main__:get_tbc_epg:291 - 頻道 CinemaWorld 獲取 95 個節目
2026-07-21 22:23:55.053 | INFO     | __main__:get_tbc_epg:291 - 頻道 HBO HD 獲取 187 個節目
2026-07-21 22:23:55.053 | INFO     | __main__:get_tbc_epg:291 - 頻道 HBO 強檔鉅獻 獲取 94 個節目
2026-07-21 22:23:55.054 | INFO     | __main__:get_tbc_epg:291 - 頻道 HBO 原創鉅獻 獲取 103 個節目
2026-07-21 22:23:55.054 | INFO     | __main__:get_tbc_epg:291 - 頻道 HBO 溫馨家庭 獲取 300 個節目
2026-07-21 22:23:55.054 | INFO     | __main__:get_tbc_epg:291 - 頻道 靖天日本台 獲取 229 個節目
2026-07-21 22:23:55.054 | INFO     | __main__:get_tbc_epg:291 - 頻道 EVE 獲取 248 個節目
2026-07-21 22:23:55.054 | INFO     | __main__:get_tbc_epg:291 - 頻道 tvN 獲取 109 個節目
2026-07-21 22:23:55.054 | INFO     | __main__:get_tbc_epg:291 - 頻道 靖天歡樂台 獲取 150 個節目
2026-07-21 22:23:55.054 | INFO     | __main__:get_tbc_epg:291 - 頻道 HITS 獲取 157 個節目
2026-07-21 22:23:55.054 | INFO     | __main__:get_tbc_epg:291 - 頻道 韓國娛樂台KMTV 獲取 230 個節目
2026-07-21 22:23:55.054 | INFO     | __main__:get_tbc_epg:291 - 頻道 靖天育樂台 獲取 161 個節目
2026-07-21 22:23:55.054 | INFO     | __main__:get_tbc_epg:291 - 頻道 Lifetime 獲取 146 個節目
2026-07-21 22:23:55.054 | INFO     | __main__:get_tbc_epg:291 - 頻道 罪案偵緝頻道 獲取 189 個節目
2026-07-21 22:23:55.054 | INFO     | __main__:get_tbc_epg:291 - 頻道 寵物頻道 獲取 164 個節目
2026-07-21 22:23:55.055 | INFO     | __main__:get_tbc_epg:291 - 頻道 歷史頻道 獲取 162 個節目
2026-07-21 22:23:55.055 | INFO     | __main__:get_tbc_epg:291 - 頻道 Discovery Asia 獲取 208 個節目
2026-07-21 22:23:55.055 | INFO     | __main__:get_tbc_epg:291 - 頻道 Discovery科學頻道 獲取 237 個節目
2026-07-21 22:23:55.055 | INFO     | __main__:get_tbc_epg:291 - 頻道 DMAX 獲取 218 個節目
2026-07-21 22:23:55.055 | INFO     | __main__:get_tbc_epg:291 - 頻道 寰宇新聞台灣台 獲取 150 個節目
2026-07-21 22:23:55.055 | INFO     | __main__:get_tbc_epg:291 - 頻道 亞洲旅遊台 獲取 144 個節目
2026-07-21 22:23:55.055 | INFO     | __main__:get_tbc_epg:291 - 頻道 梅迪奇藝術 獲取 102 個節目
2026-07-21 22:23:55.055 | INFO     | __main__:get_tbc_epg:291 - 頻道 博斯運動二台 獲取 72 個節目
2026-07-21 22:23:55.055 | INFO     | __main__:get_tbc_epg:291 - 頻道 博斯網球台 獲取 56 個節目
2026-07-21 22:23:55.055 | INFO     | __main__:get_tbc_epg:291 - 頻道 博斯無限台 獲取 62 個節目
2026-07-21 22:23:55.055 | INFO     | __main__:get_tbc_epg:291 - 頻道 博斯高球1台 獲取 41 個節目
2026-07-21 22:23:55.055 | INFO     | __main__:get_tbc_epg:291 - 頻道 博斯高球2台 獲取 49 個節目
2026-07-21 22:23:55.056 | INFO     | __main__:get_tbc_epg:291 - 頻道 博斯魅力網 獲取 67 個節目
2026-07-21 22:23:55.056 | INFO     | __main__:get_tbc_epg:291 - 頻道 博斯運動一台 獲取 54 個節目
2026-07-21 22:23:55.056 | INFO     | __main__:get_tbc_epg:291 - 頻道 博斯無限二台 獲取 85 個節目
2026-07-21 22:23:55.056 | INFO     | __main__:get_tbc_epg:291 - 頻道 尼克兒童頻道 獲取 402 個節目
2026-07-21 22:23:55.056 | INFO     | __main__:get_tbc_epg:291 - 頻道 達文西頻道 獲取 586 個節目
2026-07-21 22:23:55.056 | INFO     | __main__:get_tbc_epg:291 - 頻道 CBeebies 獲取 1000 個節目
2026-07-21 22:23:55.056 | INFO     | __main__:get_tbc_epg:291 - 頻道 CARTOONITO 獲取 252 個節目
2026-07-21 22:23:55.056 | INFO     | __main__:get_tbc_epg:291 - 頻道 靖洋卡通台 獲取 264 個節目
2026-07-21 22:23:55.056 | INFO     | __main__:get_tbc_epg:291 - 頻道 靖天卡通台 獲取 252 個節目
2026-07-21 22:23:55.056 | INFO     | __main__:get_tbc_epg:291 - 頻道 LOVE NATURE 4K 獲取 168 個節目
2026-07-21 22:23:55.056 | INFO     | __main__:get_tbc_epg:291 - 頻道 ROCK ENTERTAINMENT 獲取 136 個節目
2026-07-21 22:23:55.056 | INFO     | __main__:get_tbc_epg:291 - 頻道 ROCK EXTREME 獲取 139 個節目
2026-07-21 22:23:55.057 | INFO     | __main__:get_tbc_epg:291 - 頻道 彩虹頻道 獲取 143 個節目
2026-07-21 22:23:55.057 | INFO     | __main__:get_tbc_epg:291 - 頻道 彩虹e台 獲取 58 個節目
2026-07-21 22:23:55.057 | INFO     | __main__:get_tbc_epg:291 - 頻道 彩虹電影台 獲取 58 個節目
2026-07-21 22:23:55.057 | INFO     | __main__:get_tbc_epg:291 - 頻道 K 頻道 獲取 72 個節目
2026-07-21 22:23:55.057 | INFO     | __main__:get_tbc_epg:291 - 頻道 松視1台 獲取 72 個節目
2026-07-21 22:23:55.057 | INFO     | __main__:get_tbc_epg:291 - 頻道 松視2台 獲取 72 個節目
2026-07-21 22:23:55.057 | INFO     | __main__:get_tbc_epg:291 - 頻道 松視3台 獲取 99 個節目
2026-07-21 22:23:55.057 | INFO     | __main__:get_tbc_epg:291 - 頻道 松視4台 獲取 115 個節目
2026-07-21 22:23:55.057 | INFO     | __main__:get_tbc_epg:291 - 頻道 潘朵啦高畫質玩美台 獲取 72 個節目
2026-07-21 22:23:55.057 | INFO     | __main__:get_tbc_epg:291 - 頻道 潘朵啦高畫質粉紅台 獲取 78 個節目
2026-07-21 22:23:55.057 | INFO     | __main__:get_tbc_epg:291 - 頻道 JStar極限台電影頻道 獲取 95 個節目
2026-07-21 22:23:55.057 | INFO     | __main__:get_tbc_epg:291 - 頻道 驚豔成人電影台 獲取 67 個節目
2026-07-21 22:23:55.057 | INFO     | __main__:get_tbc_epg:291 - 頻道 香蕉台 獲取 96 個節目
2026-07-21 22:23:55.058 | INFO     | __main__:get_tbc_epg:291 - 頻道 樂活頻道 獲取 102 個節目
2026-07-21 22:23:55.058 | INFO     | __main__:get_tbc_epg:291 - 頻道 玩家頻道 獲取 144 個節目
2026-07-21 22:23:55.058 | INFO     | __main__:get_tbc_epg:291 - 頻道 Happy 獲取 72 個節目
2026-07-21 22:23:55.058 | INFO     | __main__:get_tbc_epg:291 - 頻道 Hot 獲取 144 個節目
2026-07-21 22:23:55.058 | INFO     | __main__:get_tbc_epg:292 - 總計獲取 32181 個節目
2026-07-21 22:23:58.628 | INFO     | __main__:main:361 - EPG 已儲存到 ./output/epg_tbc.xml
2026-07-21 22:23:58.628 | INFO     | __main__:main:363 - ========== 抓取完成 ==========
2026-07-22 02:29:25 | INFO | ==================================================
2026-07-22 02:29:25 | INFO | 開始生成四季線上電子節目單
2026-07-22 02:29:25 | INFO | 輸出目錄: /home/runner/work/EPG/EPG/output
2026-07-22 02:29:25 | SUCCESS | 已更新本地頻道檔案，保存 132 個頻道
2026-07-22 02:29:25 | SUCCESS | 從 API 獲取到 132 個頻道（已跳過 9 個）
2026-07-22 02:29:25 | INFO | 成功加載 132 個頻道
2026-07-22 02:29:41 | INFO | 共獲取 13274 個節目
2026-07-22 02:29:41 | INFO | 電子節目單已生成: /home/runner/work/EPG/EPG/output/4g.xml
2026-07-22 02:29:41 | SUCCESS | EPG 生成完成
2026-07-22 22:16:45.147 | INFO     | __main__:main:350 - ========== 開始抓取 TBC EPG ==========
2026-07-22 22:16:45.147 | INFO     | __main__:get_tbc_epg:246 - 正在獲取TBC EPG
2026-07-22 22:16:50.400 | INFO     | __main__:get_channels_tbc:161 - 成功獲取 233 個頻道
2026-07-22 22:16:50.400 | INFO     | __main__:get_tbc_epg:258 - 正在獲取 2026/07/23 節目表
2026-07-22 22:18:40.512 | INFO     | __main__:get_tbc_epg:258 - 正在獲取 2026/07/24 節目表
2026-07-22 22:20:30.062 | INFO     | __main__:get_tbc_epg:258 - 正在獲取 2026/07/25 節目表
2026-07-22 22:22:20.029 | INFO     | __main__:get_tbc_epg:258 - 正在獲取 2026/07/26 節目表
2026-07-22 22:24:07.894 | INFO     | __main__:get_tbc_epg:258 - 正在獲取 2026/07/27 節目表
2026-07-22 22:25:53.295 | INFO     | __main__:get_tbc_epg:258 - 正在獲取 2026/07/28 節目表
2026-07-22 22:27:35.315 | INFO     | __main__:get_tbc_epg:291 - 頻道 南桃園節目總表 獲取 144 個節目
2026-07-22 22:27:35.315 | INFO     | __main__:get_tbc_epg:291 - 頻道 南桃園公用頻道 獲取 192 個節目
2026-07-22 22:27:35.316 | INFO     | __main__:get_tbc_epg:291 - 頻道 CNN 獲取 190 個節目
2026-07-22 22:27:35.316 | INFO     | __main__:get_tbc_epg:291 - 頻道 民視無線台 獲取 205 個節目
2026-07-22 22:27:35.316 | INFO     | __main__:get_tbc_epg:291 - 頻道 TBC桃園生活台 獲取 240 個節目
2026-07-22 22:27:35.316 | INFO     | __main__:get_tbc_epg:291 - 頻道 台視 獲取 162 個節目
2026-07-22 22:27:35.316 | INFO     | __main__:get_tbc_epg:291 - 頻道 大愛電視台 獲取 376 個節目
2026-07-22 22:27:35.316 | INFO     | __main__:get_tbc_epg:291 - 頻道 中視 獲取 147 個節目
2026-07-22 22:27:35.316 | INFO     | __main__:get_tbc_epg:291 - 頻道 人間衛視 獲取 177 個節目
2026-07-22 22:27:35.316 | INFO     | __main__:get_tbc_epg:291 - 頻道 華視 獲取 148 個節目
2026-07-22 22:27:35.316 | INFO     | __main__:get_tbc_epg:291 - 頻道 公共電視 獲取 218 個節目
2026-07-22 22:27:35.316 | INFO     | __main__:get_tbc_epg:291 - 頻道 公視台語台 獲取 154 個節目
2026-07-22 22:27:35.316 | INFO     | __main__:get_tbc_epg:291 - 頻道 好消息頻道 獲取 276 個節目
2026-07-22 22:27:35.316 | INFO     | __main__:get_tbc_epg:291 - 頻道 原住民頻道 獲取 172 個節目
2026-07-22 22:27:35.317 | INFO     | __main__:get_tbc_epg:291 - 頻道 客家電視台 獲取 219 個節目
2026-07-22 22:27:35.317 | INFO     | __main__:get_tbc_epg:291 - 頻道 BBC Earth 獲取 151 個節目
2026-07-22 22:27:35.317 | INFO     | __main__:get_tbc_epg:291 - 頻道 Discovery 獲取 196 個節目
2026-07-22 22:27:35.317 | INFO     | __main__:get_tbc_epg:291 - 頻道 TLC旅遊生活頻道 獲取 174 個節目
2026-07-22 22:27:35.317 | INFO     | __main__:get_tbc_epg:291 - 頻道 動物星球 獲取 168 個節目
2026-07-22 22:27:35.317 | INFO     | __main__:get_tbc_epg:291 - 頻道 卡通頻道 獲取 204 個節目
2026-07-22 22:27:35.317 | INFO     | __main__:get_tbc_epg:291 - 頻道 小尼克頻道 獲取 442 個節目
2026-07-22 22:27:35.317 | INFO     | __main__:get_tbc_epg:291 - 頻道 MOMO親子台 獲取 213 個節目
2026-07-22 22:27:35.317 | INFO     | __main__:get_tbc_epg:291 - 頻道 東森幼幼台 獲取 387 個節目
2026-07-22 22:27:35.317 | INFO     | __main__:get_tbc_epg:291 - 頻道 緯來綜合台 獲取 141 個節目
2026-07-22 22:27:35.317 | INFO     | __main__:get_tbc_epg:291 - 頻道 八大第一台 獲取 140 個節目
2026-07-22 22:27:35.317 | INFO     | __main__:get_tbc_epg:291 - 頻道 八大綜合台 獲取 151 個節目
2026-07-22 22:27:35.317 | INFO     | __main__:get_tbc_epg:291 - 頻道 三立台灣台 獲取 132 個節目
2026-07-22 22:27:35.317 | INFO     | __main__:get_tbc_epg:291 - 頻道 三立都會台 獲取 135 個節目
2026-07-22 22:27:35.318 | INFO     | __main__:get_tbc_epg:291 - 頻道 華藝中文台 獲取 164 個節目
2026-07-22 22:27:35.318 | INFO     | __main__:get_tbc_epg:291 - 頻道 東森綜合台 獲取 133 個節目
2026-07-22 22:27:35.318 | INFO     | __main__:get_tbc_epg:291 - 頻道 東森超視 獲取 136 個節目
2026-07-22 22:27:35.318 | INFO     | __main__:get_tbc_epg:291 - 頻道 東森購物2台 獲取 144 個節目
2026-07-22 22:27:35.318 | INFO     | __main__:get_tbc_epg:291 - 頻道 MOMO 2台 獲取 144 個節目
2026-07-22 22:27:35.318 | INFO     | __main__:get_tbc_epg:291 - 頻道 中天綜合台 獲取 115 個節目
2026-07-22 22:27:35.318 | INFO     | __main__:get_tbc_epg:291 - 頻道 東風衛視 獲取 153 個節目
2026-07-22 22:27:35.318 | INFO     | __main__:get_tbc_epg:291 - 頻道 年代MUCH TV 獲取 178 個節目
2026-07-22 22:27:35.318 | INFO     | __main__:get_tbc_epg:291 - 頻道 中天娛樂台 獲取 133 個節目
2026-07-22 22:27:35.318 | INFO     | __main__:get_tbc_epg:291 - 頻道 東森戲劇台 獲取 141 個節目
2026-07-22 22:27:35.318 | INFO     | __main__:get_tbc_epg:291 - 頻道 八大戲劇台 獲取 144 個節目
2026-07-22 22:27:35.318 | INFO     | __main__:get_tbc_epg:291 - 頻道 TVBS歡樂台 獲取 141 個節目
2026-07-22 22:27:35.318 | INFO     | __main__:get_tbc_epg:291 - 頻道 緯來戲劇台 獲取 138 個節目
2026-07-22 22:27:35.318 | INFO     | __main__:get_tbc_epg:291 - 頻道 高點電視台 獲取 144 個節目
2026-07-22 22:27:35.319 | INFO     | __main__:get_tbc_epg:291 - 頻道 JET綜合台 獲取 138 個節目
2026-07-22 22:27:35.319 | INFO     | __main__:get_tbc_epg:291 - 頻道 東森購物3台 獲取 144 個節目
2026-07-22 22:27:35.319 | INFO     | __main__:get_tbc_epg:291 - 頻道 東森購物1台 獲取 144 個節目
2026-07-22 22:27:35.319 | INFO     | __main__:get_tbc_epg:291 - 頻道 MOMO 1台 獲取 144 個節目
2026-07-22 22:27:35.319 | INFO     | __main__:get_tbc_epg:291 - 頻道 壹電視新聞台 獲取 113 個節目
2026-07-22 22:27:35.319 | INFO     | __main__:get_tbc_epg:291 - 頻道 年代新聞台 獲取 116 個節目
2026-07-22 22:27:35.319 | INFO     | __main__:get_tbc_epg:291 - 頻道 東森新聞台 獲取 134 個節目
2026-07-22 22:27:35.319 | INFO     | __main__:get_tbc_epg:291 - 頻道 民視新聞台 獲取 142 個節目
2026-07-22 22:27:35.319 | INFO     | __main__:get_tbc_epg:291 - 頻道 三立新聞台 獲取 138 個節目
2026-07-22 22:27:35.319 | INFO     | __main__:get_tbc_epg:291 - 頻道 TVBS 新聞台 獲取 114 個節目
2026-07-22 22:27:35.320 | INFO     | __main__:get_tbc_epg:291 - 頻道 TVBS 獲取 118 個節目
2026-07-22 22:27:35.320 | INFO     | __main__:get_tbc_epg:291 - 頻道 東森財經新聞台 獲取 139 個節目
2026-07-22 22:27:35.320 | INFO     | __main__:get_tbc_epg:291 - 頻道 非凡新聞台 獲取 149 個節目
2026-07-22 22:27:35.320 | INFO     | __main__:get_tbc_epg:291 - 頻道 ViVa1台 獲取 144 個節目
2026-07-22 22:27:35.320 | INFO     | __main__:get_tbc_epg:291 - 頻道 東森購物5台 獲取 144 個節目
2026-07-22 22:27:35.320 | INFO     | __main__:get_tbc_epg:291 - 頻道 CATCHPLAY電影台 獲取 135 個節目
2026-07-22 22:27:35.320 | INFO     | __main__:get_tbc_epg:291 - 頻道 東森電影台 獲取 96 個節目
2026-07-22 22:27:35.320 | INFO     | __main__:get_tbc_epg:291 - 頻道 緯來電影台 獲取 81 個節目
2026-07-22 22:27:35.320 | INFO     | __main__:get_tbc_epg:291 - 頻道 LS Time電影台 獲取 66 個節目
2026-07-22 22:27:35.320 | INFO     | __main__:get_tbc_epg:291 - 頻道 HBO 獲取 90 個節目
2026-07-22 22:27:35.320 | INFO     | __main__:get_tbc_epg:291 - 頻道 東森洋片台 獲取 63 個節目
2026-07-22 22:27:35.320 | INFO     | __main__:get_tbc_epg:291 - 頻道 AXN 獲取 122 個節目
2026-07-22 22:27:35.320 | INFO     | __main__:get_tbc_epg:291 - 頻道 好萊塢電影台 獲取 73 個節目
2026-07-22 22:27:35.320 | INFO     | __main__:get_tbc_epg:291 - 頻道 amc電影台 獲取 103 個節目
2026-07-22 22:27:35.321 | INFO     | __main__:get_tbc_epg:291 - 頻道 緯來育樂台 獲取 131 個節目
2026-07-22 22:27:35.321 | INFO     | __main__:get_tbc_epg:291 - 頻道 CINEMAX 獲取 87 個節目
2026-07-22 22:27:35.321 | INFO     | __main__:get_tbc_epg:291 - 頻道 緯來體育台 獲取 113 個節目
2026-07-22 22:27:35.321 | INFO     | __main__:get_tbc_epg:291 - 頻道 DAZN 1 獲取 88 個節目
2026-07-22 22:27:35.321 | INFO     | __main__:get_tbc_epg:291 - 頻道 DAZN 2 獲取 87 個節目
2026-07-22 22:27:35.321 | INFO     | __main__:get_tbc_epg:291 - 頻道 MOMO綜合台 獲取 155 個節目
2026-07-22 22:27:35.321 | INFO     | __main__:get_tbc_epg:291 - 頻道 緯來日本台 獲取 125 個節目
2026-07-22 22:27:35.321 | INFO     | __main__:get_tbc_epg:291 - 頻道 國興衛視 獲取 193 個節目
2026-07-22 22:27:35.321 | INFO     | __main__:get_tbc_epg:291 - 頻道 BBC Lifestyle 獲取 178 個節目
2026-07-22 22:27:35.321 | INFO     | __main__:get_tbc_epg:291 - 頻道 靖天資訊台 獲取 159 個節目
2026-07-22 22:27:35.321 | INFO     | __main__:get_tbc_epg:291 - 頻道 信吉電視台 獲取 71 個節目
2026-07-22 22:27:35.321 | INFO     | __main__:get_tbc_epg:291 - 頻道 信大電視台 獲取 72 個節目
2026-07-22 22:27:35.321 | INFO     | __main__:get_tbc_epg:291 - 頻道 中台灣生活網頻道 獲取 288 個節目
2026-07-22 22:27:35.321 | INFO     | __main__:get_tbc_epg:291 - 頻道 TBC台中生活台 獲取 288 個節目
2026-07-22 22:27:35.321 | INFO     | __main__:get_tbc_epg:291 - 頻道 鏡電視新聞台 獲取 138 個節目
2026-07-22 22:27:35.322 | INFO     | __main__:get_tbc_epg:291 - 頻道 台灣藝術台 獲取 90 個節目
2026-07-22 22:27:35.322 | INFO     | __main__:get_tbc_epg:291 - 頻道 樂視台 獲取 288 個節目
2026-07-22 22:27:35.322 | INFO     | __main__:get_tbc_epg:291 - 頻道 非凡商業台 獲取 182 個節目
2026-07-22 22:27:35.322 | INFO     | __main__:get_tbc_epg:291 - 頻道 三立財經新聞台 獲取 139 個節目
2026-07-22 22:27:35.322 | INFO     | __main__:get_tbc_epg:291 - 頻道 冠軍電視台 獲取 79 個節目
2026-07-22 22:27:35.322 | INFO     | __main__:get_tbc_epg:291 - 頻道 運通財經綜合台 獲取 288 個節目
2026-07-22 22:27:35.322 | INFO     | __main__:get_tbc_epg:291 - 頻道 SBN全球財經台 獲取 288 個節目
2026-07-22 22:27:35.322 | INFO     | __main__:get_tbc_epg:291 - 頻道 誠心電視台 獲取 72 個節目
2026-07-22 22:27:35.322 | INFO     | __main__:get_tbc_epg:291 - 頻道 NHK 獲取 372 個節目
2026-07-22 22:27:35.322 | INFO     | __main__:get_tbc_epg:291 - 頻道 MTV 獲取 162 個節目
2026-07-22 22:27:35.322 | INFO     | __main__:get_tbc_epg:291 - 頻道 Animax 獲取 288 個節目
2026-07-22 22:27:35.322 | INFO     | __main__:get_tbc_epg:291 - 頻道 霹靂台灣台 獲取 139 個節目
2026-07-22 22:27:35.322 | INFO     | __main__:get_tbc_epg:291 - 頻道 海豚綜合台 獲取 102 個節目
2026-07-22 22:27:35.322 | INFO     | __main__:get_tbc_epg:291 - 頻道 八大娛樂台 獲取 140 個節目
2026-07-22 22:27:35.323 | INFO     | __main__:get_tbc_epg:291 - 頻道 十方法界 獲取 249 個節目
2026-07-22 22:27:35.323 | INFO     | __main__:get_tbc_epg:291 - 頻道 壹電視電影台 獲取 94 個節目
2026-07-22 22:27:35.323 | INFO     | __main__:get_tbc_epg:291 - 頻道 華藏衛視  獲取 167 個節目
2026-07-22 22:27:35.323 | INFO     | __main__:get_tbc_epg:291 - 頻道 壹電視資訊綜合台 獲取 167 個節目
2026-07-22 22:27:35.323 | INFO     | __main__:get_tbc_epg:291 - 頻道 佛衛慈悲台 獲取 186 個節目
2026-07-22 22:27:35.323 | INFO     | __main__:get_tbc_epg:291 - 頻道 紅豆電視台 獲取 84 個節目
2026-07-22 22:27:35.323 | INFO     | __main__:get_tbc_epg:291 - 頻道 全大電視台 獲取 72 個節目
2026-07-22 22:27:35.323 | INFO     | __main__:get_tbc_epg:291 - 頻道 華藝台灣台 獲取 66 個節目
2026-07-22 22:27:35.323 | INFO     | __main__:get_tbc_epg:291 - 頻道 正德電視台 獲取 144 個節目
2026-07-22 22:27:35.323 | INFO     | __main__:get_tbc_epg:291 - 頻道 天良綜合台 獲取 60 個節目
2026-07-22 22:27:35.323 | INFO     | __main__:get_tbc_epg:291 - 頻道 番薯衛星電視台 獲取 24 個節目
2026-07-22 22:27:35.323 | INFO     | __main__:get_tbc_epg:291 - 頻道 富立電視台 獲取 72 個節目
2026-07-22 22:27:35.323 | INFO     | __main__:get_tbc_epg:291 - 頻道 Z頻道 獲取 144 個節目
2026-07-22 22:27:35.324 | INFO     | __main__:get_tbc_epg:291 - 頻道 冠軍夢想台 獲取 72 個節目
2026-07-22 22:27:35.324 | INFO     | __main__:get_tbc_epg:291 - 頻道 新天地民俗台 獲取 144 個節目
2026-07-22 22:27:35.324 | INFO     | __main__:get_tbc_epg:291 - 頻道 三聖電視台 獲取 144 個節目
2026-07-22 22:27:35.324 | INFO     | __main__:get_tbc_epg:291 - 頻道 威達超舜生活台 獲取 90 個節目
2026-07-22 22:27:35.324 | INFO     | __main__:get_tbc_epg:291 - 頻道 天美麗電視台 獲取 48 個節目
2026-07-22 22:27:35.324 | INFO     | __main__:get_tbc_epg:291 - 頻道 大立電視台 獲取 72 個節目
2026-07-22 22:27:35.324 | INFO     | __main__:get_tbc_epg:291 - 頻道 小公視 獲取 242 個節目
2026-07-22 22:27:35.324 | INFO     | __main__:get_tbc_epg:291 - 頻道 華視教育體育文化台 獲取 255 個節目
2026-07-22 22:27:35.324 | INFO     | __main__:get_tbc_epg:291 - 頻道 國會頻道1台 獲取 72 個節目
2026-07-22 22:27:35.324 | INFO     | __main__:get_tbc_epg:291 - 頻道 國會頻道2台 獲取 72 個節目
2026-07-22 22:27:35.324 | INFO     | __main__:get_tbc_epg:291 - 頻道 幸福空間居家台 獲取 146 個節目
2026-07-22 22:27:35.324 | INFO     | __main__:get_tbc_epg:291 - 頻道 高點育樂台 獲取 148 個節目
2026-07-22 22:27:35.324 | INFO     | __main__:get_tbc_epg:291 - 頻道 台灣綜合台 獲取 144 個節目
2026-07-22 22:27:35.325 | INFO     | __main__:get_tbc_epg:291 - 頻道 大台中生活頻道 獲取 147 個節目
2026-07-22 22:27:35.325 | INFO     | __main__:get_tbc_epg:291 - 頻道 彰化生活台 獲取 144 個節目
2026-07-22 22:27:35.325 | INFO     | __main__:get_tbc_epg:291 - 頻道 唯心電視台 獲取 228 個節目
2026-07-22 22:27:35.325 | INFO     | __main__:get_tbc_epg:291 - 頻道 美麗人生購物台 獲取 144 個節目
2026-07-22 22:27:35.325 | INFO     | __main__:get_tbc_epg:291 - 頻道 大愛二台  獲取 287 個節目
2026-07-22 22:27:35.325 | INFO     | __main__:get_tbc_epg:291 - 頻道 靖天映畫 獲取 78 個節目
2026-07-22 22:27:35.325 | INFO     | __main__:get_tbc_epg:291 - 頻道 靖洋戲劇台 獲取 152 個節目
2026-07-22 22:27:35.325 | INFO     | __main__:get_tbc_epg:291 - 頻道 ROCK Action 獲取 84 個節目
2026-07-22 22:27:35.325 | INFO     | __main__:get_tbc_epg:291 - 頻道 Global Trekker 探索世界  獲取 226 個節目
2026-07-22 22:27:35.325 | INFO     | __main__:get_tbc_epg:291 - 頻道 靖天綜合台 獲取 144 個節目
2026-07-22 22:27:35.325 | INFO     | __main__:get_tbc_epg:291 - 頻道 寶島文化台 獲取 144 個節目
2026-07-22 22:27:35.325 | INFO     | __main__:get_tbc_epg:291 - 頻道 TaiwanPlus 獲取 342 個節目
2026-07-22 22:27:35.325 | INFO     | __main__:get_tbc_epg:291 - 頻道 BBC News 獲取 302 個節目
2026-07-22 22:27:35.325 | INFO     | __main__:get_tbc_epg:291 - 頻道 民視第一台 獲取 197 個節目
2026-07-22 22:27:35.325 | INFO     | __main__:get_tbc_epg:291 - 頻道 民視台灣台 獲取 172 個節目
2026-07-22 22:27:35.326 | INFO     | __main__:get_tbc_epg:291 - 頻道 中視新聞台 獲取 144 個節目
2026-07-22 22:27:35.326 | INFO     | __main__:get_tbc_epg:291 - 頻道 台視新聞台 獲取 152 個節目
2026-07-22 22:27:35.326 | INFO     | __main__:get_tbc_epg:291 - 頻道 台視財經台 獲取 129 個節目
2026-07-22 22:27:35.326 | INFO     | __main__:get_tbc_epg:291 - 頻道 台視綜合台 獲取 148 個節目
2026-07-22 22:27:35.326 | INFO     | __main__:get_tbc_epg:291 - 頻道 彭博財經台 獲取 146 個節目
2026-07-22 22:27:35.326 | INFO     | __main__:get_tbc_epg:291 - 頻道 Channel NewsAsia 獲取 187 個節目
2026-07-22 22:27:35.326 | INFO     | __main__:get_tbc_epg:291 - 頻道 韓國阿里郎 獲取 315 個節目
2026-07-22 22:27:35.326 | INFO     | __main__:get_tbc_epg:291 - 頻道 DREAMWORKS 獲取 348 個節目
2026-07-22 22:27:35.326 | INFO     | __main__:get_tbc_epg:291 - 頻道 Warner TV 獲取 223 個節目
2026-07-22 22:27:35.326 | INFO     | __main__:get_tbc_epg:291 - 頻道 靖天電影台 獲取 83 個節目
2026-07-22 22:27:35.326 | INFO     | __main__:get_tbc_epg:291 - 頻道 CinemaWorld 獲取 94 個節目
2026-07-22 22:27:35.326 | INFO     | __main__:get_tbc_epg:291 - 頻道 HBO HD 獲取 185 個節目
2026-07-22 22:27:35.326 | INFO     | __main__:get_tbc_epg:291 - 頻道 HBO 強檔鉅獻 獲取 94 個節目
2026-07-22 22:27:35.326 | INFO     | __main__:get_tbc_epg:291 - 頻道 HBO 原創鉅獻 獲取 104 個節目
2026-07-22 22:27:35.327 | INFO     | __main__:get_tbc_epg:291 - 頻道 HBO 溫馨家庭 獲取 299 個節目
2026-07-22 22:27:35.327 | INFO     | __main__:get_tbc_epg:291 - 頻道 靖天日本台 獲取 229 個節目
2026-07-22 22:27:35.327 | INFO     | __main__:get_tbc_epg:291 - 頻道 EVE 獲取 248 個節目
2026-07-22 22:27:35.327 | INFO     | __main__:get_tbc_epg:291 - 頻道 tvN 獲取 113 個節目
2026-07-22 22:27:35.327 | INFO     | __main__:get_tbc_epg:291 - 頻道 靖天歡樂台 獲取 150 個節目
2026-07-22 22:27:35.327 | INFO     | __main__:get_tbc_epg:291 - 頻道 HITS 獲取 158 個節目
2026-07-22 22:27:35.327 | INFO     | __main__:get_tbc_epg:291 - 頻道 韓國娛樂台KMTV 獲取 230 個節目
2026-07-22 22:27:35.327 | INFO     | __main__:get_tbc_epg:291 - 頻道 靖天育樂台 獲取 161 個節目
2026-07-22 22:27:35.327 | INFO     | __main__:get_tbc_epg:291 - 頻道 Lifetime 獲取 147 個節目
2026-07-22 22:27:35.327 | INFO     | __main__:get_tbc_epg:291 - 頻道 罪案偵緝頻道 獲取 188 個節目
2026-07-22 22:27:35.327 | INFO     | __main__:get_tbc_epg:291 - 頻道 寵物頻道 獲取 163 個節目
2026-07-22 22:27:35.327 | INFO     | __main__:get_tbc_epg:291 - 頻道 歷史頻道 獲取 165 個節目
2026-07-22 22:27:35.327 | INFO     | __main__:get_tbc_epg:291 - 頻道 Discovery Asia 獲取 211 個節目
2026-07-22 22:27:35.327 | INFO     | __main__:get_tbc_epg:291 - 頻道 Discovery科學頻道 獲取 237 個節目
2026-07-22 22:27:35.327 | INFO     | __main__:get_tbc_epg:291 - 頻道 DMAX 獲取 220 個節目
2026-07-22 22:27:35.327 | INFO     | __main__:get_tbc_epg:291 - 頻道 寰宇新聞台灣台 獲取 150 個節目
2026-07-22 22:27:35.328 | INFO     | __main__:get_tbc_epg:291 - 頻道 亞洲旅遊台 獲取 144 個節目
2026-07-22 22:27:35.328 | INFO     | __main__:get_tbc_epg:291 - 頻道 梅迪奇藝術 獲取 102 個節目
2026-07-22 22:27:35.328 | INFO     | __main__:get_tbc_epg:291 - 頻道 博斯運動二台 獲取 72 個節目
2026-07-22 22:27:35.328 | INFO     | __main__:get_tbc_epg:291 - 頻道 博斯網球台 獲取 59 個節目
2026-07-22 22:27:35.328 | INFO     | __main__:get_tbc_epg:291 - 頻道 博斯無限台 獲取 63 個節目
2026-07-22 22:27:35.328 | INFO     | __main__:get_tbc_epg:291 - 頻道 博斯高球1台 獲取 41 個節目
2026-07-22 22:27:35.328 | INFO     | __main__:get_tbc_epg:291 - 頻道 博斯高球2台 獲取 47 個節目
2026-07-22 22:27:35.328 | INFO     | __main__:get_tbc_epg:291 - 頻道 博斯魅力網 獲取 67 個節目
2026-07-22 22:27:35.328 | INFO     | __main__:get_tbc_epg:291 - 頻道 博斯運動一台 獲取 53 個節目
2026-07-22 22:27:35.328 | INFO     | __main__:get_tbc_epg:291 - 頻道 博斯無限二台 獲取 85 個節目
2026-07-22 22:27:35.328 | INFO     | __main__:get_tbc_epg:291 - 頻道 尼克兒童頻道 獲取 403 個節目
2026-07-22 22:27:35.328 | INFO     | __main__:get_tbc_epg:291 - 頻道 達文西頻道 獲取 583 個節目
2026-07-22 22:27:35.328 | INFO     | __main__:get_tbc_epg:291 - 頻道 CBeebies 獲取 1000 個節目
2026-07-22 22:27:35.328 | INFO     | __main__:get_tbc_epg:291 - 頻道 CARTOONITO 獲取 252 個節目
2026-07-22 22:27:35.328 | INFO     | __main__:get_tbc_epg:291 - 頻道 靖洋卡通台 獲取 264 個節目
2026-07-22 22:27:35.328 | INFO     | __main__:get_tbc_epg:291 - 頻道 靖天卡通台 獲取 253 個節目
2026-07-22 22:27:35.329 | INFO     | __main__:get_tbc_epg:291 - 頻道 LOVE NATURE 4K 獲取 168 個節目
2026-07-22 22:27:35.329 | INFO     | __main__:get_tbc_epg:291 - 頻道 ROCK ENTERTAINMENT 獲取 135 個節目
2026-07-22 22:27:35.329 | INFO     | __main__:get_tbc_epg:291 - 頻道 ROCK EXTREME 獲取 140 個節目
2026-07-22 22:27:35.329 | INFO     | __main__:get_tbc_epg:291 - 頻道 彩虹頻道 獲取 147 個節目
2026-07-22 22:27:35.329 | INFO     | __main__:get_tbc_epg:291 - 頻道 彩虹e台 獲取 59 個節目
2026-07-22 22:27:35.329 | INFO     | __main__:get_tbc_epg:291 - 頻道 彩虹電影台 獲取 59 個節目
2026-07-22 22:27:35.329 | INFO     | __main__:get_tbc_epg:291 - 頻道 K 頻道 獲取 72 個節目
2026-07-22 22:27:35.329 | INFO     | __main__:get_tbc_epg:291 - 頻道 松視1台 獲取 72 個節目
2026-07-22 22:27:35.329 | INFO     | __main__:get_tbc_epg:291 - 頻道 松視2台 獲取 72 個節目
2026-07-22 22:27:35.329 | INFO     | __main__:get_tbc_epg:291 - 頻道 松視3台 獲取 99 個節目
2026-07-22 22:27:35.329 | INFO     | __main__:get_tbc_epg:291 - 頻道 松視4台 獲取 112 個節目
2026-07-22 22:27:35.329 | INFO     | __main__:get_tbc_epg:291 - 頻道 潘朵啦高畫質玩美台 獲取 72 個節目
2026-07-22 22:27:35.329 | INFO     | __main__:get_tbc_epg:291 - 頻道 潘朵啦高畫質粉紅台 獲取 78 個節目
2026-07-22 22:27:35.329 | INFO     | __main__:get_tbc_epg:291 - 頻道 JStar極限台電影頻道 獲取 95 個節目
2026-07-22 22:27:35.330 | INFO     | __main__:get_tbc_epg:291 - 頻道 驚豔成人電影台 獲取 67 個節目
2026-07-22 22:27:35.330 | INFO     | __main__:get_tbc_epg:291 - 頻道 香蕉台 獲取 98 個節目
2026-07-22 22:27:35.330 | INFO     | __main__:get_tbc_epg:291 - 頻道 樂活頻道 獲取 102 個節目
2026-07-22 22:27:35.330 | INFO     | __main__:get_tbc_epg:291 - 頻道 玩家頻道 獲取 144 個節目
2026-07-22 22:27:35.330 | INFO     | __main__:get_tbc_epg:291 - 頻道 Happy 獲取 72 個節目
2026-07-22 22:27:35.330 | INFO     | __main__:get_tbc_epg:291 - 頻道 Hot 獲取 144 個節目
2026-07-22 22:27:35.330 | INFO     | __main__:get_tbc_epg:292 - 總計獲取 32199 個節目
2026-07-22 22:27:38.621 | INFO     | __main__:main:361 - EPG 已儲存到 ./output/epg_tbc.xml
2026-07-22 22:27:38.621 | INFO     | __main__:main:363 - ========== 抓取完成 ==========
2026-07-23 02:34:05 | INFO | ==================================================
2026-07-23 02:34:05 | INFO | 開始生成四季線上電子節目單
2026-07-23 02:34:05 | INFO | 輸出目錄: /home/runner/work/EPG/EPG/output
2026-07-23 02:34:06 | SUCCESS | 已更新本地頻道檔案，保存 132 個頻道
2026-07-23 02:34:06 | SUCCESS | 從 API 獲取到 132 個頻道（已跳過 9 個）
2026-07-23 02:34:06 | INFO | 成功加載 132 個頻道
2026-07-23 02:34:24 | INFO | 共獲取 13119 個節目
2026-07-23 02:34:25 | INFO | 電子節目單已生成: /home/runner/work/EPG/EPG/output/4g.xml
2026-07-23 02:34:25 | SUCCESS | EPG 生成完成
2026-07-23 22:15:46.328 | INFO     | __main__:main:350 - ========== 開始抓取 TBC EPG ==========
2026-07-23 22:15:46.328 | INFO     | __main__:get_tbc_epg:246 - 正在獲取TBC EPG
2026-07-23 22:15:50.419 | INFO     | __main__:get_channels_tbc:161 - 成功獲取 233 個頻道
2026-07-23 22:15:50.420 | INFO     | __main__:get_tbc_epg:258 - 正在獲取 2026/07/24 節目表
2026-07-23 22:17:43.430 | INFO     | __main__:get_tbc_epg:258 - 正在獲取 2026/07/25 節目表
2026-07-23 22:19:30.971 | INFO     | __main__:get_tbc_epg:258 - 正在獲取 2026/07/26 節目表
2026-07-23 22:21:21.934 | INFO     | __main__:get_tbc_epg:258 - 正在獲取 2026/07/27 節目表
2026-07-23 22:23:10.280 | INFO     | __main__:get_tbc_epg:258 - 正在獲取 2026/07/28 節目表
2026-07-23 22:25:00.370 | INFO     | __main__:get_tbc_epg:258 - 正在獲取 2026/07/29 節目表
2026-07-23 22:26:42.339 | INFO     | __main__:get_tbc_epg:291 - 頻道 南桃園節目總表 獲取 144 個節目
2026-07-23 22:26:42.339 | INFO     | __main__:get_tbc_epg:291 - 頻道 南桃園公用頻道 獲取 193 個節目
2026-07-23 22:26:42.340 | INFO     | __main__:get_tbc_epg:291 - 頻道 CNN 獲取 189 個節目
2026-07-23 22:26:42.340 | INFO     | __main__:get_tbc_epg:291 - 頻道 民視無線台 獲取 205 個節目
2026-07-23 22:26:42.340 | INFO     | __main__:get_tbc_epg:291 - 頻道 TBC桃園生活台 獲取 240 個節目
2026-07-23 22:26:42.340 | INFO     | __main__:get_tbc_epg:291 - 頻道 台視 獲取 164 個節目
2026-07-23 22:26:42.340 | INFO     | __main__:get_tbc_epg:291 - 頻道 大愛電視台 獲取 376 個節目
2026-07-23 22:26:42.340 | INFO     | __main__:get_tbc_epg:291 - 頻道 中視 獲取 149 個節目
2026-07-23 22:26:42.340 | INFO     | __main__:get_tbc_epg:291 - 頻道 人間衛視 獲取 169 個節目
2026-07-23 22:26:42.340 | INFO     | __main__:get_tbc_epg:291 - 頻道 華視 獲取 147 個節目
2026-07-23 22:26:42.340 | INFO     | __main__:get_tbc_epg:291 - 頻道 公共電視 獲取 215 個節目
2026-07-23 22:26:42.340 | INFO     | __main__:get_tbc_epg:291 - 頻道 公視台語台 獲取 154 個節目
2026-07-23 22:26:42.340 | INFO     | __main__:get_tbc_epg:291 - 頻道 好消息頻道 獲取 278 個節目
2026-07-23 22:26:42.340 | INFO     | __main__:get_tbc_epg:291 - 頻道 原住民頻道 獲取 172 個節目
2026-07-23 22:26:42.341 | INFO     | __main__:get_tbc_epg:291 - 頻道 客家電視台 獲取 221 個節目
2026-07-23 22:26:42.341 | INFO     | __main__:get_tbc_epg:291 - 頻道 BBC Earth 獲取 156 個節目
2026-07-23 22:26:42.341 | INFO     | __main__:get_tbc_epg:291 - 頻道 Discovery 獲取 193 個節目
2026-07-23 22:26:42.341 | INFO     | __main__:get_tbc_epg:291 - 頻道 TLC旅遊生活頻道 獲取 180 個節目
2026-07-23 22:26:42.341 | INFO     | __main__:get_tbc_epg:291 - 頻道 動物星球 獲取 167 個節目
2026-07-23 22:26:42.341 | INFO     | __main__:get_tbc_epg:291 - 頻道 卡通頻道 獲取 203 個節目
2026-07-23 22:26:42.341 | INFO     | __main__:get_tbc_epg:291 - 頻道 小尼克頻道 獲取 442 個節目
2026-07-23 22:26:42.341 | INFO     | __main__:get_tbc_epg:291 - 頻道 MOMO親子台 獲取 214 個節目
2026-07-23 22:26:42.341 | INFO     | __main__:get_tbc_epg:291 - 頻道 東森幼幼台 獲取 393 個節目
2026-07-23 22:26:42.341 | INFO     | __main__:get_tbc_epg:291 - 頻道 緯來綜合台 獲取 141 個節目
2026-07-23 22:26:42.341 | INFO     | __main__:get_tbc_epg:291 - 頻道 八大第一台 獲取 140 個節目
2026-07-23 22:26:42.341 | INFO     | __main__:get_tbc_epg:291 - 頻道 八大綜合台 獲取 151 個節目
2026-07-23 22:26:42.341 | INFO     | __main__:get_tbc_epg:291 - 頻道 三立台灣台 獲取 132 個節目
2026-07-23 22:26:42.341 | INFO     | __main__:get_tbc_epg:291 - 頻道 三立都會台 獲取 135 個節目
2026-07-23 22:26:42.342 | INFO     | __main__:get_tbc_epg:291 - 頻道 華藝中文台 獲取 164 個節目
2026-07-23 22:26:42.342 | INFO     | __main__:get_tbc_epg:291 - 頻道 東森綜合台 獲取 134 個節目
2026-07-23 22:26:42.342 | INFO     | __main__:get_tbc_epg:291 - 頻道 東森超視 獲取 136 個節目
2026-07-23 22:26:42.342 | INFO     | __main__:get_tbc_epg:291 - 頻道 東森購物2台 獲取 144 個節目
2026-07-23 22:26:42.342 | INFO     | __main__:get_tbc_epg:291 - 頻道 MOMO 2台 獲取 144 個節目
2026-07-23 22:26:42.342 | INFO     | __main__:get_tbc_epg:291 - 頻道 中天綜合台 獲取 115 個節目
2026-07-23 22:26:42.342 | INFO     | __main__:get_tbc_epg:291 - 頻道 東風衛視 獲取 153 個節目
2026-07-23 22:26:42.342 | INFO     | __main__:get_tbc_epg:291 - 頻道 年代MUCH TV 獲取 178 個節目
2026-07-23 22:26:42.342 | INFO     | __main__:get_tbc_epg:291 - 頻道 中天娛樂台 獲取 133 個節目
2026-07-23 22:26:42.342 | INFO     | __main__:get_tbc_epg:291 - 頻道 東森戲劇台 獲取 141 個節目
2026-07-23 22:26:42.342 | INFO     | __main__:get_tbc_epg:291 - 頻道 八大戲劇台 獲取 144 個節目
2026-07-23 22:26:42.342 | INFO     | __main__:get_tbc_epg:291 - 頻道 TVBS歡樂台 獲取 141 個節目
2026-07-23 22:26:42.342 | INFO     | __main__:get_tbc_epg:291 - 頻道 緯來戲劇台 獲取 138 個節目
2026-07-23 22:26:42.342 | INFO     | __main__:get_tbc_epg:291 - 頻道 高點電視台 獲取 144 個節目
2026-07-23 22:26:42.342 | INFO     | __main__:get_tbc_epg:291 - 頻道 JET綜合台 獲取 136 個節目
2026-07-23 22:26:42.343 | INFO     | __main__:get_tbc_epg:291 - 頻道 東森購物3台 獲取 144 個節目
2026-07-23 22:26:42.343 | INFO     | __main__:get_tbc_epg:291 - 頻道 東森購物1台 獲取 144 個節目
2026-07-23 22:26:42.343 | INFO     | __main__:get_tbc_epg:291 - 頻道 MOMO 1台 獲取 144 個節目
2026-07-23 22:26:42.343 | INFO     | __main__:get_tbc_epg:291 - 頻道 壹電視新聞台 獲取 113 個節目
2026-07-23 22:26:42.343 | INFO     | __main__:get_tbc_epg:291 - 頻道 年代新聞台 獲取 116 個節目
2026-07-23 22:26:42.343 | INFO     | __main__:get_tbc_epg:291 - 頻道 東森新聞台 獲取 134 個節目
2026-07-23 22:26:42.343 | INFO     | __main__:get_tbc_epg:291 - 頻道 民視新聞台 獲取 142 個節目
2026-07-23 22:26:42.343 | INFO     | __main__:get_tbc_epg:291 - 頻道 三立新聞台 獲取 138 個節目
2026-07-23 22:26:42.343 | INFO     | __main__:get_tbc_epg:291 - 頻道 TVBS 新聞台 獲取 114 個節目
2026-07-23 22:26:42.343 | INFO     | __main__:get_tbc_epg:291 - 頻道 TVBS 獲取 118 個節目
2026-07-23 22:26:42.343 | INFO     | __main__:get_tbc_epg:291 - 頻道 東森財經新聞台 獲取 139 個節目
2026-07-23 22:26:42.343 | INFO     | __main__:get_tbc_epg:291 - 頻道 非凡新聞台 獲取 149 個節目
2026-07-23 22:26:42.343 | INFO     | __main__:get_tbc_epg:291 - 頻道 ViVa1台 獲取 144 個節目
2026-07-23 22:26:42.343 | INFO     | __main__:get_tbc_epg:291 - 頻道 東森購物5台 獲取 144 個節目
2026-07-23 22:26:42.343 | INFO     | __main__:get_tbc_epg:291 - 頻道 CATCHPLAY電影台 獲取 135 個節目
2026-07-23 22:26:42.344 | INFO     | __main__:get_tbc_epg:291 - 頻道 東森電影台 獲取 96 個節目
2026-07-23 22:26:42.344 | INFO     | __main__:get_tbc_epg:291 - 頻道 緯來電影台 獲取 81 個節目
2026-07-23 22:26:42.344 | INFO     | __main__:get_tbc_epg:291 - 頻道 LS Time電影台 獲取 68 個節目
2026-07-23 22:26:42.344 | INFO     | __main__:get_tbc_epg:291 - 頻道 HBO 獲取 90 個節目
2026-07-23 22:26:42.344 | INFO     | __main__:get_tbc_epg:291 - 頻道 東森洋片台 獲取 62 個節目
2026-07-23 22:26:42.344 | INFO     | __main__:get_tbc_epg:291 - 頻道 AXN 獲取 122 個節目
2026-07-23 22:26:42.344 | INFO     | __main__:get_tbc_epg:291 - 頻道 好萊塢電影台 獲取 74 個節目
2026-07-23 22:26:42.344 | INFO     | __main__:get_tbc_epg:291 - 頻道 amc電影台 獲取 102 個節目
2026-07-23 22:26:42.344 | INFO     | __main__:get_tbc_epg:291 - 頻道 緯來育樂台 獲取 136 個節目
2026-07-23 22:26:42.344 | INFO     | __main__:get_tbc_epg:291 - 頻道 CINEMAX 獲取 87 個節目
2026-07-23 22:26:42.344 | INFO     | __main__:get_tbc_epg:291 - 頻道 緯來體育台 獲取 113 個節目
2026-07-23 22:26:42.344 | INFO     | __main__:get_tbc_epg:291 - 頻道 DAZN 1 獲取 84 個節目
2026-07-23 22:26:42.344 | INFO     | __main__:get_tbc_epg:291 - 頻道 DAZN 2 獲取 89 個節目
2026-07-23 22:26:42.344 | INFO     | __main__:get_tbc_epg:291 - 頻道 MOMO綜合台 獲取 155 個節目
2026-07-23 22:26:42.344 | INFO     | __main__:get_tbc_epg:291 - 頻道 緯來日本台 獲取 130 個節目
2026-07-23 22:26:42.345 | INFO     | __main__:get_tbc_epg:291 - 頻道 國興衛視 獲取 193 個節目
2026-07-23 22:26:42.345 | INFO     | __main__:get_tbc_epg:291 - 頻道 BBC Lifestyle 獲取 179 個節目
2026-07-23 22:26:42.345 | INFO     | __main__:get_tbc_epg:291 - 頻道 靖天資訊台 獲取 159 個節目
2026-07-23 22:26:42.345 | INFO     | __main__:get_tbc_epg:291 - 頻道 信吉電視台 獲取 71 個節目
2026-07-23 22:26:42.345 | INFO     | __main__:get_tbc_epg:291 - 頻道 信大電視台 獲取 72 個節目
2026-07-23 22:26:42.345 | INFO     | __main__:get_tbc_epg:291 - 頻道 中台灣生活網頻道 獲取 288 個節目
2026-07-23 22:26:42.345 | INFO     | __main__:get_tbc_epg:291 - 頻道 TBC台中生活台 獲取 288 個節目
2026-07-23 22:26:42.345 | INFO     | __main__:get_tbc_epg:291 - 頻道 鏡電視新聞台 獲取 138 個節目
2026-07-23 22:26:42.345 | INFO     | __main__:get_tbc_epg:291 - 頻道 台灣藝術台 獲取 90 個節目
2026-07-23 22:26:42.345 | INFO     | __main__:get_tbc_epg:291 - 頻道 樂視台 獲取 288 個節目
2026-07-23 22:26:42.345 | INFO     | __main__:get_tbc_epg:291 - 頻道 非凡商業台 獲取 182 個節目
2026-07-23 22:26:42.345 | INFO     | __main__:get_tbc_epg:291 - 頻道 三立財經新聞台 獲取 140 個節目
2026-07-23 22:26:42.345 | INFO     | __main__:get_tbc_epg:291 - 頻道 冠軍電視台 獲取 80 個節目
2026-07-23 22:26:42.345 | INFO     | __main__:get_tbc_epg:291 - 頻道 運通財經綜合台 獲取 288 個節目
2026-07-23 22:26:42.346 | INFO     | __main__:get_tbc_epg:291 - 頻道 SBN全球財經台 獲取 288 個節目
2026-07-23 22:26:42.346 | INFO     | __main__:get_tbc_epg:291 - 頻道 誠心電視台 獲取 72 個節目
2026-07-23 22:26:42.346 | INFO     | __main__:get_tbc_epg:291 - 頻道 NHK 獲取 385 個節目
2026-07-23 22:26:42.346 | INFO     | __main__:get_tbc_epg:291 - 頻道 MTV 獲取 162 個節目
2026-07-23 22:26:42.346 | INFO     | __main__:get_tbc_epg:291 - 頻道 Animax 獲取 288 個節目
2026-07-23 22:26:42.346 | INFO     | __main__:get_tbc_epg:291 - 頻道 霹靂台灣台 獲取 142 個節目
2026-07-23 22:26:42.346 | INFO     | __main__:get_tbc_epg:291 - 頻道 海豚綜合台 獲取 102 個節目
2026-07-23 22:26:42.346 | INFO     | __main__:get_tbc_epg:291 - 頻道 八大娛樂台 獲取 143 個節目
2026-07-23 22:26:42.346 | INFO     | __main__:get_tbc_epg:291 - 頻道 十方法界 獲取 249 個節目
2026-07-23 22:26:42.346 | INFO     | __main__:get_tbc_epg:291 - 頻道 壹電視電影台 獲取 93 個節目
2026-07-23 22:26:42.346 | INFO     | __main__:get_tbc_epg:291 - 頻道 華藏衛視  獲取 167 個節目
2026-07-23 22:26:42.346 | INFO     | __main__:get_tbc_epg:291 - 頻道 壹電視資訊綜合台 獲取 167 個節目
2026-07-23 22:26:42.346 | INFO     | __main__:get_tbc_epg:291 - 頻道 佛衛慈悲台 獲取 186 個節目
2026-07-23 22:26:42.346 | INFO     | __main__:get_tbc_epg:291 - 頻道 紅豆電視台 獲取 84 個節目
2026-07-23 22:26:42.346 | INFO     | __main__:get_tbc_epg:291 - 頻道 全大電視台 獲取 72 個節目
2026-07-23 22:26:42.347 | INFO     | __main__:get_tbc_epg:291 - 頻道 華藝台灣台 獲取 66 個節目
2026-07-23 22:26:42.347 | INFO     | __main__:get_tbc_epg:291 - 頻道 正德電視台 獲取 144 個節目
2026-07-23 22:26:42.347 | INFO     | __main__:get_tbc_epg:291 - 頻道 天良綜合台 獲取 60 個節目
2026-07-23 22:26:42.347 | INFO     | __main__:get_tbc_epg:291 - 頻道 番薯衛星電視台 獲取 24 個節目
2026-07-23 22:26:42.347 | INFO     | __main__:get_tbc_epg:291 - 頻道 富立電視台 獲取 72 個節目
2026-07-23 22:26:42.347 | INFO     | __main__:get_tbc_epg:291 - 頻道 Z頻道 獲取 144 個節目
2026-07-23 22:26:42.347 | INFO     | __main__:get_tbc_epg:291 - 頻道 冠軍夢想台 獲取 72 個節目
2026-07-23 22:26:42.347 | INFO     | __main__:get_tbc_epg:291 - 頻道 新天地民俗台 獲取 144 個節目
2026-07-23 22:26:42.347 | INFO     | __main__:get_tbc_epg:291 - 頻道 三聖電視台 獲取 144 個節目
2026-07-23 22:26:42.347 | INFO     | __main__:get_tbc_epg:291 - 頻道 威達超舜生活台 獲取 90 個節目
2026-07-23 22:26:42.347 | INFO     | __main__:get_tbc_epg:291 - 頻道 天美麗電視台 獲取 48 個節目
2026-07-23 22:26:42.347 | INFO     | __main__:get_tbc_epg:291 - 頻道 大立電視台 獲取 72 個節目
2026-07-23 22:26:42.347 | INFO     | __main__:get_tbc_epg:291 - 頻道 小公視 獲取 236 個節目
2026-07-23 22:26:42.347 | INFO     | __main__:get_tbc_epg:291 - 頻道 華視教育體育文化台 獲取 257 個節目
2026-07-23 22:26:42.347 | INFO     | __main__:get_tbc_epg:291 - 頻道 國會頻道1台 獲取 72 個節目
2026-07-23 22:26:42.348 | INFO     | __main__:get_tbc_epg:291 - 頻道 國會頻道2台 獲取 72 個節目
2026-07-23 22:26:42.348 | INFO     | __main__:get_tbc_epg:291 - 頻道 幸福空間居家台 獲取 146 個節目
2026-07-23 22:26:42.348 | INFO     | __main__:get_tbc_epg:291 - 頻道 高點育樂台 獲取 148 個節目
2026-07-23 22:26:42.348 | INFO     | __main__:get_tbc_epg:291 - 頻道 台灣綜合台 獲取 144 個節目
2026-07-23 22:26:42.348 | INFO     | __main__:get_tbc_epg:291 - 頻道 大台中生活頻道 獲取 150 個節目
2026-07-23 22:26:42.348 | INFO     | __main__:get_tbc_epg:291 - 頻道 彰化生活台 獲取 144 個節目
2026-07-23 22:26:42.348 | INFO     | __main__:get_tbc_epg:291 - 頻道 唯心電視台 獲取 228 個節目
2026-07-23 22:26:42.348 | INFO     | __main__:get_tbc_epg:291 - 頻道 美麗人生購物台 獲取 144 個節目
2026-07-23 22:26:42.348 | INFO     | __main__:get_tbc_epg:291 - 頻道 大愛二台  獲取 287 個節目
2026-07-23 22:26:42.348 | INFO     | __main__:get_tbc_epg:291 - 頻道 靖天映畫 獲取 78 個節目
2026-07-23 22:26:42.348 | INFO     | __main__:get_tbc_epg:291 - 頻道 靖洋戲劇台 獲取 152 個節目
2026-07-23 22:26:42.348 | INFO     | __main__:get_tbc_epg:291 - 頻道 ROCK Action 獲取 83 個節目
2026-07-23 22:26:42.348 | INFO     | __main__:get_tbc_epg:291 - 頻道 Global Trekker 探索世界  獲取 221 個節目
2026-07-23 22:26:42.348 | INFO     | __main__:get_tbc_epg:291 - 頻道 靖天綜合台 獲取 144 個節目
2026-07-23 22:26:42.348 | INFO     | __main__:get_tbc_epg:291 - 頻道 寶島文化台 獲取 144 個節目
2026-07-23 22:26:42.349 | INFO     | __main__:get_tbc_epg:291 - 頻道 TaiwanPlus 獲取 336 個節目
2026-07-23 22:26:42.349 | INFO     | __main__:get_tbc_epg:291 - 頻道 BBC News 獲取 302 個節目
2026-07-23 22:26:42.349 | INFO     | __main__:get_tbc_epg:291 - 頻道 民視第一台 獲取 196 個節目
2026-07-23 22:26:42.349 | INFO     | __main__:get_tbc_epg:291 - 頻道 民視台灣台 獲取 171 個節目
2026-07-23 22:26:42.349 | INFO     | __main__:get_tbc_epg:291 - 頻道 中視新聞台 獲取 144 個節目
2026-07-23 22:26:42.349 | INFO     | __main__:get_tbc_epg:291 - 頻道 台視新聞台 獲取 154 個節目
2026-07-23 22:26:42.349 | INFO     | __main__:get_tbc_epg:291 - 頻道 台視財經台 獲取 130 個節目
2026-07-23 22:26:42.349 | INFO     | __main__:get_tbc_epg:291 - 頻道 台視綜合台 獲取 148 個節目
2026-07-23 22:26:42.349 | INFO     | __main__:get_tbc_epg:291 - 頻道 彭博財經台 獲取 142 個節目
2026-07-23 22:26:42.349 | INFO     | __main__:get_tbc_epg:291 - 頻道 Channel NewsAsia 獲取 185 個節目
2026-07-23 22:26:42.349 | INFO     | __main__:get_tbc_epg:291 - 頻道 韓國阿里郎 獲取 317 個節目
2026-07-23 22:26:42.349 | INFO     | __main__:get_tbc_epg:291 - 頻道 DREAMWORKS 獲取 348 個節目
2026-07-23 22:26:42.349 | INFO     | __main__:get_tbc_epg:291 - 頻道 Warner TV 獲取 217 個節目
2026-07-23 22:26:42.349 | INFO     | __main__:get_tbc_epg:291 - 頻道 靖天電影台 獲取 84 個節目
2026-07-23 22:26:42.350 | INFO     | __main__:get_tbc_epg:291 - 頻道 CinemaWorld 獲取 95 個節目
2026-07-23 22:26:42.350 | INFO     | __main__:get_tbc_epg:291 - 頻道 HBO HD 獲取 184 個節目
2026-07-23 22:26:42.350 | INFO     | __main__:get_tbc_epg:291 - 頻道 HBO 強檔鉅獻 獲取 94 個節目
2026-07-23 22:26:42.350 | INFO     | __main__:get_tbc_epg:291 - 頻道 HBO 原創鉅獻 獲取 105 個節目
2026-07-23 22:26:42.350 | INFO     | __main__:get_tbc_epg:291 - 頻道 HBO 溫馨家庭 獲取 295 個節目
2026-07-23 22:26:42.350 | INFO     | __main__:get_tbc_epg:291 - 頻道 靖天日本台 獲取 229 個節目
2026-07-23 22:26:42.350 | INFO     | __main__:get_tbc_epg:291 - 頻道 EVE 獲取 247 個節目
2026-07-23 22:26:42.350 | INFO     | __main__:get_tbc_epg:291 - 頻道 tvN 獲取 110 個節目
2026-07-23 22:26:42.350 | INFO     | __main__:get_tbc_epg:291 - 頻道 靖天歡樂台 獲取 150 個節目
2026-07-23 22:26:42.350 | INFO     | __main__:get_tbc_epg:291 - 頻道 HITS 獲取 157 個節目
2026-07-23 22:26:42.350 | INFO     | __main__:get_tbc_epg:291 - 頻道 韓國娛樂台KMTV 獲取 230 個節目
2026-07-23 22:26:42.350 | INFO     | __main__:get_tbc_epg:291 - 頻道 靖天育樂台 獲取 161 個節目
2026-07-23 22:26:42.350 | INFO     | __main__:get_tbc_epg:291 - 頻道 Lifetime 獲取 148 個節目
2026-07-23 22:26:42.350 | INFO     | __main__:get_tbc_epg:291 - 頻道 罪案偵緝頻道 獲取 186 個節目
2026-07-23 22:26:42.350 | INFO     | __main__:get_tbc_epg:291 - 頻道 寵物頻道 獲取 163 個節目
2026-07-23 22:26:42.351 | INFO     | __main__:get_tbc_epg:291 - 頻道 歷史頻道 獲取 165 個節目
2026-07-23 22:26:42.351 | INFO     | __main__:get_tbc_epg:291 - 頻道 Discovery Asia 獲取 210 個節目
2026-07-23 22:26:42.351 | INFO     | __main__:get_tbc_epg:291 - 頻道 Discovery科學頻道 獲取 237 個節目
2026-07-23 22:26:42.351 | INFO     | __main__:get_tbc_epg:291 - 頻道 DMAX 獲取 219 個節目
2026-07-23 22:26:42.351 | INFO     | __main__:get_tbc_epg:291 - 頻道 寰宇新聞台灣台 獲取 150 個節目
2026-07-23 22:26:42.351 | INFO     | __main__:get_tbc_epg:291 - 頻道 亞洲旅遊台 獲取 144 個節目
2026-07-23 22:26:42.351 | INFO     | __main__:get_tbc_epg:291 - 頻道 梅迪奇藝術 獲取 102 個節目
2026-07-23 22:26:42.351 | INFO     | __main__:get_tbc_epg:291 - 頻道 博斯運動二台 獲取 72 個節目
2026-07-23 22:26:42.351 | INFO     | __main__:get_tbc_epg:291 - 頻道 博斯網球台 獲取 61 個節目
2026-07-23 22:26:42.351 | INFO     | __main__:get_tbc_epg:291 - 頻道 博斯無限台 獲取 65 個節目
2026-07-23 22:26:42.351 | INFO     | __main__:get_tbc_epg:291 - 頻道 博斯高球1台 獲取 42 個節目
2026-07-23 22:26:42.351 | INFO     | __main__:get_tbc_epg:291 - 頻道 博斯高球2台 獲取 47 個節目
2026-07-23 22:26:42.351 | INFO     | __main__:get_tbc_epg:291 - 頻道 博斯魅力網 獲取 67 個節目
2026-07-23 22:26:42.351 | INFO     | __main__:get_tbc_epg:291 - 頻道 博斯運動一台 獲取 59 個節目
2026-07-23 22:26:42.351 | INFO     | __main__:get_tbc_epg:291 - 頻道 博斯無限二台 獲取 86 個節目
2026-07-23 22:26:42.352 | INFO     | __main__:get_tbc_epg:291 - 頻道 尼克兒童頻道 獲取 404 個節目
2026-07-23 22:26:42.352 | INFO     | __main__:get_tbc_epg:291 - 頻道 達文西頻道 獲取 580 個節目
2026-07-23 22:26:42.352 | INFO     | __main__:get_tbc_epg:291 - 頻道 CBeebies 獲取 1000 個節目
2026-07-23 22:26:42.352 | INFO     | __main__:get_tbc_epg:291 - 頻道 CARTOONITO 獲取 252 個節目
2026-07-23 22:26:42.352 | INFO     | __main__:get_tbc_epg:291 - 頻道 靖洋卡通台 獲取 264 個節目
2026-07-23 22:26:42.352 | INFO     | __main__:get_tbc_epg:291 - 頻道 靖天卡通台 獲取 254 個節目
2026-07-23 22:26:42.352 | INFO     | __main__:get_tbc_epg:291 - 頻道 LOVE NATURE 4K 獲取 168 個節目
2026-07-23 22:26:42.352 | INFO     | __main__:get_tbc_epg:291 - 頻道 ROCK ENTERTAINMENT 獲取 135 個節目
2026-07-23 22:26:42.352 | INFO     | __main__:get_tbc_epg:291 - 頻道 ROCK EXTREME 獲取 140 個節目
2026-07-23 22:26:42.352 | INFO     | __main__:get_tbc_epg:291 - 頻道 彩虹頻道 獲取 151 個節目
2026-07-23 22:26:42.352 | INFO     | __main__:get_tbc_epg:291 - 頻道 彩虹e台 獲取 59 個節目
2026-07-23 22:26:42.352 | INFO     | __main__:get_tbc_epg:291 - 頻道 彩虹電影台 獲取 58 個節目
2026-07-23 22:26:42.352 | INFO     | __main__:get_tbc_epg:291 - 頻道 K 頻道 獲取 73 個節目
2026-07-23 22:26:42.352 | INFO     | __main__:get_tbc_epg:291 - 頻道 松視1台 獲取 72 個節目
2026-07-23 22:26:42.352 | INFO     | __main__:get_tbc_epg:291 - 頻道 松視2台 獲取 72 個節目
2026-07-23 22:26:42.353 | INFO     | __main__:get_tbc_epg:291 - 頻道 松視3台 獲取 100 個節目
2026-07-23 22:26:42.353 | INFO     | __main__:get_tbc_epg:291 - 頻道 松視4台 獲取 110 個節目
2026-07-23 22:26:42.353 | INFO     | __main__:get_tbc_epg:291 - 頻道 潘朵啦高畫質玩美台 獲取 72 個節目
2026-07-23 22:26:42.353 | INFO     | __main__:get_tbc_epg:291 - 頻道 潘朵啦高畫質粉紅台 獲取 78 個節目
2026-07-23 22:26:42.353 | INFO     | __main__:get_tbc_epg:291 - 頻道 JStar極限台電影頻道 獲取 96 個節目
2026-07-23 22:26:42.353 | INFO     | __main__:get_tbc_epg:291 - 頻道 驚豔成人電影台 獲取 67 個節目
2026-07-23 22:26:42.353 | INFO     | __main__:get_tbc_epg:291 - 頻道 香蕉台 獲取 99 個節目
2026-07-23 22:26:42.353 | INFO     | __main__:get_tbc_epg:291 - 頻道 樂活頻道 獲取 102 個節目
2026-07-23 22:26:42.353 | INFO     | __main__:get_tbc_epg:291 - 頻道 玩家頻道 獲取 144 個節目
2026-07-23 22:26:42.353 | INFO     | __main__:get_tbc_epg:291 - 頻道 Happy 獲取 72 個節目
2026-07-23 22:26:42.353 | INFO     | __main__:get_tbc_epg:291 - 頻道 Hot 獲取 144 個節目
2026-07-23 22:26:42.353 | INFO     | __main__:get_tbc_epg:292 - 總計獲取 32221 個節目
2026-07-23 22:26:45.578 | INFO     | __main__:main:361 - EPG 已儲存到 ./output/epg_tbc.xml
2026-07-23 22:26:45.578 | INFO     | __main__:main:363 - ========== 抓取完成 ==========
2026-07-24 02:30:59 | INFO | ==================================================
2026-07-24 02:30:59 | INFO | 開始生成四季線上電子節目單
2026-07-24 02:30:59 | INFO | 輸出目錄: /home/runner/work/EPG/EPG/output
2026-07-24 02:30:59 | SUCCESS | 已更新本地頻道檔案，保存 132 個頻道
2026-07-24 02:30:59 | SUCCESS | 從 API 獲取到 132 個頻道（已跳過 9 個）
2026-07-24 02:30:59 | INFO | 成功加載 132 個頻道
2026-07-24 02:31:17 | INFO | 共獲取 13082 個節目
2026-07-24 02:31:17 | INFO | 電子節目單已生成: /home/runner/work/EPG/EPG/output/4g.xml
2026-07-24 02:31:17 | SUCCESS | EPG 生成完成
2026-07-24 22:20:02.629 | INFO     | __main__:main:350 - ========== 開始抓取 TBC EPG ==========
2026-07-24 22:20:02.629 | INFO     | __main__:get_tbc_epg:246 - 正在獲取TBC EPG
2026-07-24 22:20:06.864 | INFO     | __main__:get_channels_tbc:161 - 成功獲取 233 個頻道
2026-07-24 22:20:06.864 | INFO     | __main__:get_tbc_epg:258 - 正在獲取 2026/07/25 節目表
2026-07-24 22:22:07.367 | INFO     | __main__:get_tbc_epg:258 - 正在獲取 2026/07/26 節目表
2026-07-24 22:24:04.819 | INFO     | __main__:get_tbc_epg:258 - 正在獲取 2026/07/27 節目表
2026-07-24 22:26:02.845 | INFO     | __main__:get_tbc_epg:258 - 正在獲取 2026/07/28 節目表
2026-07-24 22:27:58.014 | INFO     | __main__:get_tbc_epg:258 - 正在獲取 2026/07/29 節目表
2026-07-24 22:29:54.463 | INFO     | __main__:get_tbc_epg:258 - 正在獲取 2026/07/30 節目表
2026-07-24 22:31:44.400 | INFO     | __main__:get_tbc_epg:291 - 頻道 南桃園節目總表 獲取 144 個節目
2026-07-24 22:31:44.400 | INFO     | __main__:get_tbc_epg:291 - 頻道 南桃園公用頻道 獲取 193 個節目
2026-07-24 22:31:44.401 | INFO     | __main__:get_tbc_epg:291 - 頻道 CNN 獲取 191 個節目
2026-07-24 22:31:44.401 | INFO     | __main__:get_tbc_epg:291 - 頻道 民視無線台 獲取 205 個節目
2026-07-24 22:31:44.401 | INFO     | __main__:get_tbc_epg:291 - 頻道 TBC桃園生活台 獲取 240 個節目
2026-07-24 22:31:44.401 | INFO     | __main__:get_tbc_epg:291 - 頻道 台視 獲取 165 個節目
2026-07-24 22:31:44.401 | INFO     | __main__:get_tbc_epg:291 - 頻道 大愛電視台 獲取 376 個節目
2026-07-24 22:31:44.401 | INFO     | __main__:get_tbc_epg:291 - 頻道 中視 獲取 149 個節目
2026-07-24 22:31:44.401 | INFO     | __main__:get_tbc_epg:291 - 頻道 人間衛視 獲取 161 個節目
2026-07-24 22:31:44.401 | INFO     | __main__:get_tbc_epg:291 - 頻道 華視 獲取 147 個節目
2026-07-24 22:31:44.401 | INFO     | __main__:get_tbc_epg:291 - 頻道 公共電視 獲取 214 個節目
2026-07-24 22:31:44.401 | INFO     | __main__:get_tbc_epg:291 - 頻道 公視台語台 獲取 154 個節目
2026-07-24 22:31:44.401 | INFO     | __main__:get_tbc_epg:291 - 頻道 好消息頻道 獲取 277 個節目
2026-07-24 22:31:44.401 | INFO     | __main__:get_tbc_epg:291 - 頻道 原住民頻道 獲取 172 個節目
2026-07-24 22:31:44.401 | INFO     | __main__:get_tbc_epg:291 - 頻道 客家電視台 獲取 221 個節目
2026-07-24 22:31:44.402 | INFO     | __main__:get_tbc_epg:291 - 頻道 BBC Earth 獲取 155 個節目
2026-07-24 22:31:44.402 | INFO     | __main__:get_tbc_epg:291 - 頻道 Discovery 獲取 197 個節目
2026-07-24 22:31:44.402 | INFO     | __main__:get_tbc_epg:291 - 頻道 TLC旅遊生活頻道 獲取 179 個節目
2026-07-24 22:31:44.402 | INFO     | __main__:get_tbc_epg:291 - 頻道 動物星球 獲取 167 個節目
2026-07-24 22:31:44.402 | INFO     | __main__:get_tbc_epg:291 - 頻道 卡通頻道 獲取 203 個節目
2026-07-24 22:31:44.402 | INFO     | __main__:get_tbc_epg:291 - 頻道 小尼克頻道 獲取 442 個節目
2026-07-24 22:31:44.402 | INFO     | __main__:get_tbc_epg:291 - 頻道 MOMO親子台 獲取 217 個節目
2026-07-24 22:31:44.402 | INFO     | __main__:get_tbc_epg:291 - 頻道 東森幼幼台 獲取 398 個節目
2026-07-24 22:31:44.402 | INFO     | __main__:get_tbc_epg:291 - 頻道 緯來綜合台 獲取 142 個節目
2026-07-24 22:31:44.402 | INFO     | __main__:get_tbc_epg:291 - 頻道 八大第一台 獲取 140 個節目
2026-07-24 22:31:44.402 | INFO     | __main__:get_tbc_epg:291 - 頻道 八大綜合台 獲取 151 個節目
2026-07-24 22:31:44.402 | INFO     | __main__:get_tbc_epg:291 - 頻道 三立台灣台 獲取 133 個節目
2026-07-24 22:31:44.403 | INFO     | __main__:get_tbc_epg:291 - 頻道 三立都會台 獲取 135 個節目
2026-07-24 22:31:44.403 | INFO     | __main__:get_tbc_epg:291 - 頻道 華藝中文台 獲取 164 個節目
2026-07-24 22:31:44.403 | INFO     | __main__:get_tbc_epg:291 - 頻道 東森綜合台 獲取 135 個節目
2026-07-24 22:31:44.403 | INFO     | __main__:get_tbc_epg:291 - 頻道 東森超視 獲取 134 個節目
2026-07-24 22:31:44.403 | INFO     | __main__:get_tbc_epg:291 - 頻道 東森購物2台 獲取 144 個節目
2026-07-24 22:31:44.403 | INFO     | __main__:get_tbc_epg:291 - 頻道 MOMO 2台 獲取 144 個節目
2026-07-24 22:31:44.403 | INFO     | __main__:get_tbc_epg:291 - 頻道 中天綜合台 獲取 115 個節目
2026-07-24 22:31:44.403 | INFO     | __main__:get_tbc_epg:291 - 頻道 東風衛視 獲取 153 個節目
2026-07-24 22:31:44.403 | INFO     | __main__:get_tbc_epg:291 - 頻道 年代MUCH TV 獲取 178 個節目
2026-07-24 22:31:44.403 | INFO     | __main__:get_tbc_epg:291 - 頻道 中天娛樂台 獲取 133 個節目
2026-07-24 22:31:44.403 | INFO     | __main__:get_tbc_epg:291 - 頻道 東森戲劇台 獲取 141 個節目
2026-07-24 22:31:44.403 | INFO     | __main__:get_tbc_epg:291 - 頻道 八大戲劇台 獲取 144 個節目
2026-07-24 22:31:44.403 | INFO     | __main__:get_tbc_epg:291 - 頻道 TVBS歡樂台 獲取 141 個節目
2026-07-24 22:31:44.403 | INFO     | __main__:get_tbc_epg:291 - 頻道 緯來戲劇台 獲取 138 個節目
2026-07-24 22:31:44.403 | INFO     | __main__:get_tbc_epg:291 - 頻道 高點電視台 獲取 144 個節目
2026-07-24 22:31:44.403 | INFO     | __main__:get_tbc_epg:291 - 頻道 JET綜合台 獲取 136 個節目
2026-07-24 22:31:44.403 | INFO     | __main__:get_tbc_epg:291 - 頻道 東森購物3台 獲取 144 個節目
2026-07-24 22:31:44.403 | INFO     | __main__:get_tbc_epg:291 - 頻道 東森購物1台 獲取 144 個節目
2026-07-24 22:31:44.403 | INFO     | __main__:get_tbc_epg:291 - 頻道 MOMO 1台 獲取 144 個節目
2026-07-24 22:31:44.403 | INFO     | __main__:get_tbc_epg:291 - 頻道 壹電視新聞台 獲取 113 個節目
2026-07-24 22:31:44.403 | INFO     | __main__:get_tbc_epg:291 - 頻道 年代新聞台 獲取 116 個節目
2026-07-24 22:31:44.403 | INFO     | __main__:get_tbc_epg:291 - 頻道 東森新聞台 獲取 134 個節目
2026-07-24 22:31:44.403 | INFO     | __main__:get_tbc_epg:291 - 頻道 民視新聞台 獲取 142 個節目
2026-07-24 22:31:44.403 | INFO     | __main__:get_tbc_epg:291 - 頻道 三立新聞台 獲取 138 個節目
2026-07-24 22:31:44.403 | INFO     | __main__:get_tbc_epg:291 - 頻道 TVBS 新聞台 獲取 114 個節目
2026-07-24 22:31:44.403 | INFO     | __main__:get_tbc_epg:291 - 頻道 TVBS 獲取 118 個節目
2026-07-24 22:31:44.403 | INFO     | __main__:get_tbc_epg:291 - 頻道 東森財經新聞台 獲取 138 個節目
2026-07-24 22:31:44.404 | INFO     | __main__:get_tbc_epg:291 - 頻道 非凡新聞台 獲取 149 個節目
2026-07-24 22:31:44.404 | INFO     | __main__:get_tbc_epg:291 - 頻道 ViVa1台 獲取 144 個節目
2026-07-24 22:31:44.404 | INFO     | __main__:get_tbc_epg:291 - 頻道 東森購物5台 獲取 144 個節目
2026-07-24 22:31:44.404 | INFO     | __main__:get_tbc_epg:291 - 頻道 CATCHPLAY電影台 獲取 133 個節目
2026-07-24 22:31:44.404 | INFO     | __main__:get_tbc_epg:291 - 頻道 東森電影台 獲取 97 個節目
2026-07-24 22:31:44.404 | INFO     | __main__:get_tbc_epg:291 - 頻道 緯來電影台 獲取 82 個節目
2026-07-24 22:31:44.404 | INFO     | __main__:get_tbc_epg:291 - 頻道 LS Time電影台 獲取 70 個節目
2026-07-24 22:31:44.404 | INFO     | __main__:get_tbc_epg:291 - 頻道 HBO 獲取 90 個節目
2026-07-24 22:31:44.404 | INFO     | __main__:get_tbc_epg:291 - 頻道 東森洋片台 獲取 62 個節目
2026-07-24 22:31:44.404 | INFO     | __main__:get_tbc_epg:291 - 頻道 AXN 獲取 123 個節目
2026-07-24 22:31:44.404 | INFO     | __main__:get_tbc_epg:291 - 頻道 好萊塢電影台 獲取 76 個節目
2026-07-24 22:31:44.404 | INFO     | __main__:get_tbc_epg:291 - 頻道 amc電影台 獲取 100 個節目
2026-07-24 22:31:44.404 | INFO     | __main__:get_tbc_epg:291 - 頻道 緯來育樂台 獲取 136 個節目
2026-07-24 22:31:44.404 | INFO     | __main__:get_tbc_epg:291 - 頻道 CINEMAX 獲取 87 個節目
2026-07-24 22:31:44.404 | INFO     | __main__:get_tbc_epg:291 - 頻道 緯來體育台 獲取 112 個節目
2026-07-24 22:31:44.404 | INFO     | __main__:get_tbc_epg:291 - 頻道 DAZN 1 獲取 85 個節目
2026-07-24 22:31:44.404 | INFO     | __main__:get_tbc_epg:291 - 頻道 DAZN 2 獲取 90 個節目
2026-07-24 22:31:44.404 | INFO     | __main__:get_tbc_epg:291 - 頻道 MOMO綜合台 獲取 156 個節目
2026-07-24 22:31:44.404 | INFO     | __main__:get_tbc_epg:291 - 頻道 緯來日本台 獲取 129 個節目
2026-07-24 22:31:44.404 | INFO     | __main__:get_tbc_epg:291 - 頻道 國興衛視 獲取 193 個節目
2026-07-24 22:31:44.404 | INFO     | __main__:get_tbc_epg:291 - 頻道 BBC Lifestyle 獲取 180 個節目
2026-07-24 22:31:44.404 | INFO     | __main__:get_tbc_epg:291 - 頻道 靖天資訊台 獲取 160 個節目
2026-07-24 22:31:44.404 | INFO     | __main__:get_tbc_epg:291 - 頻道 信吉電視台 獲取 71 個節目
2026-07-24 22:31:44.404 | INFO     | __main__:get_tbc_epg:291 - 頻道 信大電視台 獲取 72 個節目
2026-07-24 22:31:44.404 | INFO     | __main__:get_tbc_epg:291 - 頻道 中台灣生活網頻道 獲取 288 個節目
2026-07-24 22:31:44.404 | INFO     | __main__:get_tbc_epg:291 - 頻道 TBC台中生活台 獲取 288 個節目
2026-07-24 22:31:44.404 | INFO     | __main__:get_tbc_epg:291 - 頻道 鏡電視新聞台 獲取 138 個節目
2026-07-24 22:31:44.405 | INFO     | __main__:get_tbc_epg:291 - 頻道 台灣藝術台 獲取 90 個節目
2026-07-24 22:31:44.405 | INFO     | __main__:get_tbc_epg:291 - 頻道 樂視台 獲取 288 個節目
2026-07-24 22:31:44.405 | INFO     | __main__:get_tbc_epg:291 - 頻道 非凡商業台 獲取 182 個節目
2026-07-24 22:31:44.405 | INFO     | __main__:get_tbc_epg:291 - 頻道 三立財經新聞台 獲取 140 個節目
2026-07-24 22:31:44.405 | INFO     | __main__:get_tbc_epg:291 - 頻道 冠軍電視台 獲取 80 個節目
2026-07-24 22:31:44.405 | INFO     | __main__:get_tbc_epg:291 - 頻道 運通財經綜合台 獲取 288 個節目
2026-07-24 22:31:44.405 | INFO     | __main__:get_tbc_epg:291 - 頻道 SBN全球財經台 獲取 288 個節目
2026-07-24 22:31:44.405 | INFO     | __main__:get_tbc_epg:291 - 頻道 誠心電視台 獲取 72 個節目
2026-07-24 22:31:44.405 | INFO     | __main__:get_tbc_epg:291 - 頻道 NHK 獲取 389 個節目
2026-07-24 22:31:44.405 | INFO     | __main__:get_tbc_epg:291 - 頻道 MTV 獲取 164 個節目
2026-07-24 22:31:44.405 | INFO     | __main__:get_tbc_epg:291 - 頻道 Animax 獲取 288 個節目
2026-07-24 22:31:44.405 | INFO     | __main__:get_tbc_epg:291 - 頻道 霹靂台灣台 獲取 143 個節目
2026-07-24 22:31:44.405 | INFO     | __main__:get_tbc_epg:291 - 頻道 海豚綜合台 獲取 102 個節目
2026-07-24 22:31:44.405 | INFO     | __main__:get_tbc_epg:291 - 頻道 八大娛樂台 獲取 143 個節目
2026-07-24 22:31:44.406 | INFO     | __main__:get_tbc_epg:291 - 頻道 十方法界 獲取 249 個節目
2026-07-24 22:31:44.406 | INFO     | __main__:get_tbc_epg:291 - 頻道 壹電視電影台 獲取 91 個節目
2026-07-24 22:31:44.406 | INFO     | __main__:get_tbc_epg:291 - 頻道 華藏衛視  獲取 167 個節目
2026-07-24 22:31:44.406 | INFO     | __main__:get_tbc_epg:291 - 頻道 壹電視資訊綜合台 獲取 167 個節目
2026-07-24 22:31:44.406 | INFO     | __main__:get_tbc_epg:291 - 頻道 佛衛慈悲台 獲取 186 個節目
2026-07-24 22:31:44.406 | INFO     | __main__:get_tbc_epg:291 - 頻道 紅豆電視台 獲取 84 個節目
2026-07-24 22:31:44.406 | INFO     | __main__:get_tbc_epg:291 - 頻道 全大電視台 獲取 72 個節目
2026-07-24 22:31:44.406 | INFO     | __main__:get_tbc_epg:291 - 頻道 華藝台灣台 獲取 66 個節目
2026-07-24 22:31:44.406 | INFO     | __main__:get_tbc_epg:291 - 頻道 正德電視台 獲取 144 個節目
2026-07-24 22:31:44.406 | INFO     | __main__:get_tbc_epg:291 - 頻道 天良綜合台 獲取 60 個節目
2026-07-24 22:31:44.406 | INFO     | __main__:get_tbc_epg:291 - 頻道 番薯衛星電視台 獲取 24 個節目
2026-07-24 22:31:44.406 | INFO     | __main__:get_tbc_epg:291 - 頻道 富立電視台 獲取 72 個節目
2026-07-24 22:31:44.406 | INFO     | __main__:get_tbc_epg:291 - 頻道 Z頻道 獲取 144 個節目
2026-07-24 22:31:44.406 | INFO     | __main__:get_tbc_epg:291 - 頻道 冠軍夢想台 獲取 72 個節目
2026-07-24 22:31:44.407 | INFO     | __main__:get_tbc_epg:291 - 頻道 新天地民俗台 獲取 144 個節目
2026-07-24 22:31:44.407 | INFO     | __main__:get_tbc_epg:291 - 頻道 三聖電視台 獲取 144 個節目
2026-07-24 22:31:44.407 | INFO     | __main__:get_tbc_epg:291 - 頻道 威達超舜生活台 獲取 90 個節目
2026-07-24 22:31:44.407 | INFO     | __main__:get_tbc_epg:291 - 頻道 天美麗電視台 獲取 48 個節目
2026-07-24 22:31:44.407 | INFO     | __main__:get_tbc_epg:291 - 頻道 大立電視台 獲取 72 個節目
2026-07-24 22:31:44.407 | INFO     | __main__:get_tbc_epg:291 - 頻道 小公視 獲取 237 個節目
2026-07-24 22:31:44.407 | INFO     | __main__:get_tbc_epg:291 - 頻道 華視教育體育文化台 獲取 258 個節目
2026-07-24 22:31:44.407 | INFO     | __main__:get_tbc_epg:291 - 頻道 國會頻道1台 獲取 72 個節目
2026-07-24 22:31:44.407 | INFO     | __main__:get_tbc_epg:291 - 頻道 國會頻道2台 獲取 72 個節目
2026-07-24 22:31:44.407 | INFO     | __main__:get_tbc_epg:291 - 頻道 幸福空間居家台 獲取 146 個節目
2026-07-24 22:31:44.407 | INFO     | __main__:get_tbc_epg:291 - 頻道 高點育樂台 獲取 148 個節目
2026-07-24 22:31:44.407 | INFO     | __main__:get_tbc_epg:291 - 頻道 台灣綜合台 獲取 144 個節目
2026-07-24 22:31:44.407 | INFO     | __main__:get_tbc_epg:291 - 頻道 大台中生活頻道 獲取 147 個節目
2026-07-24 22:31:44.407 | INFO     | __main__:get_tbc_epg:291 - 頻道 彰化生活台 獲取 144 個節目
2026-07-24 22:31:44.408 | INFO     | __main__:get_tbc_epg:291 - 頻道 唯心電視台 獲取 228 個節目
2026-07-24 22:31:44.408 | INFO     | __main__:get_tbc_epg:291 - 頻道 美麗人生購物台 獲取 144 個節目
2026-07-24 22:31:44.408 | INFO     | __main__:get_tbc_epg:291 - 頻道 大愛二台  獲取 287 個節目
2026-07-24 22:31:44.408 | INFO     | __main__:get_tbc_epg:291 - 頻道 靖天映畫 獲取 78 個節目
2026-07-24 22:31:44.408 | INFO     | __main__:get_tbc_epg:291 - 頻道 靖洋戲劇台 獲取 152 個節目
2026-07-24 22:31:44.408 | INFO     | __main__:get_tbc_epg:291 - 頻道 ROCK Action 獲取 83 個節目
2026-07-24 22:31:44.408 | INFO     | __main__:get_tbc_epg:291 - 頻道 Global Trekker 探索世界  獲取 219 個節目
2026-07-24 22:31:44.408 | INFO     | __main__:get_tbc_epg:291 - 頻道 靖天綜合台 獲取 144 個節目
2026-07-24 22:31:44.408 | INFO     | __main__:get_tbc_epg:291 - 頻道 寶島文化台 獲取 144 個節目
2026-07-24 22:31:44.408 | INFO     | __main__:get_tbc_epg:291 - 頻道 TaiwanPlus 獲取 332 個節目
2026-07-24 22:31:44.408 | INFO     | __main__:get_tbc_epg:291 - 頻道 BBC News 獲取 303 個節目
2026-07-24 22:31:44.408 | INFO     | __main__:get_tbc_epg:291 - 頻道 民視第一台 獲取 197 個節目
2026-07-24 22:31:44.408 | INFO     | __main__:get_tbc_epg:291 - 頻道 民視台灣台 獲取 171 個節目
2026-07-24 22:31:44.408 | INFO     | __main__:get_tbc_epg:291 - 頻道 中視新聞台 獲取 144 個節目
2026-07-24 22:31:44.409 | INFO     | __main__:get_tbc_epg:291 - 頻道 台視新聞台 獲取 153 個節目
2026-07-24 22:31:44.409 | INFO     | __main__:get_tbc_epg:291 - 頻道 台視財經台 獲取 129 個節目
2026-07-24 22:31:44.409 | INFO     | __main__:get_tbc_epg:291 - 頻道 台視綜合台 獲取 148 個節目
2026-07-24 22:31:44.409 | INFO     | __main__:get_tbc_epg:291 - 頻道 彭博財經台 獲取 146 個節目
2026-07-24 22:31:44.409 | INFO     | __main__:get_tbc_epg:291 - 頻道 Channel NewsAsia 獲取 188 個節目
2026-07-24 22:31:44.409 | INFO     | __main__:get_tbc_epg:291 - 頻道 韓國阿里郎 獲取 323 個節目
2026-07-24 22:31:44.409 | INFO     | __main__:get_tbc_epg:291 - 頻道 DREAMWORKS 獲取 348 個節目
2026-07-24 22:31:44.409 | INFO     | __main__:get_tbc_epg:291 - 頻道 Warner TV 獲取 216 個節目
2026-07-24 22:31:44.409 | INFO     | __main__:get_tbc_epg:291 - 頻道 靖天電影台 獲取 85 個節目
2026-07-24 22:31:44.409 | INFO     | __main__:get_tbc_epg:291 - 頻道 CinemaWorld 獲取 94 個節目
2026-07-24 22:31:44.409 | INFO     | __main__:get_tbc_epg:291 - 頻道 HBO HD 獲取 185 個節目
2026-07-24 22:31:44.409 | INFO     | __main__:get_tbc_epg:291 - 頻道 HBO 強檔鉅獻 獲取 94 個節目
2026-07-24 22:31:44.409 | INFO     | __main__:get_tbc_epg:291 - 頻道 HBO 原創鉅獻 獲取 105 個節目
2026-07-24 22:31:44.409 | INFO     | __main__:get_tbc_epg:291 - 頻道 HBO 溫馨家庭 獲取 295 個節目
2026-07-24 22:31:44.409 | INFO     | __main__:get_tbc_epg:291 - 頻道 靖天日本台 獲取 229 個節目
2026-07-24 22:31:44.410 | INFO     | __main__:get_tbc_epg:291 - 頻道 EVE 獲取 247 個節目
2026-07-24 22:31:44.410 | INFO     | __main__:get_tbc_epg:291 - 頻道 tvN 獲取 110 個節目
2026-07-24 22:31:44.410 | INFO     | __main__:get_tbc_epg:291 - 頻道 靖天歡樂台 獲取 150 個節目
2026-07-24 22:31:44.410 | INFO     | __main__:get_tbc_epg:291 - 頻道 HITS 獲取 158 個節目
2026-07-24 22:31:44.410 | INFO     | __main__:get_tbc_epg:291 - 頻道 韓國娛樂台KMTV 獲取 229 個節目
2026-07-24 22:31:44.410 | INFO     | __main__:get_tbc_epg:291 - 頻道 靖天育樂台 獲取 161 個節目
2026-07-24 22:31:44.410 | INFO     | __main__:get_tbc_epg:291 - 頻道 Lifetime 獲取 150 個節目
2026-07-24 22:31:44.410 | INFO     | __main__:get_tbc_epg:291 - 頻道 罪案偵緝頻道 獲取 184 個節目
2026-07-24 22:31:44.410 | INFO     | __main__:get_tbc_epg:291 - 頻道 寵物頻道 獲取 164 個節目
2026-07-24 22:31:44.410 | INFO     | __main__:get_tbc_epg:291 - 頻道 歷史頻道 獲取 165 個節目
2026-07-24 22:31:44.410 | INFO     | __main__:get_tbc_epg:291 - 頻道 Discovery Asia 獲取 208 個節目
2026-07-24 22:31:44.410 | INFO     | __main__:get_tbc_epg:291 - 頻道 Discovery科學頻道 獲取 235 個節目
2026-07-24 22:31:44.410 | INFO     | __main__:get_tbc_epg:291 - 頻道 DMAX 獲取 222 個節目
2026-07-24 22:31:44.410 | INFO     | __main__:get_tbc_epg:291 - 頻道 寰宇新聞台灣台 獲取 150 個節目
2026-07-24 22:31:44.411 | INFO     | __main__:get_tbc_epg:291 - 頻道 亞洲旅遊台 獲取 144 個節目
2026-07-24 22:31:44.411 | INFO     | __main__:get_tbc_epg:291 - 頻道 梅迪奇藝術 獲取 102 個節目
2026-07-24 22:31:44.411 | INFO     | __main__:get_tbc_epg:291 - 頻道 博斯運動二台 獲取 72 個節目
2026-07-24 22:31:44.411 | INFO     | __main__:get_tbc_epg:291 - 頻道 博斯網球台 獲取 57 個節目
2026-07-24 22:31:44.411 | INFO     | __main__:get_tbc_epg:291 - 頻道 博斯無限台 獲取 62 個節目
2026-07-24 22:31:44.411 | INFO     | __main__:get_tbc_epg:291 - 頻道 博斯高球1台 獲取 48 個節目
2026-07-24 22:31:44.411 | INFO     | __main__:get_tbc_epg:291 - 頻道 博斯高球2台 獲取 48 個節目
2026-07-24 22:31:44.411 | INFO     | __main__:get_tbc_epg:291 - 頻道 博斯魅力網 獲取 69 個節目
2026-07-24 22:31:44.411 | INFO     | __main__:get_tbc_epg:291 - 頻道 博斯運動一台 獲取 57 個節目
2026-07-24 22:31:44.411 | INFO     | __main__:get_tbc_epg:291 - 頻道 博斯無限二台 獲取 78 個節目
2026-07-24 22:31:44.411 | INFO     | __main__:get_tbc_epg:291 - 頻道 尼克兒童頻道 獲取 405 個節目
2026-07-24 22:31:44.411 | INFO     | __main__:get_tbc_epg:291 - 頻道 達文西頻道 獲取 580 個節目
2026-07-24 22:31:44.411 | INFO     | __main__:get_tbc_epg:291 - 頻道 CBeebies 獲取 1000 個節目
2026-07-24 22:31:44.411 | INFO     | __main__:get_tbc_epg:291 - 頻道 CARTOONITO 獲取 252 個節目
2026-07-24 22:31:44.412 | INFO     | __main__:get_tbc_epg:291 - 頻道 靖洋卡通台 獲取 264 個節目
2026-07-24 22:31:44.412 | INFO     | __main__:get_tbc_epg:291 - 頻道 靖天卡通台 獲取 255 個節目
2026-07-24 22:31:44.412 | INFO     | __main__:get_tbc_epg:291 - 頻道 LOVE NATURE 4K 獲取 168 個節目
2026-07-24 22:31:44.412 | INFO     | __main__:get_tbc_epg:291 - 頻道 ROCK ENTERTAINMENT 獲取 135 個節目
2026-07-24 22:31:44.412 | INFO     | __main__:get_tbc_epg:291 - 頻道 ROCK EXTREME 獲取 139 個節目
2026-07-24 22:31:44.412 | INFO     | __main__:get_tbc_epg:291 - 頻道 彩虹頻道 獲取 155 個節目
2026-07-24 22:31:44.412 | INFO     | __main__:get_tbc_epg:291 - 頻道 彩虹e台 獲取 59 個節目
2026-07-24 22:31:44.412 | INFO     | __main__:get_tbc_epg:291 - 頻道 彩虹電影台 獲取 58 個節目
2026-07-24 22:31:44.412 | INFO     | __main__:get_tbc_epg:291 - 頻道 K 頻道 獲取 71 個節目
2026-07-24 22:31:44.412 | INFO     | __main__:get_tbc_epg:291 - 頻道 松視1台 獲取 72 個節目
2026-07-24 22:31:44.412 | INFO     | __main__:get_tbc_epg:291 - 頻道 松視2台 獲取 72 個節目
2026-07-24 22:31:44.412 | INFO     | __main__:get_tbc_epg:291 - 頻道 松視3台 獲取 100 個節目
2026-07-24 22:31:44.412 | INFO     | __main__:get_tbc_epg:291 - 頻道 松視4台 獲取 107 個節目
2026-07-24 22:31:44.412 | INFO     | __main__:get_tbc_epg:291 - 頻道 潘朵啦高畫質玩美台 獲取 72 個節目
2026-07-24 22:31:44.412 | INFO     | __main__:get_tbc_epg:291 - 頻道 潘朵啦高畫質粉紅台 獲取 78 個節目
2026-07-24 22:31:44.413 | INFO     | __main__:get_tbc_epg:291 - 頻道 JStar極限台電影頻道 獲取 95 個節目
2026-07-24 22:31:44.413 | INFO     | __main__:get_tbc_epg:291 - 頻道 驚豔成人電影台 獲取 68 個節目
2026-07-24 22:31:44.413 | INFO     | __main__:get_tbc_epg:291 - 頻道 香蕉台 獲取 98 個節目
2026-07-24 22:31:44.413 | INFO     | __main__:get_tbc_epg:291 - 頻道 樂活頻道 獲取 102 個節目
2026-07-24 22:31:44.413 | INFO     | __main__:get_tbc_epg:291 - 頻道 玩家頻道 獲取 144 個節目
2026-07-24 22:31:44.413 | INFO     | __main__:get_tbc_epg:291 - 頻道 Happy 獲取 72 個節目
2026-07-24 22:31:44.413 | INFO     | __main__:get_tbc_epg:291 - 頻道 Hot 獲取 144 個節目
2026-07-24 22:31:44.413 | INFO     | __main__:get_tbc_epg:292 - 總計獲取 32232 個節目
2026-07-24 22:31:47.560 | INFO     | __main__:main:361 - EPG 已儲存到 ./output/epg_tbc.xml
2026-07-24 22:31:47.560 | INFO     | __main__:main:363 - ========== 抓取完成 ==========
2026-07-25 02:29:37 | INFO | ==================================================
2026-07-25 02:29:37 | INFO | 開始生成四季線上電子節目單
2026-07-25 02:29:37 | INFO | 輸出目錄: /home/runner/work/EPG/EPG/output
2026-07-25 02:29:38 | SUCCESS | 已更新本地頻道檔案，保存 132 個頻道
2026-07-25 02:29:38 | SUCCESS | 從 API 獲取到 132 個頻道（已跳過 9 個）
2026-07-25 02:29:38 | INFO | 成功加載 132 個頻道
2026-07-25 02:29:57 | INFO | 共獲取 13124 個節目
2026-07-25 02:29:58 | INFO | 電子節目單已生成: /home/runner/work/EPG/EPG/output/4g.xml
2026-07-25 02:29:58 | SUCCESS | EPG 生成完成
2026-07-25 22:11:33.675 | INFO     | __main__:main:350 - ========== 開始抓取 TBC EPG ==========
2026-07-25 22:11:33.675 | INFO     | __main__:get_tbc_epg:246 - 正在獲取TBC EPG
2026-07-25 22:11:38.299 | INFO     | __main__:get_channels_tbc:161 - 成功獲取 233 個頻道
2026-07-25 22:11:38.299 | INFO     | __main__:get_tbc_epg:258 - 正在獲取 2026/07/26 節目表
2026-07-25 22:13:29.308 | INFO     | __main__:get_tbc_epg:258 - 正在獲取 2026/07/27 節目表
2026-07-25 22:15:18.614 | INFO     | __main__:get_tbc_epg:258 - 正在獲取 2026/07/28 節目表
2026-07-25 22:17:08.651 | INFO     | __main__:get_tbc_epg:258 - 正在獲取 2026/07/29 節目表
2026-07-25 22:19:00.494 | INFO     | __main__:get_tbc_epg:258 - 正在獲取 2026/07/30 節目表
2026-07-25 22:20:50.258 | INFO     | __main__:get_tbc_epg:258 - 正在獲取 2026/07/31 節目表
2026-07-25 22:22:32.783 | INFO     | __main__:get_tbc_epg:291 - 頻道 南桃園節目總表 獲取 144 個節目
2026-07-25 22:22:32.783 | INFO     | __main__:get_tbc_epg:291 - 頻道 南桃園公用頻道 獲取 192 個節目
2026-07-25 22:22:32.783 | INFO     | __main__:get_tbc_epg:291 - 頻道 CNN 獲取 189 個節目
2026-07-25 22:22:32.783 | INFO     | __main__:get_tbc_epg:291 - 頻道 民視無線台 獲取 212 個節目
2026-07-25 22:22:32.783 | INFO     | __main__:get_tbc_epg:291 - 頻道 TBC桃園生活台 獲取 240 個節目
2026-07-25 22:22:32.783 | INFO     | __main__:get_tbc_epg:291 - 頻道 台視 獲取 169 個節目
2026-07-25 22:22:32.784 | INFO     | __main__:get_tbc_epg:291 - 頻道 大愛電視台 獲取 396 個節目
2026-07-25 22:22:32.784 | INFO     | __main__:get_tbc_epg:291 - 頻道 中視 獲取 157 個節目
2026-07-25 22:22:32.784 | INFO     | __main__:get_tbc_epg:291 - 頻道 人間衛視 獲取 155 個節目
2026-07-25 22:22:32.784 | INFO     | __main__:get_tbc_epg:291 - 頻道 華視 獲取 150 個節目
2026-07-25 22:22:32.784 | INFO     | __main__:get_tbc_epg:291 - 頻道 公共電視 獲取 212 個節目
2026-07-25 22:22:32.784 | INFO     | __main__:get_tbc_epg:291 - 頻道 公視台語台 獲取 154 個節目
2026-07-25 22:22:32.784 | INFO     | __main__:get_tbc_epg:291 - 頻道 好消息頻道 獲取 283 個節目
2026-07-25 22:22:32.784 | INFO     | __main__:get_tbc_epg:291 - 頻道 原住民頻道 獲取 168 個節目
2026-07-25 22:22:32.784 | INFO     | __main__:get_tbc_epg:291 - 頻道 客家電視台 獲取 218 個節目
2026-07-25 22:22:32.784 | INFO     | __main__:get_tbc_epg:291 - 頻道 BBC Earth 獲取 159 個節目
2026-07-25 22:22:32.784 | INFO     | __main__:get_tbc_epg:291 - 頻道 Discovery 獲取 204 個節目
2026-07-25 22:22:32.784 | INFO     | __main__:get_tbc_epg:291 - 頻道 TLC旅遊生活頻道 獲取 179 個節目
2026-07-25 22:22:32.784 | INFO     | __main__:get_tbc_epg:291 - 頻道 動物星球 獲取 169 個節目
2026-07-25 22:22:32.785 | INFO     | __main__:get_tbc_epg:291 - 頻道 卡通頻道 獲取 200 個節目
2026-07-25 22:22:32.785 | INFO     | __main__:get_tbc_epg:291 - 頻道 小尼克頻道 獲取 443 個節目
2026-07-25 22:22:32.785 | INFO     | __main__:get_tbc_epg:291 - 頻道 MOMO親子台 獲取 229 個節目
2026-07-25 22:22:32.785 | INFO     | __main__:get_tbc_epg:291 - 頻道 東森幼幼台 獲取 420 個節目
2026-07-25 22:22:32.785 | INFO     | __main__:get_tbc_epg:291 - 頻道 緯來綜合台 獲取 153 個節目
2026-07-25 22:22:32.785 | INFO     | __main__:get_tbc_epg:291 - 頻道 八大第一台 獲取 143 個節目
2026-07-25 22:22:32.785 | INFO     | __main__:get_tbc_epg:291 - 頻道 八大綜合台 獲取 152 個節目
2026-07-25 22:22:32.785 | INFO     | __main__:get_tbc_epg:291 - 頻道 三立台灣台 獲取 141 個節目
2026-07-25 22:22:32.785 | INFO     | __main__:get_tbc_epg:291 - 頻道 三立都會台 獲取 138 個節目
2026-07-25 22:22:32.785 | INFO     | __main__:get_tbc_epg:291 - 頻道 華藝中文台 獲取 164 個節目
2026-07-25 22:22:32.785 | INFO     | __main__:get_tbc_epg:291 - 頻道 東森綜合台 獲取 139 個節目
2026-07-25 22:22:32.785 | INFO     | __main__:get_tbc_epg:291 - 頻道 東森超視 獲取 140 個節目
2026-07-25 22:22:32.786 | INFO     | __main__:get_tbc_epg:291 - 頻道 東森購物2台 獲取 144 個節目
2026-07-25 22:22:32.786 | INFO     | __main__:get_tbc_epg:291 - 頻道 MOMO 2台 獲取 144 個節目
2026-07-25 22:22:32.786 | INFO     | __main__:get_tbc_epg:291 - 頻道 中天綜合台 獲取 120 個節目
2026-07-25 22:22:32.786 | INFO     | __main__:get_tbc_epg:291 - 頻道 東風衛視 獲取 151 個節目
2026-07-25 22:22:32.786 | INFO     | __main__:get_tbc_epg:291 - 頻道 年代MUCH TV 獲取 180 個節目
2026-07-25 22:22:32.786 | INFO     | __main__:get_tbc_epg:291 - 頻道 中天娛樂台 獲取 137 個節目
2026-07-25 22:22:32.786 | INFO     | __main__:get_tbc_epg:291 - 頻道 東森戲劇台 獲取 142 個節目
2026-07-25 22:22:32.786 | INFO     | __main__:get_tbc_epg:291 - 頻道 八大戲劇台 獲取 144 個節目
2026-07-25 22:22:32.786 | INFO     | __main__:get_tbc_epg:291 - 頻道 TVBS歡樂台 獲取 142 個節目
2026-07-25 22:22:32.786 | INFO     | __main__:get_tbc_epg:291 - 頻道 緯來戲劇台 獲取 140 個節目
2026-07-25 22:22:32.786 | INFO     | __main__:get_tbc_epg:291 - 頻道 高點電視台 獲取 144 個節目
2026-07-25 22:22:32.786 | INFO     | __main__:get_tbc_epg:291 - 頻道 JET綜合台 獲取 136 個節目
2026-07-25 22:22:32.786 | INFO     | __main__:get_tbc_epg:291 - 頻道 東森購物3台 獲取 144 個節目
2026-07-25 22:22:32.787 | INFO     | __main__:get_tbc_epg:291 - 頻道 東森購物1台 獲取 144 個節目
2026-07-25 22:22:32.787 | INFO     | __main__:get_tbc_epg:291 - 頻道 MOMO 1台 獲取 144 個節目
2026-07-25 22:22:32.787 | INFO     | __main__:get_tbc_epg:291 - 頻道 壹電視新聞台 獲取 110 個節目
2026-07-25 22:22:32.787 | INFO     | __main__:get_tbc_epg:291 - 頻道 年代新聞台 獲取 114 個節目
2026-07-25 22:22:32.787 | INFO     | __main__:get_tbc_epg:291 - 頻道 東森新聞台 獲取 133 個節目
2026-07-25 22:22:32.787 | INFO     | __main__:get_tbc_epg:291 - 頻道 民視新聞台 獲取 141 個節目
2026-07-25 22:22:32.787 | INFO     | __main__:get_tbc_epg:291 - 頻道 三立新聞台 獲取 138 個節目
2026-07-25 22:22:32.787 | INFO     | __main__:get_tbc_epg:291 - 頻道 TVBS 新聞台 獲取 114 個節目
2026-07-25 22:22:32.787 | INFO     | __main__:get_tbc_epg:291 - 頻道 TVBS 獲取 119 個節目
2026-07-25 22:22:32.787 | INFO     | __main__:get_tbc_epg:291 - 頻道 東森財經新聞台 獲取 137 個節目
2026-07-25 22:22:32.787 | INFO     | __main__:get_tbc_epg:291 - 頻道 非凡新聞台 獲取 147 個節目
2026-07-25 22:22:32.787 | INFO     | __main__:get_tbc_epg:291 - 頻道 ViVa1台 獲取 144 個節目
2026-07-25 22:22:32.788 | INFO     | __main__:get_tbc_epg:291 - 頻道 東森購物5台 獲取 144 個節目
2026-07-25 22:22:32.788 | INFO     | __main__:get_tbc_epg:291 - 頻道 CATCHPLAY電影台 獲取 133 個節目
2026-07-25 22:22:32.788 | INFO     | __main__:get_tbc_epg:291 - 頻道 東森電影台 獲取 98 個節目
2026-07-25 22:22:32.788 | INFO     | __main__:get_tbc_epg:291 - 頻道 緯來電影台 獲取 85 個節目
2026-07-25 22:22:32.788 | INFO     | __main__:get_tbc_epg:291 - 頻道 LS Time電影台 獲取 68 個節目
2026-07-25 22:22:32.788 | INFO     | __main__:get_tbc_epg:291 - 頻道 HBO 獲取 91 個節目
2026-07-25 22:22:32.788 | INFO     | __main__:get_tbc_epg:291 - 頻道 東森洋片台 獲取 65 個節目
2026-07-25 22:22:32.788 | INFO     | __main__:get_tbc_epg:291 - 頻道 AXN 獲取 127 個節目
2026-07-25 22:22:32.788 | INFO     | __main__:get_tbc_epg:291 - 頻道 好萊塢電影台 獲取 76 個節目
2026-07-25 22:22:32.788 | INFO     | __main__:get_tbc_epg:291 - 頻道 amc電影台 獲取 103 個節目
2026-07-25 22:22:32.788 | INFO     | __main__:get_tbc_epg:291 - 頻道 緯來育樂台 獲取 136 個節目
2026-07-25 22:22:32.788 | INFO     | __main__:get_tbc_epg:291 - 頻道 CINEMAX 獲取 87 個節目
2026-07-25 22:22:32.788 | INFO     | __main__:get_tbc_epg:291 - 頻道 緯來體育台 獲取 107 個節目
2026-07-25 22:22:32.789 | INFO     | __main__:get_tbc_epg:291 - 頻道 DAZN 1 獲取 88 個節目
2026-07-25 22:22:32.789 | INFO     | __main__:get_tbc_epg:291 - 頻道 DAZN 2 獲取 90 個節目
2026-07-25 22:22:32.789 | INFO     | __main__:get_tbc_epg:291 - 頻道 MOMO綜合台 獲取 154 個節目
2026-07-25 22:22:32.789 | INFO     | __main__:get_tbc_epg:291 - 頻道 緯來日本台 獲取 132 個節目
2026-07-25 22:22:32.789 | INFO     | __main__:get_tbc_epg:291 - 頻道 國興衛視 獲取 193 個節目
2026-07-25 22:22:32.789 | INFO     | __main__:get_tbc_epg:291 - 頻道 BBC Lifestyle 獲取 178 個節目
2026-07-25 22:22:32.789 | INFO     | __main__:get_tbc_epg:291 - 頻道 靖天資訊台 獲取 164 個節目
2026-07-25 22:22:32.789 | INFO     | __main__:get_tbc_epg:291 - 頻道 信吉電視台 獲取 72 個節目
2026-07-25 22:22:32.789 | INFO     | __main__:get_tbc_epg:291 - 頻道 信大電視台 獲取 72 個節目
2026-07-25 22:22:32.789 | INFO     | __main__:get_tbc_epg:291 - 頻道 中台灣生活網頻道 獲取 288 個節目
2026-07-25 22:22:32.789 | INFO     | __main__:get_tbc_epg:291 - 頻道 TBC台中生活台 獲取 288 個節目
2026-07-25 22:22:32.789 | INFO     | __main__:get_tbc_epg:291 - 頻道 鏡電視新聞台 獲取 138 個節目
2026-07-25 22:22:32.789 | INFO     | __main__:get_tbc_epg:291 - 頻道 台灣藝術台 獲取 90 個節目
2026-07-25 22:22:32.789 | INFO     | __main__:get_tbc_epg:291 - 頻道 樂視台 獲取 288 個節目
2026-07-25 22:22:32.790 | INFO     | __main__:get_tbc_epg:291 - 頻道 非凡商業台 獲取 177 個節目
2026-07-25 22:22:32.790 | INFO     | __main__:get_tbc_epg:291 - 頻道 三立財經新聞台 獲取 138 個節目
2026-07-25 22:22:32.790 | INFO     | __main__:get_tbc_epg:291 - 頻道 冠軍電視台 獲取 80 個節目
2026-07-25 22:22:32.790 | INFO     | __main__:get_tbc_epg:291 - 頻道 運通財經綜合台 獲取 288 個節目
2026-07-25 22:22:32.790 | INFO     | __main__:get_tbc_epg:291 - 頻道 SBN全球財經台 獲取 288 個節目
2026-07-25 22:22:32.790 | INFO     | __main__:get_tbc_epg:291 - 頻道 誠心電視台 獲取 72 個節目
2026-07-25 22:22:32.790 | INFO     | __main__:get_tbc_epg:291 - 頻道 NHK 獲取 398 個節目
2026-07-25 22:22:32.790 | INFO     | __main__:get_tbc_epg:291 - 頻道 MTV 獲取 161 個節目
2026-07-25 22:22:32.790 | INFO     | __main__:get_tbc_epg:291 - 頻道 Animax 獲取 288 個節目
2026-07-25 22:22:32.790 | INFO     | __main__:get_tbc_epg:291 - 頻道 霹靂台灣台 獲取 143 個節目
2026-07-25 22:22:32.790 | INFO     | __main__:get_tbc_epg:291 - 頻道 海豚綜合台 獲取 102 個節目
2026-07-25 22:22:32.790 | INFO     | __main__:get_tbc_epg:291 - 頻道 八大娛樂台 獲取 141 個節目
2026-07-25 22:22:32.791 | INFO     | __main__:get_tbc_epg:291 - 頻道 十方法界 獲取 251 個節目
2026-07-25 22:22:32.791 | INFO     | __main__:get_tbc_epg:291 - 頻道 壹電視電影台 獲取 91 個節目
2026-07-25 22:22:32.791 | INFO     | __main__:get_tbc_epg:291 - 頻道 華藏衛視  獲取 169 個節目
2026-07-25 22:22:32.791 | INFO     | __main__:get_tbc_epg:291 - 頻道 壹電視資訊綜合台 獲取 168 個節目
2026-07-25 22:22:32.791 | INFO     | __main__:get_tbc_epg:291 - 頻道 佛衛慈悲台 獲取 184 個節目
2026-07-25 22:22:32.791 | INFO     | __main__:get_tbc_epg:291 - 頻道 紅豆電視台 獲取 84 個節目
2026-07-25 22:22:32.791 | INFO     | __main__:get_tbc_epg:291 - 頻道 全大電視台 獲取 72 個節目
2026-07-25 22:22:32.791 | INFO     | __main__:get_tbc_epg:291 - 頻道 華藝台灣台 獲取 66 個節目
2026-07-25 22:22:32.791 | INFO     | __main__:get_tbc_epg:291 - 頻道 正德電視台 獲取 144 個節目
2026-07-25 22:22:32.791 | INFO     | __main__:get_tbc_epg:291 - 頻道 天良綜合台 獲取 60 個節目
2026-07-25 22:22:32.791 | INFO     | __main__:get_tbc_epg:291 - 頻道 番薯衛星電視台 獲取 24 個節目
2026-07-25 22:22:32.791 | INFO     | __main__:get_tbc_epg:291 - 頻道 富立電視台 獲取 72 個節目
2026-07-25 22:22:32.792 | INFO     | __main__:get_tbc_epg:291 - 頻道 Z頻道 獲取 144 個節目
2026-07-25 22:22:32.792 | INFO     | __main__:get_tbc_epg:291 - 頻道 冠軍夢想台 獲取 72 個節目
2026-07-25 22:22:32.792 | INFO     | __main__:get_tbc_epg:291 - 頻道 新天地民俗台 獲取 144 個節目
2026-07-25 22:22:32.792 | INFO     | __main__:get_tbc_epg:291 - 頻道 三聖電視台 獲取 144 個節目
2026-07-25 22:22:32.792 | INFO     | __main__:get_tbc_epg:291 - 頻道 威達超舜生活台 獲取 90 個節目
2026-07-25 22:22:32.792 | INFO     | __main__:get_tbc_epg:291 - 頻道 天美麗電視台 獲取 48 個節目
2026-07-25 22:22:32.792 | INFO     | __main__:get_tbc_epg:291 - 頻道 大立電視台 獲取 72 個節目
2026-07-25 22:22:32.792 | INFO     | __main__:get_tbc_epg:291 - 頻道 小公視 獲取 237 個節目
2026-07-25 22:22:32.792 | INFO     | __main__:get_tbc_epg:291 - 頻道 華視教育體育文化台 獲取 266 個節目
2026-07-25 22:22:32.792 | INFO     | __main__:get_tbc_epg:291 - 頻道 國會頻道1台 獲取 72 個節目
2026-07-25 22:22:32.792 | INFO     | __main__:get_tbc_epg:291 - 頻道 國會頻道2台 獲取 72 個節目
2026-07-25 22:22:32.793 | INFO     | __main__:get_tbc_epg:291 - 頻道 幸福空間居家台 獲取 145 個節目
2026-07-25 22:22:32.793 | INFO     | __main__:get_tbc_epg:291 - 頻道 高點育樂台 獲取 149 個節目
2026-07-25 22:22:32.793 | INFO     | __main__:get_tbc_epg:291 - 頻道 台灣綜合台 獲取 144 個節目
2026-07-25 22:22:32.793 | INFO     | __main__:get_tbc_epg:291 - 頻道 大台中生活頻道 獲取 147 個節目
2026-07-25 22:22:32.793 | INFO     | __main__:get_tbc_epg:291 - 頻道 彰化生活台 獲取 144 個節目
2026-07-25 22:22:32.793 | INFO     | __main__:get_tbc_epg:291 - 頻道 唯心電視台 獲取 228 個節目
2026-07-25 22:22:32.793 | INFO     | __main__:get_tbc_epg:291 - 頻道 美麗人生購物台 獲取 144 個節目
2026-07-25 22:22:32.793 | INFO     | __main__:get_tbc_epg:291 - 頻道 大愛二台  獲取 295 個節目
2026-07-25 22:22:32.793 | INFO     | __main__:get_tbc_epg:291 - 頻道 靖天映畫 獲取 78 個節目
2026-07-25 22:22:32.793 | INFO     | __main__:get_tbc_epg:291 - 頻道 靖洋戲劇台 獲取 154 個節目
2026-07-25 22:22:32.793 | INFO     | __main__:get_tbc_epg:291 - 頻道 ROCK Action 獲取 82 個節目
2026-07-25 22:22:32.793 | INFO     | __main__:get_tbc_epg:291 - 頻道 Global Trekker 探索世界  獲取 216 個節目
2026-07-25 22:22:32.793 | INFO     | __main__:get_tbc_epg:291 - 頻道 靖天綜合台 獲取 145 個節目
2026-07-25 22:22:32.794 | INFO     | __main__:get_tbc_epg:291 - 頻道 寶島文化台 獲取 144 個節目
2026-07-25 22:22:32.794 | INFO     | __main__:get_tbc_epg:291 - 頻道 TaiwanPlus 獲取 350 個節目
2026-07-25 22:22:32.794 | INFO     | __main__:get_tbc_epg:291 - 頻道 BBC News 獲取 307 個節目
2026-07-25 22:22:32.794 | INFO     | __main__:get_tbc_epg:291 - 頻道 民視第一台 獲取 196 個節目
2026-07-25 22:22:32.794 | INFO     | __main__:get_tbc_epg:291 - 頻道 民視台灣台 獲取 167 個節目
2026-07-25 22:22:32.794 | INFO     | __main__:get_tbc_epg:291 - 頻道 中視新聞台 獲取 144 個節目
2026-07-25 22:22:32.794 | INFO     | __main__:get_tbc_epg:291 - 頻道 台視新聞台 獲取 152 個節目
2026-07-25 22:22:32.794 | INFO     | __main__:get_tbc_epg:291 - 頻道 台視財經台 獲取 123 個節目
2026-07-25 22:22:32.794 | INFO     | __main__:get_tbc_epg:291 - 頻道 台視綜合台 獲取 150 個節目
2026-07-25 22:22:32.794 | INFO     | __main__:get_tbc_epg:291 - 頻道 彭博財經台 獲取 134 個節目
2026-07-25 22:22:32.794 | INFO     | __main__:get_tbc_epg:291 - 頻道 Channel NewsAsia 獲取 169 個節目
2026-07-25 22:22:32.794 | INFO     | __main__:get_tbc_epg:291 - 頻道 韓國阿里郎 獲取 323 個節目
2026-07-25 22:22:32.794 | INFO     | __main__:get_tbc_epg:291 - 頻道 DREAMWORKS 獲取 348 個節目
2026-07-25 22:22:32.794 | INFO     | __main__:get_tbc_epg:291 - 頻道 Warner TV 獲取 222 個節目
2026-07-25 22:22:32.794 | INFO     | __main__:get_tbc_epg:291 - 頻道 靖天電影台 獲取 85 個節目
2026-07-25 22:22:32.795 | INFO     | __main__:get_tbc_epg:291 - 頻道 CinemaWorld 獲取 94 個節目
2026-07-25 22:22:32.795 | INFO     | __main__:get_tbc_epg:291 - 頻道 HBO HD 獲取 184 個節目
2026-07-25 22:22:32.795 | INFO     | __main__:get_tbc_epg:291 - 頻道 HBO 強檔鉅獻 獲取 95 個節目
2026-07-25 22:22:32.795 | INFO     | __main__:get_tbc_epg:291 - 頻道 HBO 原創鉅獻 獲取 105 個節目
2026-07-25 22:22:32.795 | INFO     | __main__:get_tbc_epg:291 - 頻道 HBO 溫馨家庭 獲取 293 個節目
2026-07-25 22:22:32.795 | INFO     | __main__:get_tbc_epg:291 - 頻道 靖天日本台 獲取 236 個節目
2026-07-25 22:22:32.795 | INFO     | __main__:get_tbc_epg:291 - 頻道 EVE 獲取 250 個節目
2026-07-25 22:22:32.795 | INFO     | __main__:get_tbc_epg:291 - 頻道 tvN 獲取 111 個節目
2026-07-25 22:22:32.795 | INFO     | __main__:get_tbc_epg:291 - 頻道 靖天歡樂台 獲取 147 個節目
2026-07-25 22:22:32.795 | INFO     | __main__:get_tbc_epg:291 - 頻道 HITS 獲取 160 個節目
2026-07-25 22:22:32.795 | INFO     | __main__:get_tbc_epg:291 - 頻道 韓國娛樂台KMTV 獲取 231 個節目
2026-07-25 22:22:32.795 | INFO     | __main__:get_tbc_epg:291 - 頻道 靖天育樂台 獲取 164 個節目
2026-07-25 22:22:32.795 | INFO     | __main__:get_tbc_epg:291 - 頻道 Lifetime 獲取 150 個節目
2026-07-25 22:22:32.795 | INFO     | __main__:get_tbc_epg:291 - 頻道 罪案偵緝頻道 獲取 179 個節目
2026-07-25 22:22:32.795 | INFO     | __main__:get_tbc_epg:291 - 頻道 寵物頻道 獲取 163 個節目
2026-07-25 22:22:32.795 | INFO     | __main__:get_tbc_epg:291 - 頻道 歷史頻道 獲取 165 個節目
2026-07-25 22:22:32.795 | INFO     | __main__:get_tbc_epg:291 - 頻道 Discovery Asia 獲取 206 個節目
2026-07-25 22:22:32.795 | INFO     | __main__:get_tbc_epg:291 - 頻道 Discovery科學頻道 獲取 237 個節目
2026-07-25 22:22:32.795 | INFO     | __main__:get_tbc_epg:291 - 頻道 DMAX 獲取 219 個節目
2026-07-25 22:22:32.795 | INFO     | __main__:get_tbc_epg:291 - 頻道 寰宇新聞台灣台 獲取 150 個節目
2026-07-25 22:22:32.795 | INFO     | __main__:get_tbc_epg:291 - 頻道 亞洲旅遊台 獲取 144 個節目
2026-07-25 22:22:32.795 | INFO     | __main__:get_tbc_epg:291 - 頻道 梅迪奇藝術 獲取 102 個節目
2026-07-25 22:22:32.795 | INFO     | __main__:get_tbc_epg:291 - 頻道 博斯運動二台 獲取 72 個節目
2026-07-25 22:22:32.795 | INFO     | __main__:get_tbc_epg:291 - 頻道 博斯網球台 獲取 59 個節目
2026-07-25 22:22:32.796 | INFO     | __main__:get_tbc_epg:291 - 頻道 博斯無限台 獲取 66 個節目
2026-07-25 22:22:32.796 | INFO     | __main__:get_tbc_epg:291 - 頻道 博斯高球1台 獲取 46 個節目
2026-07-25 22:22:32.796 | INFO     | __main__:get_tbc_epg:291 - 頻道 博斯高球2台 獲取 47 個節目
2026-07-25 22:22:32.796 | INFO     | __main__:get_tbc_epg:291 - 頻道 博斯魅力網 獲取 70 個節目
2026-07-25 22:22:32.796 | INFO     | __main__:get_tbc_epg:291 - 頻道 博斯運動一台 獲取 57 個節目
2026-07-25 22:22:32.796 | INFO     | __main__:get_tbc_epg:291 - 頻道 博斯無限二台 獲取 78 個節目
2026-07-25 22:22:32.796 | INFO     | __main__:get_tbc_epg:291 - 頻道 尼克兒童頻道 獲取 410 個節目
2026-07-25 22:22:32.796 | INFO     | __main__:get_tbc_epg:291 - 頻道 達文西頻道 獲取 583 個節目
2026-07-25 22:22:32.796 | INFO     | __main__:get_tbc_epg:291 - 頻道 CBeebies 獲取 985 個節目
2026-07-25 22:22:32.796 | INFO     | __main__:get_tbc_epg:291 - 頻道 CARTOONITO 獲取 246 個節目
2026-07-25 22:22:32.796 | INFO     | __main__:get_tbc_epg:291 - 頻道 靖洋卡通台 獲取 276 個節目
2026-07-25 22:22:32.796 | INFO     | __main__:get_tbc_epg:291 - 頻道 靖天卡通台 獲取 260 個節目
2026-07-25 22:22:32.796 | INFO     | __main__:get_tbc_epg:291 - 頻道 LOVE NATURE 4K 獲取 168 個節目
2026-07-25 22:22:32.796 | INFO     | __main__:get_tbc_epg:291 - 頻道 ROCK ENTERTAINMENT 獲取 149 個節目
2026-07-25 22:22:32.796 | INFO     | __main__:get_tbc_epg:291 - 頻道 ROCK EXTREME 獲取 139 個節目
2026-07-25 22:22:32.796 | INFO     | __main__:get_tbc_epg:291 - 頻道 彩虹頻道 獲取 161 個節目
2026-07-25 22:22:32.796 | INFO     | __main__:get_tbc_epg:291 - 頻道 彩虹e台 獲取 59 個節目
2026-07-25 22:22:32.796 | INFO     | __main__:get_tbc_epg:291 - 頻道 彩虹電影台 獲取 58 個節目
2026-07-25 22:22:32.797 | INFO     | __main__:get_tbc_epg:291 - 頻道 K 頻道 獲取 70 個節目
2026-07-25 22:22:32.797 | INFO     | __main__:get_tbc_epg:291 - 頻道 松視1台 獲取 72 個節目
2026-07-25 22:22:32.797 | INFO     | __main__:get_tbc_epg:291 - 頻道 松視2台 獲取 72 個節目
2026-07-25 22:22:32.797 | INFO     | __main__:get_tbc_epg:291 - 頻道 松視3台 獲取 97 個節目
2026-07-25 22:22:32.797 | INFO     | __main__:get_tbc_epg:291 - 頻道 松視4台 獲取 105 個節目
2026-07-25 22:22:32.797 | INFO     | __main__:get_tbc_epg:291 - 頻道 潘朵啦高畫質玩美台 獲取 72 個節目
2026-07-25 22:22:32.797 | INFO     | __main__:get_tbc_epg:291 - 頻道 潘朵啦高畫質粉紅台 獲取 78 個節目
2026-07-25 22:22:32.797 | INFO     | __main__:get_tbc_epg:291 - 頻道 JStar極限台電影頻道 獲取 95 個節目
2026-07-25 22:22:32.797 | INFO     | __main__:get_tbc_epg:291 - 頻道 驚豔成人電影台 獲取 70 個節目
2026-07-25 22:22:32.797 | INFO     | __main__:get_tbc_epg:291 - 頻道 香蕉台 獲取 94 個節目
2026-07-25 22:22:32.797 | INFO     | __main__:get_tbc_epg:291 - 頻道 樂活頻道 獲取 102 個節目
2026-07-25 22:22:32.797 | INFO     | __main__:get_tbc_epg:291 - 頻道 玩家頻道 獲取 144 個節目
2026-07-25 22:22:32.797 | INFO     | __main__:get_tbc_epg:291 - 頻道 Happy 獲取 72 個節目
2026-07-25 22:22:32.797 | INFO     | __main__:get_tbc_epg:291 - 頻道 Hot 獲取 144 個節目
2026-07-25 22:22:32.797 | INFO     | __main__:get_tbc_epg:292 - 總計獲取 32388 個節目
2026-07-25 22:22:35.959 | INFO     | __main__:main:361 - EPG 已儲存到 ./output/epg_tbc.xml
2026-07-25 22:22:35.959 | INFO     | __main__:main:363 - ========== 抓取完成 ==========
2026-07-26 02:36:06 | INFO | ==================================================
2026-07-26 02:36:06 | INFO | 開始生成四季線上電子節目單
2026-07-26 02:36:06 | INFO | 輸出目錄: /home/runner/work/EPG/EPG/output
2026-07-26 02:36:06 | SUCCESS | 已更新本地頻道檔案，保存 131 個頻道
2026-07-26 02:36:06 | SUCCESS | 從 API 獲取到 131 個頻道（已跳過 9 個）
2026-07-26 02:36:06 | INFO | 成功加載 131 個頻道
2026-07-26 02:36:25 | INFO | 共獲取 13184 個節目
2026-07-26 02:36:25 | INFO | 電子節目單已生成: /home/runner/work/EPG/EPG/output/4g.xml
2026-07-26 02:36:25 | SUCCESS | EPG 生成完成
2026-07-26 22:14:01.320 | INFO     | __main__:main:350 - ========== 開始抓取 TBC EPG ==========
2026-07-26 22:14:01.321 | INFO     | __main__:get_tbc_epg:246 - 正在獲取TBC EPG
2026-07-26 22:14:04.653 | INFO     | __main__:get_channels_tbc:161 - 成功獲取 233 個頻道
2026-07-26 22:14:04.653 | INFO     | __main__:get_tbc_epg:258 - 正在獲取 2026/07/27 節目表
2026-07-26 22:15:46.382 | INFO     | __main__:get_tbc_epg:258 - 正在獲取 2026/07/28 節目表
2026-07-26 22:17:25.293 | INFO     | __main__:get_tbc_epg:258 - 正在獲取 2026/07/29 節目表
2026-07-26 22:19:06.580 | INFO     | __main__:get_tbc_epg:258 - 正在獲取 2026/07/30 節目表
2026-07-26 22:20:46.965 | INFO     | __main__:get_tbc_epg:258 - 正在獲取 2026/07/31 節目表
2026-07-26 22:22:26.353 | INFO     | __main__:get_tbc_epg:258 - 正在獲取 2026/08/01 節目表
2026-07-26 22:24:01.870 | INFO     | __main__:get_tbc_epg:291 - 頻道 南桃園節目總表 獲取 144 個節目
2026-07-26 22:24:01.871 | INFO     | __main__:get_tbc_epg:291 - 頻道 南桃園公用頻道 獲取 193 個節目
2026-07-26 22:24:01.871 | INFO     | __main__:get_tbc_epg:291 - 頻道 CNN 獲取 185 個節目
2026-07-26 22:24:01.871 | INFO     | __main__:get_tbc_epg:291 - 頻道 民視無線台 獲取 215 個節目
2026-07-26 22:24:01.871 | INFO     | __main__:get_tbc_epg:291 - 頻道 TBC桃園生活台 獲取 240 個節目
2026-07-26 22:24:01.871 | INFO     | __main__:get_tbc_epg:291 - 頻道 台視 獲取 171 個節目
2026-07-26 22:24:01.871 | INFO     | __main__:get_tbc_epg:291 - 頻道 大愛電視台 獲取 396 個節目
2026-07-26 22:24:01.871 | INFO     | __main__:get_tbc_epg:291 - 頻道 中視 獲取 159 個節目
2026-07-26 22:24:01.871 | INFO     | __main__:get_tbc_epg:291 - 頻道 人間衛視 獲取 148 個節目
2026-07-26 22:24:01.871 | INFO     | __main__:get_tbc_epg:291 - 頻道 華視 獲取 152 個節目
2026-07-26 22:24:01.871 | INFO     | __main__:get_tbc_epg:291 - 頻道 公共電視 獲取 217 個節目
2026-07-26 22:24:01.871 | INFO     | __main__:get_tbc_epg:291 - 頻道 公視台語台 獲取 155 個節目
2026-07-26 22:24:01.871 | INFO     | __main__:get_tbc_epg:291 - 頻道 好消息頻道 獲取 290 個節目
2026-07-26 22:24:01.871 | INFO     | __main__:get_tbc_epg:291 - 頻道 原住民頻道 獲取 167 個節目
2026-07-26 22:24:01.871 | INFO     | __main__:get_tbc_epg:291 - 頻道 客家電視台 獲取 218 個節目
2026-07-26 22:24:01.871 | INFO     | __main__:get_tbc_epg:291 - 頻道 BBC Earth 獲取 159 個節目
2026-07-26 22:24:01.872 | INFO     | __main__:get_tbc_epg:291 - 頻道 Discovery 獲取 207 個節目
2026-07-26 22:24:01.872 | INFO     | __main__:get_tbc_epg:291 - 頻道 TLC旅遊生活頻道 獲取 184 個節目
2026-07-26 22:24:01.872 | INFO     | __main__:get_tbc_epg:291 - 頻道 動物星球 獲取 170 個節目
2026-07-26 22:24:01.872 | INFO     | __main__:get_tbc_epg:291 - 頻道 卡通頻道 獲取 201 個節目
2026-07-26 22:24:01.872 | INFO     | __main__:get_tbc_epg:291 - 頻道 小尼克頻道 獲取 443 個節目
2026-07-26 22:24:01.872 | INFO     | __main__:get_tbc_epg:291 - 頻道 MOMO親子台 獲取 229 個節目
2026-07-26 22:24:01.872 | INFO     | __main__:get_tbc_epg:291 - 頻道 東森幼幼台 獲取 422 個節目
2026-07-26 22:24:01.872 | INFO     | __main__:get_tbc_epg:291 - 頻道 緯來綜合台 獲取 150 個節目
2026-07-26 22:24:01.872 | INFO     | __main__:get_tbc_epg:291 - 頻道 八大第一台 獲取 143 個節目
2026-07-26 22:24:01.872 | INFO     | __main__:get_tbc_epg:291 - 頻道 八大綜合台 獲取 153 個節目
2026-07-26 22:24:01.872 | INFO     | __main__:get_tbc_epg:291 - 頻道 三立台灣台 獲取 138 個節目
2026-07-26 22:24:01.872 | INFO     | __main__:get_tbc_epg:291 - 頻道 三立都會台 獲取 141 個節目
2026-07-26 22:24:01.872 | INFO     | __main__:get_tbc_epg:291 - 頻道 華藝中文台 獲取 164 個節目
2026-07-26 22:24:01.872 | INFO     | __main__:get_tbc_epg:291 - 頻道 東森綜合台 獲取 141 個節目
2026-07-26 22:24:01.872 | INFO     | __main__:get_tbc_epg:291 - 頻道 東森超視 獲取 142 個節目
2026-07-26 22:24:01.872 | INFO     | __main__:get_tbc_epg:291 - 頻道 東森購物2台 獲取 144 個節目
2026-07-26 22:24:01.872 | INFO     | __main__:get_tbc_epg:291 - 頻道 MOMO 2台 獲取 144 個節目
2026-07-26 22:24:01.872 | INFO     | __main__:get_tbc_epg:291 - 頻道 中天綜合台 獲取 120 個節目
2026-07-26 22:24:01.872 | INFO     | __main__:get_tbc_epg:291 - 頻道 東風衛視 獲取 152 個節目
2026-07-26 22:24:01.872 | INFO     | __main__:get_tbc_epg:291 - 頻道 年代MUCH TV 獲取 178 個節目
2026-07-26 22:24:01.872 | INFO     | __main__:get_tbc_epg:291 - 頻道 中天娛樂台 獲取 139 個節目
2026-07-26 22:24:01.872 | INFO     | __main__:get_tbc_epg:291 - 頻道 東森戲劇台 獲取 142 個節目
2026-07-26 22:24:01.872 | INFO     | __main__:get_tbc_epg:291 - 頻道 八大戲劇台 獲取 144 個節目
2026-07-26 22:24:01.872 | INFO     | __main__:get_tbc_epg:291 - 頻道 TVBS歡樂台 獲取 142 個節目
2026-07-26 22:24:01.872 | INFO     | __main__:get_tbc_epg:291 - 頻道 緯來戲劇台 獲取 141 個節目
2026-07-26 22:24:01.872 | INFO     | __main__:get_tbc_epg:291 - 頻道 高點電視台 獲取 144 個節目
2026-07-26 22:24:01.872 | INFO     | __main__:get_tbc_epg:291 - 頻道 JET綜合台 獲取 137 個節目
2026-07-26 22:24:01.872 | INFO     | __main__:get_tbc_epg:291 - 頻道 東森購物3台 獲取 144 個節目
2026-07-26 22:24:01.872 | INFO     | __main__:get_tbc_epg:291 - 頻道 東森購物1台 獲取 144 個節目
2026-07-26 22:24:01.872 | INFO     | __main__:get_tbc_epg:291 - 頻道 MOMO 1台 獲取 144 個節目
2026-07-26 22:24:01.873 | INFO     | __main__:get_tbc_epg:291 - 頻道 壹電視新聞台 獲取 107 個節目
2026-07-26 22:24:01.873 | INFO     | __main__:get_tbc_epg:291 - 頻道 年代新聞台 獲取 112 個節目
2026-07-26 22:24:01.873 | INFO     | __main__:get_tbc_epg:291 - 頻道 東森新聞台 獲取 133 個節目
2026-07-26 22:24:01.873 | INFO     | __main__:get_tbc_epg:291 - 頻道 民視新聞台 獲取 143 個節目
2026-07-26 22:24:01.873 | INFO     | __main__:get_tbc_epg:291 - 頻道 三立新聞台 獲取 138 個節目
2026-07-26 22:24:01.873 | INFO     | __main__:get_tbc_epg:291 - 頻道 TVBS 新聞台 獲取 114 個節目
2026-07-26 22:24:01.873 | INFO     | __main__:get_tbc_epg:291 - 頻道 TVBS 獲取 118 個節目
2026-07-26 22:24:01.873 | INFO     | __main__:get_tbc_epg:291 - 頻道 東森財經新聞台 獲取 135 個節目
2026-07-26 22:24:01.873 | INFO     | __main__:get_tbc_epg:291 - 頻道 非凡新聞台 獲取 148 個節目
2026-07-26 22:24:01.873 | INFO     | __main__:get_tbc_epg:291 - 頻道 ViVa1台 獲取 144 個節目
2026-07-26 22:24:01.873 | INFO     | __main__:get_tbc_epg:291 - 頻道 東森購物5台 獲取 144 個節目
2026-07-26 22:24:01.873 | INFO     | __main__:get_tbc_epg:291 - 頻道 CATCHPLAY電影台 獲取 135 個節目
2026-07-26 22:24:01.873 | INFO     | __main__:get_tbc_epg:291 - 頻道 東森電影台 獲取 98 個節目
2026-07-26 22:24:01.873 | INFO     | __main__:get_tbc_epg:291 - 頻道 緯來電影台 獲取 85 個節目
2026-07-26 22:24:01.873 | INFO     | __main__:get_tbc_epg:291 - 頻道 LS Time電影台 獲取 69 個節目
2026-07-26 22:24:01.873 | INFO     | __main__:get_tbc_epg:291 - 頻道 HBO 獲取 91 個節目
2026-07-26 22:24:01.873 | INFO     | __main__:get_tbc_epg:291 - 頻道 東森洋片台 獲取 64 個節目
2026-07-26 22:24:01.873 | INFO     | __main__:get_tbc_epg:291 - 頻道 AXN 獲取 131 個節目
2026-07-26 22:24:01.873 | INFO     | __main__:get_tbc_epg:291 - 頻道 好萊塢電影台 獲取 77 個節目
2026-07-26 22:24:01.873 | INFO     | __main__:get_tbc_epg:291 - 頻道 amc電影台 獲取 104 個節目
2026-07-26 22:24:01.873 | INFO     | __main__:get_tbc_epg:291 - 頻道 緯來育樂台 獲取 134 個節目
2026-07-26 22:24:01.873 | INFO     | __main__:get_tbc_epg:291 - 頻道 CINEMAX 獲取 87 個節目
2026-07-26 22:24:01.873 | INFO     | __main__:get_tbc_epg:291 - 頻道 緯來體育台 獲取 102 個節目
2026-07-26 22:24:01.873 | INFO     | __main__:get_tbc_epg:291 - 頻道 DAZN 1 獲取 87 個節目
2026-07-26 22:24:01.873 | INFO     | __main__:get_tbc_epg:291 - 頻道 DAZN 2 獲取 90 個節目
2026-07-26 22:24:01.873 | INFO     | __main__:get_tbc_epg:291 - 頻道 MOMO綜合台 獲取 154 個節目
2026-07-26 22:24:01.873 | INFO     | __main__:get_tbc_epg:291 - 頻道 緯來日本台 獲取 130 個節目
2026-07-26 22:24:01.873 | INFO     | __main__:get_tbc_epg:291 - 頻道 國興衛視 獲取 192 個節目
2026-07-26 22:24:01.873 | INFO     | __main__:get_tbc_epg:291 - 頻道 BBC Lifestyle 獲取 176 個節目
2026-07-26 22:24:01.873 | INFO     | __main__:get_tbc_epg:291 - 頻道 靖天資訊台 獲取 163 個節目
2026-07-26 22:24:01.873 | INFO     | __main__:get_tbc_epg:291 - 頻道 信吉電視台 獲取 71 個節目
2026-07-26 22:24:01.873 | INFO     | __main__:get_tbc_epg:291 - 頻道 信大電視台 獲取 72 個節目
2026-07-26 22:24:01.873 | INFO     | __main__:get_tbc_epg:291 - 頻道 中台灣生活網頻道 獲取 288 個節目
2026-07-26 22:24:01.873 | INFO     | __main__:get_tbc_epg:291 - 頻道 TBC台中生活台 獲取 288 個節目
2026-07-26 22:24:01.874 | INFO     | __main__:get_tbc_epg:291 - 頻道 鏡電視新聞台 獲取 138 個節目
2026-07-26 22:24:01.874 | INFO     | __main__:get_tbc_epg:291 - 頻道 台灣藝術台 獲取 90 個節目
2026-07-26 22:24:01.874 | INFO     | __main__:get_tbc_epg:291 - 頻道 樂視台 獲取 288 個節目
2026-07-26 22:24:01.874 | INFO     | __main__:get_tbc_epg:291 - 頻道 非凡商業台 獲取 178 個節目
2026-07-26 22:24:01.874 | INFO     | __main__:get_tbc_epg:291 - 頻道 三立財經新聞台 獲取 139 個節目
2026-07-26 22:24:01.874 | INFO     | __main__:get_tbc_epg:291 - 頻道 冠軍電視台 獲取 79 個節目
2026-07-26 22:24:01.874 | INFO     | __main__:get_tbc_epg:291 - 頻道 運通財經綜合台 獲取 288 個節目
2026-07-26 22:24:01.874 | INFO     | __main__:get_tbc_epg:291 - 頻道 SBN全球財經台 獲取 288 個節目
2026-07-26 22:24:01.874 | INFO     | __main__:get_tbc_epg:291 - 頻道 誠心電視台 獲取 72 個節目
2026-07-26 22:24:01.874 | INFO     | __main__:get_tbc_epg:291 - 頻道 NHK 獲取 401 個節目
2026-07-26 22:24:01.874 | INFO     | __main__:get_tbc_epg:291 - 頻道 MTV 獲取 160 個節目
2026-07-26 22:24:01.874 | INFO     | __main__:get_tbc_epg:291 - 頻道 Animax 獲取 288 個節目
2026-07-26 22:24:01.874 | INFO     | __main__:get_tbc_epg:291 - 頻道 霹靂台灣台 獲取 138 個節目
2026-07-26 22:24:01.874 | INFO     | __main__:get_tbc_epg:291 - 頻道 海豚綜合台 獲取 102 個節目
2026-07-26 22:24:01.874 | INFO     | __main__:get_tbc_epg:291 - 頻道 八大娛樂台 獲取 141 個節目
2026-07-26 22:24:01.874 | INFO     | __main__:get_tbc_epg:291 - 頻道 十方法界 獲取 250 個節目
2026-07-26 22:24:01.874 | INFO     | __main__:get_tbc_epg:291 - 頻道 壹電視電影台 獲取 91 個節目
2026-07-26 22:24:01.874 | INFO     | __main__:get_tbc_epg:291 - 頻道 華藏衛視  獲取 178 個節目
2026-07-26 22:24:01.874 | INFO     | __main__:get_tbc_epg:291 - 頻道 壹電視資訊綜合台 獲取 165 個節目
2026-07-26 22:24:01.874 | INFO     | __main__:get_tbc_epg:291 - 頻道 佛衛慈悲台 獲取 184 個節目
2026-07-26 22:24:01.874 | INFO     | __main__:get_tbc_epg:291 - 頻道 紅豆電視台 獲取 84 個節目
2026-07-26 22:24:01.874 | INFO     | __main__:get_tbc_epg:291 - 頻道 全大電視台 獲取 72 個節目
2026-07-26 22:24:01.874 | INFO     | __main__:get_tbc_epg:291 - 頻道 華藝台灣台 獲取 66 個節目
2026-07-26 22:24:01.874 | INFO     | __main__:get_tbc_epg:291 - 頻道 正德電視台 獲取 144 個節目
2026-07-26 22:24:01.874 | INFO     | __main__:get_tbc_epg:291 - 頻道 天良綜合台 獲取 60 個節目
2026-07-26 22:24:01.874 | INFO     | __main__:get_tbc_epg:291 - 頻道 番薯衛星電視台 獲取 24 個節目
2026-07-26 22:24:01.874 | INFO     | __main__:get_tbc_epg:291 - 頻道 富立電視台 獲取 72 個節目
2026-07-26 22:24:01.874 | INFO     | __main__:get_tbc_epg:291 - 頻道 Z頻道 獲取 144 個節目
2026-07-26 22:24:01.874 | INFO     | __main__:get_tbc_epg:291 - 頻道 冠軍夢想台 獲取 72 個節目
2026-07-26 22:24:01.874 | INFO     | __main__:get_tbc_epg:291 - 頻道 新天地民俗台 獲取 144 個節目
2026-07-26 22:24:01.874 | INFO     | __main__:get_tbc_epg:291 - 頻道 三聖電視台 獲取 144 個節目
2026-07-26 22:24:01.874 | INFO     | __main__:get_tbc_epg:291 - 頻道 威達超舜生活台 獲取 90 個節目
2026-07-26 22:24:01.875 | INFO     | __main__:get_tbc_epg:291 - 頻道 天美麗電視台 獲取 48 個節目
2026-07-26 22:24:01.875 | INFO     | __main__:get_tbc_epg:291 - 頻道 大立電視台 獲取 72 個節目
2026-07-26 22:24:01.875 | INFO     | __main__:get_tbc_epg:291 - 頻道 小公視 獲取 243 個節目
2026-07-26 22:24:01.875 | INFO     | __main__:get_tbc_epg:291 - 頻道 華視教育體育文化台 獲取 276 個節目
2026-07-26 22:24:01.875 | INFO     | __main__:get_tbc_epg:291 - 頻道 國會頻道1台 獲取 72 個節目
2026-07-26 22:24:01.875 | INFO     | __main__:get_tbc_epg:291 - 頻道 國會頻道2台 獲取 72 個節目
2026-07-26 22:24:01.875 | INFO     | __main__:get_tbc_epg:291 - 頻道 幸福空間居家台 獲取 145 個節目
2026-07-26 22:24:01.875 | INFO     | __main__:get_tbc_epg:291 - 頻道 高點育樂台 獲取 149 個節目
2026-07-26 22:24:01.875 | INFO     | __main__:get_tbc_epg:291 - 頻道 台灣綜合台 獲取 144 個節目
2026-07-26 22:24:01.875 | INFO     | __main__:get_tbc_epg:291 - 頻道 大台中生活頻道 獲取 147 個節目
2026-07-26 22:24:01.875 | INFO     | __main__:get_tbc_epg:291 - 頻道 彰化生活台 獲取 144 個節目
2026-07-26 22:24:01.875 | INFO     | __main__:get_tbc_epg:291 - 頻道 唯心電視台 獲取 228 個節目
2026-07-26 22:24:01.875 | INFO     | __main__:get_tbc_epg:291 - 頻道 美麗人生購物台 獲取 144 個節目
2026-07-26 22:24:01.875 | INFO     | __main__:get_tbc_epg:291 - 頻道 大愛二台  獲取 292 個節目
2026-07-26 22:24:01.875 | INFO     | __main__:get_tbc_epg:291 - 頻道 靖天映畫 獲取 78 個節目
2026-07-26 22:24:01.875 | INFO     | __main__:get_tbc_epg:291 - 頻道 靖洋戲劇台 獲取 154 個節目
2026-07-26 22:24:01.875 | INFO     | __main__:get_tbc_epg:291 - 頻道 ROCK Action 獲取 80 個節目
2026-07-26 22:24:01.875 | INFO     | __main__:get_tbc_epg:291 - 頻道 Global Trekker 探索世界  獲取 222 個節目
2026-07-26 22:24:01.875 | INFO     | __main__:get_tbc_epg:291 - 頻道 靖天綜合台 獲取 143 個節目
2026-07-26 22:24:01.875 | INFO     | __main__:get_tbc_epg:291 - 頻道 寶島文化台 獲取 144 個節目
2026-07-26 22:24:01.875 | INFO     | __main__:get_tbc_epg:291 - 頻道 TaiwanPlus 獲取 351 個節目
2026-07-26 22:24:01.875 | INFO     | __main__:get_tbc_epg:291 - 頻道 BBC News 獲取 310 個節目
2026-07-26 22:24:01.875 | INFO     | __main__:get_tbc_epg:291 - 頻道 民視第一台 獲取 197 個節目
2026-07-26 22:24:01.875 | INFO     | __main__:get_tbc_epg:291 - 頻道 民視台灣台 獲取 158 個節目
2026-07-26 22:24:01.875 | INFO     | __main__:get_tbc_epg:291 - 頻道 中視新聞台 獲取 144 個節目
2026-07-26 22:24:01.875 | INFO     | __main__:get_tbc_epg:291 - 頻道 台視新聞台 獲取 150 個節目
2026-07-26 22:24:01.875 | INFO     | __main__:get_tbc_epg:291 - 頻道 台視財經台 獲取 122 個節目
2026-07-26 22:24:01.875 | INFO     | __main__:get_tbc_epg:291 - 頻道 台視綜合台 獲取 148 個節目
2026-07-26 22:24:01.875 | INFO     | __main__:get_tbc_epg:291 - 頻道 彭博財經台 獲取 127 個節目
2026-07-26 22:24:01.875 | INFO     | __main__:get_tbc_epg:291 - 頻道 Channel NewsAsia 獲取 164 個節目
2026-07-26 22:24:01.875 | INFO     | __main__:get_tbc_epg:291 - 頻道 韓國阿里郎 獲取 322 個節目
2026-07-26 22:24:01.876 | INFO     | __main__:get_tbc_epg:291 - 頻道 DREAMWORKS 獲取 348 個節目
2026-07-26 22:24:01.876 | INFO     | __main__:get_tbc_epg:291 - 頻道 Warner TV 獲取 219 個節目
2026-07-26 22:24:01.876 | INFO     | __main__:get_tbc_epg:291 - 頻道 靖天電影台 獲取 85 個節目
2026-07-26 22:24:01.876 | INFO     | __main__:get_tbc_epg:291 - 頻道 CinemaWorld 獲取 94 個節目
2026-07-26 22:24:01.876 | INFO     | __main__:get_tbc_epg:291 - 頻道 HBO HD 獲取 183 個節目
2026-07-26 22:24:01.876 | INFO     | __main__:get_tbc_epg:291 - 頻道 HBO 強檔鉅獻 獲取 93 個節目
2026-07-26 22:24:01.876 | INFO     | __main__:get_tbc_epg:291 - 頻道 HBO 原創鉅獻 獲取 105 個節目
2026-07-26 22:24:01.876 | INFO     | __main__:get_tbc_epg:291 - 頻道 HBO 溫馨家庭 獲取 313 個節目
2026-07-26 22:24:01.876 | INFO     | __main__:get_tbc_epg:291 - 頻道 靖天日本台 獲取 240 個節目
2026-07-26 22:24:01.876 | INFO     | __main__:get_tbc_epg:291 - 頻道 EVE 獲取 248 個節目
2026-07-26 22:24:01.876 | INFO     | __main__:get_tbc_epg:291 - 頻道 tvN 獲取 112 個節目
2026-07-26 22:24:01.876 | INFO     | __main__:get_tbc_epg:291 - 頻道 靖天歡樂台 獲取 147 個節目
2026-07-26 22:24:01.876 | INFO     | __main__:get_tbc_epg:291 - 頻道 HITS 獲取 161 個節目
2026-07-26 22:24:01.876 | INFO     | __main__:get_tbc_epg:291 - 頻道 韓國娛樂台KMTV 獲取 233 個節目
2026-07-26 22:24:01.876 | INFO     | __main__:get_tbc_epg:291 - 頻道 靖天育樂台 獲取 164 個節目
2026-07-26 22:24:01.876 | INFO     | __main__:get_tbc_epg:291 - 頻道 Lifetime 獲取 151 個節目
2026-07-26 22:24:01.876 | INFO     | __main__:get_tbc_epg:291 - 頻道 罪案偵緝頻道 獲取 177 個節目
2026-07-26 22:24:01.876 | INFO     | __main__:get_tbc_epg:291 - 頻道 寵物頻道 獲取 163 個節目
2026-07-26 22:24:01.876 | INFO     | __main__:get_tbc_epg:291 - 頻道 歷史頻道 獲取 165 個節目
2026-07-26 22:24:01.877 | INFO     | __main__:get_tbc_epg:291 - 頻道 Discovery Asia 獲取 211 個節目
2026-07-26 22:24:01.877 | INFO     | __main__:get_tbc_epg:291 - 頻道 Discovery科學頻道 獲取 239 個節目
2026-07-26 22:24:01.877 | INFO     | __main__:get_tbc_epg:291 - 頻道 DMAX 獲取 219 個節目
2026-07-26 22:24:01.877 | INFO     | __main__:get_tbc_epg:291 - 頻道 寰宇新聞台灣台 獲取 150 個節目
2026-07-26 22:24:01.877 | INFO     | __main__:get_tbc_epg:291 - 頻道 亞洲旅遊台 獲取 144 個節目
2026-07-26 22:24:01.877 | INFO     | __main__:get_tbc_epg:291 - 頻道 梅迪奇藝術 獲取 102 個節目
2026-07-26 22:24:01.877 | INFO     | __main__:get_tbc_epg:291 - 頻道 博斯運動二台 獲取 72 個節目
2026-07-26 22:24:01.877 | INFO     | __main__:get_tbc_epg:291 - 頻道 博斯網球台 獲取 52 個節目
2026-07-26 22:24:01.877 | INFO     | __main__:get_tbc_epg:291 - 頻道 博斯無限台 獲取 68 個節目
2026-07-26 22:24:01.877 | INFO     | __main__:get_tbc_epg:291 - 頻道 博斯高球1台 獲取 46 個節目
2026-07-26 22:24:01.877 | INFO     | __main__:get_tbc_epg:291 - 頻道 博斯高球2台 獲取 46 個節目
2026-07-26 22:24:01.877 | INFO     | __main__:get_tbc_epg:291 - 頻道 博斯魅力網 獲取 65 個節目
2026-07-26 22:24:01.877 | INFO     | __main__:get_tbc_epg:291 - 頻道 博斯運動一台 獲取 61 個節目
2026-07-26 22:24:01.877 | INFO     | __main__:get_tbc_epg:291 - 頻道 博斯無限二台 獲取 77 個節目
2026-07-26 22:24:01.877 | INFO     | __main__:get_tbc_epg:291 - 頻道 尼克兒童頻道 獲取 409 個節目
2026-07-26 22:24:01.877 | INFO     | __main__:get_tbc_epg:291 - 頻道 達文西頻道 獲取 574 個節目
2026-07-26 22:24:01.877 | INFO     | __main__:get_tbc_epg:291 - 頻道 CBeebies 獲取 980 個節目
2026-07-26 22:24:01.877 | INFO     | __main__:get_tbc_epg:291 - 頻道 CARTOONITO 獲取 246 個節目
2026-07-26 22:24:01.878 | INFO     | __main__:get_tbc_epg:291 - 頻道 靖洋卡通台 獲取 276 個節目
2026-07-26 22:24:01.878 | INFO     | __main__:get_tbc_epg:291 - 頻道 靖天卡通台 獲取 261 個節目
2026-07-26 22:24:01.878 | INFO     | __main__:get_tbc_epg:291 - 頻道 LOVE NATURE 4K 獲取 168 個節目
2026-07-26 22:24:01.878 | INFO     | __main__:get_tbc_epg:291 - 頻道 ROCK ENTERTAINMENT 獲取 167 個節目
2026-07-26 22:24:01.878 | INFO     | __main__:get_tbc_epg:291 - 頻道 ROCK EXTREME 獲取 145 個節目
2026-07-26 22:24:01.878 | INFO     | __main__:get_tbc_epg:291 - 頻道 彩虹頻道 獲取 164 個節目
2026-07-26 22:24:01.878 | INFO     | __main__:get_tbc_epg:291 - 頻道 彩虹e台 獲取 59 個節目
2026-07-26 22:24:01.878 | INFO     | __main__:get_tbc_epg:291 - 頻道 彩虹電影台 獲取 59 個節目
2026-07-26 22:24:01.878 | INFO     | __main__:get_tbc_epg:291 - 頻道 K 頻道 獲取 71 個節目
2026-07-26 22:24:01.878 | INFO     | __main__:get_tbc_epg:291 - 頻道 松視1台 獲取 72 個節目
2026-07-26 22:24:01.878 | INFO     | __main__:get_tbc_epg:291 - 頻道 松視2台 獲取 72 個節目
2026-07-26 22:24:01.878 | INFO     | __main__:get_tbc_epg:291 - 頻道 松視3台 獲取 97 個節目
2026-07-26 22:24:01.878 | INFO     | __main__:get_tbc_epg:291 - 頻道 松視4台 獲取 102 個節目
2026-07-26 22:24:01.878 | INFO     | __main__:get_tbc_epg:291 - 頻道 潘朵啦高畫質玩美台 獲取 72 個節目
2026-07-26 22:24:01.878 | INFO     | __main__:get_tbc_epg:291 - 頻道 潘朵啦高畫質粉紅台 獲取 78 個節目
2026-07-26 22:24:01.878 | INFO     | __main__:get_tbc_epg:291 - 頻道 JStar極限台電影頻道 獲取 95 個節目
2026-07-26 22:24:01.878 | INFO     | __main__:get_tbc_epg:291 - 頻道 驚豔成人電影台 獲取 68 個節目
2026-07-26 22:24:01.878 | INFO     | __main__:get_tbc_epg:291 - 頻道 香蕉台 獲取 94 個節目
2026-07-26 22:24:01.878 | INFO     | __main__:get_tbc_epg:291 - 頻道 樂活頻道 獲取 102 個節目
2026-07-26 22:24:01.879 | INFO     | __main__:get_tbc_epg:291 - 頻道 玩家頻道 獲取 144 個節目
2026-07-26 22:24:01.879 | INFO     | __main__:get_tbc_epg:291 - 頻道 Happy 獲取 72 個節目
2026-07-26 22:24:01.879 | INFO     | __main__:get_tbc_epg:291 - 頻道 Hot 獲取 144 個節目
2026-07-26 22:24:01.879 | INFO     | __main__:get_tbc_epg:292 - 總計獲取 32428 個節目
2026-07-26 22:24:05.413 | INFO     | __main__:main:361 - EPG 已儲存到 ./output/epg_tbc.xml
2026-07-26 22:24:05.414 | INFO     | __main__:main:363 - ========== 抓取完成 ==========
2026-07-27 02:44:16 | INFO | ==================================================
2026-07-27 02:44:16 | INFO | 開始生成四季線上電子節目單
2026-07-27 02:44:16 | INFO | 輸出目錄: /home/runner/work/EPG/EPG/output
2026-07-27 02:44:17 | SUCCESS | 已更新本地頻道檔案，保存 131 個頻道
2026-07-27 02:44:17 | SUCCESS | 從 API 獲取到 131 個頻道（已跳過 9 個）
2026-07-27 02:44:17 | INFO | 成功加載 131 個頻道
2026-07-27 02:44:38 | INFO | 共獲取 13192 個節目
2026-07-27 02:44:39 | INFO | 電子節目單已生成: /home/runner/work/EPG/EPG/output/4g.xml
2026-07-27 02:44:39 | SUCCESS | EPG 生成完成
2026-07-28 02:23:51 | INFO | ==================================================
2026-07-28 02:23:51 | INFO | 開始生成四季線上電子節目單
2026-07-28 02:23:51 | INFO | 輸出目錄: /home/runner/work/EPG/EPG/output
2026-07-28 02:23:51 | SUCCESS | 已更新本地頻道檔案，保存 131 個頻道
2026-07-28 02:23:51 | SUCCESS | 從 API 獲取到 131 個頻道（已跳過 9 個）
2026-07-28 02:23:51 | INFO | 成功加載 131 個頻道
2026-07-28 02:24:10 | INFO | 共獲取 13113 個節目
2026-07-28 02:24:10 | INFO | 電子節目單已生成: /home/runner/work/EPG/EPG/output/4g.xml
2026-07-28 02:24:10 | SUCCESS | EPG 生成完成
2026-07-29 02:27:58 | INFO | ==================================================
2026-07-29 02:27:58 | INFO | 開始生成四季線上電子節目單
2026-07-29 02:27:58 | INFO | 輸出目錄: /home/runner/work/EPG/EPG/output
2026-07-29 02:27:59 | SUCCESS | 已更新本地頻道檔案，保存 131 個頻道
2026-07-29 02:27:59 | SUCCESS | 從 API 獲取到 131 個頻道（已跳過 9 個）
2026-07-29 02:27:59 | INFO | 成功加載 131 個頻道
2026-07-29 02:28:18 | INFO | 共獲取 12993 個節目
2026-07-29 02:28:19 | INFO | 電子節目單已生成: /home/runner/work/EPG/EPG/output/4g.xml
2026-07-29 02:28:19 | SUCCESS | EPG 生成完成
2026-07-30 02:10:25 | INFO | ==================================================
2026-07-30 02:10:25 | INFO | 開始生成四季線上電子節目單
2026-07-30 02:10:25 | INFO | 輸出目錄: /home/runner/work/EPG/EPG/output
2026-07-30 02:10:25 | SUCCESS | 已更新本地頻道檔案，保存 131 個頻道
2026-07-30 02:10:25 | SUCCESS | 從 API 獲取到 131 個頻道（已跳過 9 個）
2026-07-30 02:10:25 | INFO | 成功加載 131 個頻道
2026-07-30 02:10:44 | INFO | 共獲取 13040 個節目
2026-07-30 02:10:44 | INFO | 電子節目單已生成: /home/runner/work/EPG/EPG/output/4g.xml
2026-07-30 02:10:44 | SUCCESS | EPG 生成完成
2026-07-31 02:38:40 | INFO | ==================================================
2026-07-31 02:38:40 | INFO | 開始生成四季線上電子節目單
2026-07-31 02:38:40 | INFO | 輸出目錄: /home/runner/work/EPG/EPG/output
2026-07-31 02:38:40 | SUCCESS | 已更新本地頻道檔案，保存 131 個頻道
2026-07-31 02:38:40 | SUCCESS | 從 API 獲取到 131 個頻道（已跳過 9 個）
2026-07-31 02:38:40 | INFO | 成功加載 131 個頻道
2026-07-31 02:38:56 | INFO | 共獲取 13002 個節目
2026-07-31 02:38:56 | INFO | 電子節目單已生成: /home/runner/work/EPG/EPG/output/4g.xml
2026-07-31 02:38:56 | SUCCESS | EPG 生成完成
2026-08-01 02:37:03 | INFO | ==================================================
2026-08-01 02:37:03 | INFO | 開始生成四季線上電子節目單
2026-08-01 02:37:03 | INFO | 輸出目錄: /home/runner/work/EPG/EPG/output
2026-08-01 02:37:04 | SUCCESS | 已更新本地頻道檔案，保存 124 個頻道
2026-08-01 02:37:04 | SUCCESS | 從 API 獲取到 124 個頻道（已跳過 9 個）
2026-08-01 02:37:04 | INFO | 成功加載 124 個頻道
2026-08-01 02:37:22 | INFO | 共獲取 12857 個節目
2026-08-01 02:37:22 | INFO | 電子節目單已生成: /home/runner/work/EPG/EPG/output/4g.xml
2026-08-01 02:37:22 | SUCCESS | EPG 生成完成
2026-08-02 02:35:49 | INFO | ==================================================
2026-08-02 02:35:49 | INFO | 開始生成四季線上電子節目單
2026-08-02 02:35:49 | INFO | 輸出目錄: /home/runner/work/EPG/EPG/output
2026-08-02 02:35:50 | SUCCESS | 已更新本地頻道檔案，保存 124 個頻道
2026-08-02 02:35:50 | SUCCESS | 從 API 獲取到 124 個頻道（已跳過 9 個）
2026-08-02 02:35:50 | INFO | 成功加載 124 個頻道
2026-08-02 02:36:05 | INFO | 共獲取 12824 個節目
2026-08-02 02:36:05 | INFO | 電子節目單已生成: /home/runner/work/EPG/EPG/output/4g.xml
2026-08-02 02:36:05 | SUCCESS | EPG 生成完成
2026-08-03 02:37:47 | INFO | ==================================================
2026-08-03 02:37:47 | INFO | 開始生成四季線上電子節目單
2026-08-03 02:37:47 | INFO | 輸出目錄: /home/runner/work/EPG/EPG/output
2026-08-03 02:37:47 | SUCCESS | 已更新本地頻道檔案，保存 124 個頻道
2026-08-03 02:37:47 | SUCCESS | 從 API 獲取到 124 個頻道（已跳過 9 個）
2026-08-03 02:37:47 | INFO | 成功加載 124 個頻道
2026-08-03 02:38:04 | INFO | 共獲取 12882 個節目
2026-08-03 02:38:04 | INFO | 電子節目單已生成: /home/runner/work/EPG/EPG/output/4g.xml
2026-08-03 02:38:04 | SUCCESS | EPG 生成完成
2026-08-04 02:22:34 | INFO | ==================================================
2026-08-04 02:22:34 | INFO | 開始生成四季線上電子節目單
2026-08-04 02:22:34 | INFO | 輸出目錄: /home/runner/work/EPG/EPG/output
2026-08-04 02:22:35 | SUCCESS | 已更新本地頻道檔案，保存 124 個頻道
2026-08-04 02:22:35 | SUCCESS | 從 API 獲取到 124 個頻道（已跳過 9 個）
2026-08-04 02:22:35 | INFO | 成功加載 124 個頻道
2026-08-04 02:22:53 | INFO | 共獲取 12831 個節目
2026-08-04 02:22:53 | INFO | 電子節目單已生成: /home/runner/work/EPG/EPG/output/4g.xml
2026-08-04 02:22:53 | SUCCESS | EPG 生成完成
2026-08-05 02:21:41 | INFO | ==================================================
2026-08-05 02:21:41 | INFO | 開始生成四季線上電子節目單
2026-08-05 02:21:41 | INFO | 輸出目錄: /home/runner/work/EPG/EPG/output
2026-08-05 02:21:42 | SUCCESS | 已更新本地頻道檔案，保存 124 個頻道
2026-08-05 02:21:42 | SUCCESS | 從 API 獲取到 124 個頻道（已跳過 9 個）
2026-08-05 02:21:42 | INFO | 成功加載 124 個頻道
2026-08-05 02:22:00 | INFO | 共獲取 12888 個節目
2026-08-05 02:22:00 | INFO | 電子節目單已生成: /home/runner/work/EPG/EPG/output/4g.xml
2026-08-05 02:22:00 | SUCCESS | EPG 生成完成
2026-08-06 02:24:39 | INFO | ==================================================
2026-08-06 02:24:39 | INFO | 開始生成四季線上電子節目單
2026-08-06 02:24:39 | INFO | 輸出目錄: /home/runner/work/EPG/EPG/output
2026-08-06 02:24:40 | SUCCESS | 已更新本地頻道檔案，保存 124 個頻道
2026-08-06 02:24:40 | SUCCESS | 從 API 獲取到 124 個頻道（已跳過 9 個）
2026-08-06 02:24:40 | INFO | 成功加載 124 個頻道
2026-08-06 02:24:57 | INFO | 共獲取 12801 個節目
2026-08-06 02:24:57 | INFO | 電子節目單已生成: /home/runner/work/EPG/EPG/output/4g.xml
2026-08-06 02:24:57 | SUCCESS | EPG 生成完成
2026-08-07 02:33:28 | INFO | ==================================================
2026-08-07 02:33:28 | INFO | 開始生成四季線上電子節目單
2026-08-07 02:33:28 | INFO | 輸出目錄: /home/runner/work/EPG/EPG/output
2026-08-07 02:33:29 | SUCCESS | 已更新本地頻道檔案，保存 126 個頻道
2026-08-07 02:33:29 | SUCCESS | 從 API 獲取到 126 個頻道（已跳過 9 個）
2026-08-07 02:33:29 | INFO | 成功加載 126 個頻道
2026-08-07 02:33:44 | WARNING | OUTtv 第 1 次嘗試失敗: 返回的不是有效 JSON
2026-08-07 02:33:45 | WARNING | wedotv Movies 第 1 次嘗試失敗: 返回的不是有效 JSON
2026-08-07 02:33:45 | WARNING | OUTtv 第 2 次嘗試失敗: 返回的不是有效 JSON
2026-08-07 02:33:46 | WARNING | wedotv Movies 第 2 次嘗試失敗: 返回的不是有效 JSON
2026-08-07 02:33:47 | WARNING | OUTtv 第 3 次嘗試失敗: 返回的不是有效 JSON
2026-08-07 02:33:47 | ERROR | OUTtv 最終獲取失敗
2026-08-07 02:33:48 | WARNING | wedotv Movies 第 3 次嘗試失敗: 返回的不是有效 JSON
2026-08-07 02:33:48 | ERROR | wedotv Movies 最終獲取失敗
2026-08-07 02:33:48 | WARNING | 未能獲取 OUTtv 的節目單
2026-08-07 02:33:48 | WARNING | 未能獲取 wedotv Movies 的節目單
2026-08-07 02:33:48 | INFO | 共獲取 12795 個節目
2026-08-07 02:33:49 | INFO | 電子節目單已生成: /home/runner/work/EPG/EPG/output/4g.xml
2026-08-07 02:33:49 | SUCCESS | EPG 生成完成
2026-08-07 17:15:26 | INFO | ==================================================
2026-08-07 17:15:26 | INFO | 開始生成四季線上電子節目單
2026-08-07 17:15:26 | INFO | 輸出目錄: /home/runner/work/EPG/EPG/output
2026-08-07 17:15:29 | SUCCESS | 已更新本地頻道檔案，保存 118 個頻道
2026-08-07 17:15:29 | SUCCESS | 從 API 獲取到 118 個頻道（原始 135，跳過 ID 1，名稱去重後 118）
2026-08-07 17:15:29 | INFO | 成功加載 118 個頻道
2026-08-07 17:15:41 | WARNING | OUTtv 第 1 次嘗試失敗: 返回的不是有效 JSON
2026-08-07 17:15:41 | WARNING | wedotv Movies 第 1 次嘗試失敗: 返回的不是有效 JSON
2026-08-07 17:15:42 | WARNING | OUTtv 第 2 次嘗試失敗: 返回的不是有效 JSON
2026-08-07 17:15:43 | WARNING | wedotv Movies 第 2 次嘗試失敗: 返回的不是有效 JSON
2026-08-07 17:15:44 | WARNING | OUTtv 第 3 次嘗試失敗: 返回的不是有效 JSON
2026-08-07 17:15:44 | ERROR | OUTtv 最終獲取失敗
2026-08-07 17:15:45 | WARNING | wedotv Movies 第 3 次嘗試失敗: 返回的不是有效 JSON
2026-08-07 17:15:45 | ERROR | wedotv Movies 最終獲取失敗
2026-08-07 17:15:45 | WARNING | 未能獲取 OUTtv 的節目單
2026-08-07 17:15:45 | WARNING | 未能獲取 wedotv Movies 的節目單
2026-08-07 17:15:45 | INFO | 共獲取 12027 個節目
2026-08-07 17:15:45 | INFO | 電子節目單已生成: /home/runner/work/EPG/EPG/output/4g.xml
2026-08-07 17:15:45 | SUCCESS | EPG 生成完成
2026-08-08 01:23:25 | INFO | ==================================================
2026-08-08 01:23:25 | INFO | 開始生成四季線上電子節目單
2026-08-08 01:23:25 | INFO | 輸出目錄: /home/runner/work/EPG/EPG/output
2026-08-08 01:23:26 | SUCCESS | 已更新本地頻道檔案，保存 118 個頻道
2026-08-08 01:23:26 | SUCCESS | 從 API 獲取到 118 個頻道（原始 135，跳過 ID 1，名稱去重後 118）
2026-08-08 01:23:26 | INFO | 成功加載 118 個頻道
2026-08-08 01:23:39 | WARNING | OUTtv 第 1 次嘗試失敗: 返回的不是有效 JSON
2026-08-08 01:23:40 | WARNING | wedotv Movies 第 1 次嘗試失敗: 返回的不是有效 JSON
2026-08-08 01:23:40 | WARNING | OUTtv 第 2 次嘗試失敗: 返回的不是有效 JSON
2026-08-08 01:23:41 | WARNING | wedotv Movies 第 2 次嘗試失敗: 返回的不是有效 JSON
2026-08-08 01:23:43 | WARNING | OUTtv 第 3 次嘗試失敗: 返回的不是有效 JSON
2026-08-08 01:23:43 | ERROR | OUTtv 最終獲取失敗
2026-08-08 01:23:43 | WARNING | wedotv Movies 第 3 次嘗試失敗: 返回的不是有效 JSON
2026-08-08 01:23:43 | ERROR | wedotv Movies 最終獲取失敗
2026-08-08 01:23:44 | WARNING | 未能獲取 OUTtv 的節目單
2026-08-08 01:23:44 | WARNING | 未能獲取 wedotv Movies 的節目單
2026-08-08 01:23:44 | INFO | 共獲取 12027 個節目
2026-08-08 01:23:44 | INFO | 電子節目單已生成: /home/runner/work/EPG/EPG/output/4g.xml
2026-08-08 01:23:44 | SUCCESS | EPG 生成完成
2026-08-09 01:35:23 | INFO | ==================================================
2026-08-09 01:35:23 | INFO | 開始生成四季線上電子節目單
2026-08-09 01:35:23 | INFO | 輸出目錄: /home/runner/work/EPG/EPG/output
2026-08-09 01:35:24 | SUCCESS | 已更新本地頻道檔案，保存 118 個頻道
2026-08-09 01:35:24 | SUCCESS | 從 API 獲取到 118 個頻道（原始 135，跳過 ID 1，名稱去重後 118）
2026-08-09 01:35:24 | INFO | 成功加載 118 個頻道
2026-08-09 01:35:35 | WARNING | OUTtv 第 1 次嘗試失敗: 返回的不是有效 JSON
2026-08-09 01:35:36 | WARNING | wedotv Movies 第 1 次嘗試失敗: 返回的不是有效 JSON
2026-08-09 01:35:37 | WARNING | OUTtv 第 2 次嘗試失敗: 返回的不是有效 JSON
2026-08-09 01:35:37 | WARNING | wedotv Movies 第 2 次嘗試失敗: 返回的不是有效 JSON
2026-08-09 01:35:39 | WARNING | OUTtv 第 3 次嘗試失敗: 返回的不是有效 JSON
2026-08-09 01:35:39 | ERROR | OUTtv 最終獲取失敗
2026-08-09 01:35:39 | WARNING | wedotv Movies 第 3 次嘗試失敗: 返回的不是有效 JSON
2026-08-09 01:35:39 | ERROR | wedotv Movies 最終獲取失敗
2026-08-09 01:35:39 | WARNING | 未能獲取 OUTtv 的節目單
2026-08-09 01:35:39 | WARNING | 未能獲取 wedotv Movies 的節目單
2026-08-09 01:35:39 | INFO | 共獲取 12142 個節目
2026-08-09 01:35:39 | INFO | 電子節目單已生成: /home/runner/work/EPG/EPG/output/4g.xml
2026-08-09 01:35:39 | SUCCESS | EPG 生成完成
2026-08-10 01:38:44 | INFO | ==================================================
2026-08-10 01:38:44 | INFO | 開始生成四季線上電子節目單
2026-08-10 01:38:44 | INFO | 輸出目錄: /home/runner/work/EPG/EPG/output
2026-08-10 01:38:45 | SUCCESS | 已更新本地頻道檔案，保存 118 個頻道
2026-08-10 01:38:45 | SUCCESS | 從 API 獲取到 118 個頻道（原始 135，跳過 ID 1，名稱去重後 118）
2026-08-10 01:38:45 | INFO | 成功加載 118 個頻道
2026-08-10 01:38:57 | WARNING | OUTtv 第 1 次嘗試失敗: 返回的不是有效 JSON
2026-08-10 01:38:57 | WARNING | wedotv Movies 第 1 次嘗試失敗: 返回的不是有效 JSON
2026-08-10 01:38:58 | WARNING | OUTtv 第 2 次嘗試失敗: 返回的不是有效 JSON
2026-08-10 01:38:58 | WARNING | wedotv Movies 第 2 次嘗試失敗: 返回的不是有效 JSON
2026-08-10 01:39:00 | WARNING | OUTtv 第 3 次嘗試失敗: 返回的不是有效 JSON
2026-08-10 01:39:00 | ERROR | OUTtv 最終獲取失敗
2026-08-10 01:39:01 | WARNING | wedotv Movies 第 3 次嘗試失敗: 返回的不是有效 JSON
2026-08-10 01:39:01 | ERROR | wedotv Movies 最終獲取失敗
2026-08-10 01:39:01 | WARNING | 未能獲取 OUTtv 的節目單
2026-08-10 01:39:01 | WARNING | 未能獲取 wedotv Movies 的節目單
2026-08-10 01:39:01 | INFO | 共獲取 12206 個節目
2026-08-10 01:39:01 | INFO | 電子節目單已生成: /home/runner/work/EPG/EPG/output/4g.xml
2026-08-10 01:39:01 | SUCCESS | EPG 生成完成
2026-08-11 01:28:38 | INFO | ==================================================
2026-08-11 01:28:38 | INFO | 開始生成四季線上電子節目單
2026-08-11 01:28:38 | INFO | 輸出目錄: /home/runner/work/EPG/EPG/output
2026-08-11 01:28:39 | SUCCESS | 已更新本地頻道檔案，保存 118 個頻道
2026-08-11 01:28:39 | SUCCESS | 從 API 獲取到 118 個頻道（原始 135，跳過 ID 1，名稱去重後 118）
2026-08-11 01:28:39 | INFO | 成功加載 118 個頻道
2026-08-11 01:28:50 | WARNING | OUTtv 第 1 次嘗試失敗: 返回的不是有效 JSON
2026-08-11 01:28:50 | WARNING | wedotv Movies 第 1 次嘗試失敗: 返回的不是有效 JSON
2026-08-11 01:28:52 | WARNING | OUTtv 第 2 次嘗試失敗: 返回的不是有效 JSON
2026-08-11 01:28:52 | WARNING | wedotv Movies 第 2 次嘗試失敗: 返回的不是有效 JSON
2026-08-11 01:28:54 | WARNING | OUTtv 第 3 次嘗試失敗: 返回的不是有效 JSON
2026-08-11 01:28:54 | ERROR | OUTtv 最終獲取失敗
2026-08-11 01:28:54 | WARNING | wedotv Movies 第 3 次嘗試失敗: 返回的不是有效 JSON
2026-08-11 01:28:54 | ERROR | wedotv Movies 最終獲取失敗
2026-08-11 01:28:54 | WARNING | 未能獲取 OUTtv 的節目單
2026-08-11 01:28:54 | WARNING | 未能獲取 wedotv Movies 的節目單
2026-08-11 01:28:54 | INFO | 共獲取 12231 個節目
2026-08-11 01:28:55 | INFO | 電子節目單已生成: /home/runner/work/EPG/EPG/output/4g.xml
2026-08-11 01:28:55 | SUCCESS | EPG 生成完成
2026-08-12 01:46:12 | INFO | ==================================================
2026-08-12 01:46:12 | INFO | 開始生成四季線上電子節目單
2026-08-12 01:46:12 | INFO | 輸出目錄: /home/runner/work/EPG/EPG/output
2026-08-12 01:46:13 | SUCCESS | 已更新本地頻道檔案，保存 118 個頻道
2026-08-12 01:46:13 | SUCCESS | 從 API 獲取到 118 個頻道（原始 135，跳過 ID 1，名稱去重後 118）
2026-08-12 01:46:13 | INFO | 成功加載 118 個頻道
2026-08-12 01:46:26 | WARNING | OUTtv 第 1 次嘗試失敗: 返回的不是有效 JSON
2026-08-12 01:46:27 | WARNING | wedotv Movies 第 1 次嘗試失敗: 返回的不是有效 JSON
2026-08-12 01:46:28 | WARNING | OUTtv 第 2 次嘗試失敗: 返回的不是有效 JSON
2026-08-12 01:46:28 | WARNING | wedotv Movies 第 2 次嘗試失敗: 返回的不是有效 JSON
2026-08-12 01:46:30 | WARNING | OUTtv 第 3 次嘗試失敗: 返回的不是有效 JSON
2026-08-12 01:46:30 | ERROR | OUTtv 最終獲取失敗
2026-08-12 01:46:31 | WARNING | wedotv Movies 第 3 次嘗試失敗: 返回的不是有效 JSON
2026-08-12 01:46:31 | ERROR | wedotv Movies 最終獲取失敗
2026-08-12 01:46:31 | WARNING | 未能獲取 OUTtv 的節目單
2026-08-12 01:46:31 | WARNING | 未能獲取 wedotv Movies 的節目單
2026-08-12 01:46:31 | INFO | 共獲取 12198 個節目
2026-08-12 01:46:31 | INFO | 電子節目單已生成: /home/runner/work/EPG/EPG/output/4g.xml
2026-08-12 01:46:31 | SUCCESS | EPG 生成完成
2026-08-13 01:48:27 | INFO | ==================================================
2026-08-13 01:48:27 | INFO | 開始生成四季線上電子節目單
2026-08-13 01:48:27 | INFO | 輸出目錄: /home/runner/work/EPG/EPG/output
2026-08-13 01:48:28 | SUCCESS | 已更新本地頻道檔案，保存 118 個頻道
2026-08-13 01:48:28 | SUCCESS | 從 API 獲取到 118 個頻道（原始 135，跳過 ID 1，名稱去重後 118）
2026-08-13 01:48:28 | INFO | 成功加載 118 個頻道
2026-08-13 01:48:44 | INFO | 共獲取 12310 個節目
2026-08-13 01:48:44 | INFO | 電子節目單已生成: /home/runner/work/EPG/EPG/output/4g.xml
2026-08-13 01:48:44 | SUCCESS | EPG 生成完成
2026-08-14 01:46:09 | INFO | ==================================================
2026-08-14 01:46:09 | INFO | 開始生成四季線上電子節目單
2026-08-14 01:46:09 | INFO | 輸出目錄: /home/runner/work/EPG/EPG/output
2026-08-14 01:46:10 | SUCCESS | 已更新本地頻道檔案，保存 118 個頻道
2026-08-14 01:46:10 | SUCCESS | 從 API 獲取到 118 個頻道（原始 135，跳過 ID 1，名稱去重後 118）
2026-08-14 01:46:10 | INFO | 成功加載 118 個頻道
2026-08-14 01:46:27 | INFO | 共獲取 12135 個節目
2026-08-14 01:46:27 | INFO | 電子節目單已生成: /home/runner/work/EPG/EPG/output/4g.xml
2026-08-14 01:46:27 | SUCCESS | EPG 生成完成
2026-08-15 01:06:16 | INFO | ==================================================
2026-08-15 01:06:16 | INFO | 開始生成四季線上電子節目單
2026-08-15 01:06:16 | INFO | 輸出目錄: /home/runner/work/EPG/EPG/output
2026-08-15 01:06:16 | SUCCESS | 已更新本地頻道檔案，保存 118 個頻道
2026-08-15 01:06:16 | SUCCESS | 從 API 獲取到 118 個頻道（原始 135，跳過 ID 1，名稱去重後 118）
2026-08-15 01:06:16 | INFO | 成功加載 118 個頻道
2026-08-15 01:06:31 | INFO | 共獲取 12132 個節目
2026-08-15 01:06:31 | INFO | 電子節目單已生成: /home/runner/work/EPG/EPG/output/4g.xml
2026-08-15 01:06:31 | SUCCESS | EPG 生成完成
2026-08-16 01:10:19 | INFO | ==================================================
2026-08-16 01:10:19 | INFO | 開始生成四季線上電子節目單
2026-08-16 01:10:19 | INFO | 輸出目錄: /home/runner/work/EPG/EPG/output
2026-08-16 01:10:19 | SUCCESS | 已更新本地頻道檔案，保存 118 個頻道
2026-08-16 01:10:19 | SUCCESS | 從 API 獲取到 118 個頻道（原始 135，跳過 ID 1，名稱去重後 118）
2026-08-16 01:10:19 | INFO | 成功加載 118 個頻道
2026-08-16 01:10:36 | INFO | 共獲取 12220 個節目
2026-08-16 01:10:36 | INFO | 電子節目單已生成: /home/runner/work/EPG/EPG/output/4g.xml
2026-08-16 01:10:36 | SUCCESS | EPG 生成完成
2026-08-17 01:07:17 | INFO | ==================================================
2026-08-17 01:07:17 | INFO | 開始生成四季線上電子節目單
2026-08-17 01:07:17 | INFO | 輸出目錄: /home/runner/work/EPG/EPG/output
2026-08-17 01:07:18 | SUCCESS | 已更新本地頻道檔案，保存 118 個頻道
2026-08-17 01:07:18 | SUCCESS | 從 API 獲取到 118 個頻道（原始 135，跳過 ID 1，名稱去重後 118）
2026-08-17 01:07:18 | INFO | 成功加載 118 個頻道
2026-08-17 01:07:35 | INFO | 共獲取 12386 個節目
2026-08-17 01:07:36 | INFO | 電子節目單已生成: /home/runner/work/EPG/EPG/output/4g.xml
2026-08-17 01:07:36 | SUCCESS | EPG 生成完成
2026-08-18 01:06:03 | INFO | ==================================================
2026-08-18 01:06:03 | INFO | 開始生成四季線上電子節目單
2026-08-18 01:06:03 | INFO | 輸出目錄: /home/runner/work/EPG/EPG/output
2026-08-18 01:06:04 | SUCCESS | 已更新本地頻道檔案，保存 118 個頻道
2026-08-18 01:06:04 | SUCCESS | 從 API 獲取到 118 個頻道（原始 135，跳過 ID 1，名稱去重後 118）
2026-08-18 01:06:04 | INFO | 成功加載 118 個頻道
2026-08-18 01:06:23 | INFO | 共獲取 12378 個節目
2026-08-18 01:06:24 | INFO | 電子節目單已生成: /home/runner/work/EPG/EPG/output/4g.xml
2026-08-18 01:06:24 | SUCCESS | EPG 生成完成
2026-08-19 01:06:47 | INFO | ==================================================
2026-08-19 01:06:47 | INFO | 開始生成四季線上電子節目單
2026-08-19 01:06:47 | INFO | 輸出目錄: /home/runner/work/EPG/EPG/output
2026-08-19 01:06:48 | SUCCESS | 已更新本地頻道檔案，保存 118 個頻道
2026-08-19 01:06:48 | SUCCESS | 從 API 獲取到 118 個頻道（原始 135，跳過 ID 1，名稱去重後 118）
2026-08-19 01:06:48 | INFO | 成功加載 118 個頻道
2026-08-19 01:07:03 | INFO | 共獲取 12419 個節目
2026-08-19 01:07:03 | INFO | 電子節目單已生成: /home/runner/work/EPG/EPG/output/4g.xml
2026-08-19 01:07:03 | SUCCESS | EPG 生成完成
2026-08-20 01:05:44 | INFO | ==================================================
2026-08-20 01:05:44 | INFO | 開始生成四季線上電子節目單
2026-08-20 01:05:44 | INFO | 輸出目錄: /home/runner/work/EPG/EPG/output
2026-08-20 01:05:44 | SUCCESS | 已更新本地頻道檔案，保存 118 個頻道
2026-08-20 01:05:44 | SUCCESS | 從 API 獲取到 118 個頻道（原始 135，跳過 ID 1，名稱去重後 118）
2026-08-20 01:05:44 | INFO | 成功加載 118 個頻道
2026-08-20 01:05:58 | INFO | 共獲取 12283 個節目
2026-08-20 01:05:58 | INFO | 電子節目單已生成: /home/runner/work/EPG/EPG/output/4g.xml
2026-08-20 01:05:58 | SUCCESS | EPG 生成完成
2026-08-21 01:09:27 | INFO | ==================================================
2026-08-21 01:09:27 | INFO | 開始生成四季線上電子節目單
2026-08-21 01:09:27 | INFO | 輸出目錄: /home/runner/work/EPG/EPG/output
2026-08-21 01:09:27 | SUCCESS | 已更新本地頻道檔案，保存 118 個頻道
2026-08-21 01:09:27 | SUCCESS | 從 API 獲取到 118 個頻道（原始 135，跳過 ID 1，名稱去重後 118）
2026-08-21 01:09:27 | INFO | 成功加載 118 個頻道
2026-08-21 01:09:43 | INFO | 共獲取 12200 個節目
2026-08-21 01:09:43 | INFO | 電子節目單已生成: /home/runner/work/EPG/EPG/output/4g.xml
2026-08-21 01:09:43 | SUCCESS | EPG 生成完成
2026-08-22 01:05:52 | INFO | ==================================================
2026-08-22 01:05:52 | INFO | 開始生成四季線上電子節目單
2026-08-22 01:05:52 | INFO | 輸出目錄: /home/runner/work/EPG/EPG/output
2026-08-22 01:05:53 | SUCCESS | 已更新本地頻道檔案，保存 118 個頻道
2026-08-22 01:05:53 | SUCCESS | 從 API 獲取到 118 個頻道（原始 135，跳過 ID 1，名稱去重後 118）
2026-08-22 01:05:53 | INFO | 成功加載 118 個頻道
2026-08-22 01:06:10 | INFO | 共獲取 12089 個節目
2026-08-22 01:06:10 | INFO | 電子節目單已生成: /home/runner/work/EPG/EPG/output/4g.xml
2026-08-22 01:06:10 | SUCCESS | EPG 生成完成
2026-08-23 01:11:11 | INFO | ==================================================
2026-08-23 01:11:11 | INFO | 開始生成四季線上電子節目單
2026-08-23 01:11:11 | INFO | 輸出目錄: /home/runner/work/EPG/EPG/output
2026-08-23 01:11:11 | SUCCESS | 已更新本地頻道檔案，保存 118 個頻道
2026-08-23 01:11:11 | SUCCESS | 從 API 獲取到 118 個頻道（原始 135，跳過 ID 1，名稱去重後 118）
2026-08-23 01:11:11 | INFO | 成功加載 118 個頻道
2026-08-23 01:11:28 | INFO | 共獲取 12137 個節目
2026-08-23 01:11:28 | INFO | 電子節目單已生成: /home/runner/work/EPG/EPG/output/4g.xml
2026-08-23 01:11:28 | SUCCESS | EPG 生成完成
2026-08-24 01:09:14 | INFO | ==================================================
2026-08-24 01:09:14 | INFO | 開始生成四季線上電子節目單
2026-08-24 01:09:14 | INFO | 輸出目錄: /home/runner/work/EPG/EPG/output
2026-08-24 01:09:15 | SUCCESS | 已更新本地頻道檔案，保存 118 個頻道
2026-08-24 01:09:15 | SUCCESS | 從 API 獲取到 118 個頻道（原始 135，跳過 ID 1，名稱去重後 118）
2026-08-24 01:09:15 | INFO | 成功加載 118 個頻道
2026-08-24 01:09:31 | INFO | 共獲取 12166 個節目
2026-08-24 01:09:31 | INFO | 電子節目單已生成: /home/runner/work/EPG/EPG/output/4g.xml
2026-08-24 01:09:31 | SUCCESS | EPG 生成完成
2026-08-25 01:07:52 | INFO | ==================================================
2026-08-25 01:07:52 | INFO | 開始生成四季線上電子節目單
2026-08-25 01:07:52 | INFO | 輸出目錄: /home/runner/work/EPG/EPG/output
2026-08-25 01:07:53 | SUCCESS | 已更新本地頻道檔案，保存 118 個頻道
2026-08-25 01:07:53 | SUCCESS | 從 API 獲取到 118 個頻道（原始 135，跳過 ID 1，名稱去重後 118）
2026-08-25 01:07:53 | INFO | 成功加載 118 個頻道
2026-08-25 01:08:11 | INFO | 共獲取 12169 個節目
2026-08-25 01:08:12 | INFO | 電子節目單已生成: /home/runner/work/EPG/EPG/output/4g.xml
2026-08-25 01:08:12 | SUCCESS | EPG 生成完成
2026-08-26 01:10:09 | INFO | ==================================================
2026-08-26 01:10:09 | INFO | 開始生成四季線上電子節目單
2026-08-26 01:10:09 | INFO | 輸出目錄: /home/runner/work/EPG/EPG/output
2026-08-26 01:10:10 | SUCCESS | 已更新本地頻道檔案，保存 118 個頻道
2026-08-26 01:10:10 | SUCCESS | 從 API 獲取到 118 個頻道（原始 135，跳過 ID 1，名稱去重後 118）
2026-08-26 01:10:10 | INFO | 成功加載 118 個頻道
2026-08-26 01:10:27 | INFO | 共獲取 12130 個節目
2026-08-26 01:10:27 | INFO | 電子節目單已生成: /home/runner/work/EPG/EPG/output/4g.xml
2026-08-26 01:10:27 | SUCCESS | EPG 生成完成
2026-08-27 07:20:34 | INFO | ==================================================
2026-08-27 07:20:34 | INFO | 開始生成四季線上電子節目單
2026-08-27 07:20:34 | INFO | 輸出目錄: /home/runner/work/EPG/EPG/output
2026-08-27 07:20:34 | SUCCESS | 已更新本地頻道檔案，保存 118 個頻道
2026-08-27 07:20:34 | SUCCESS | 從 API 獲取到 118 個頻道（原始 135，跳過 ID 1，名稱去重後 118）
2026-08-27 07:20:34 | INFO | 成功加載 118 個頻道
2026-08-27 07:20:49 | INFO | 共獲取 12137 個節目
2026-08-27 07:20:49 | INFO | 電子節目單已生成: /home/runner/work/EPG/EPG/output/4g.xml
2026-08-27 07:20:49 | SUCCESS | EPG 生成完成
2026-08-28 09:35:15 | INFO | ==================================================
2026-08-28 09:35:15 | INFO | 開始生成四季線上電子節目單
2026-08-28 09:35:15 | INFO | 輸出目錄: /home/runner/work/EPG/EPG/output
2026-08-28 09:35:15 | SUCCESS | 已更新本地頻道檔案，保存 118 個頻道
2026-08-28 09:35:15 | SUCCESS | 從 API 獲取到 118 個頻道（原始 135，跳過 ID 1，名稱去重後 118）
2026-08-28 09:35:15 | INFO | 成功加載 118 個頻道
2026-08-28 09:35:32 | INFO | 共獲取 12008 個節目
2026-08-28 09:35:32 | INFO | 電子節目單已生成: /home/runner/work/EPG/EPG/output/4g.xml
2026-08-28 09:35:32 | SUCCESS | EPG 生成完成
2026-08-29 05:41:27 | INFO | ==================================================
2026-08-29 05:41:27 | INFO | 開始生成四季線上電子節目單
2026-08-29 05:41:27 | INFO | 輸出目錄: /home/runner/work/EPG/EPG/output
2026-08-29 05:41:28 | SUCCESS | 已更新本地頻道檔案，保存 118 個頻道
2026-08-29 05:41:28 | SUCCESS | 從 API 獲取到 118 個頻道（原始 135，跳過 ID 1，名稱去重後 118）
2026-08-29 05:41:28 | INFO | 成功加載 118 個頻道
2026-08-29 05:41:42 | INFO | 共獲取 12069 個節目
2026-08-29 05:41:42 | INFO | 電子節目單已生成: /home/runner/work/EPG/EPG/output/4g.xml
2026-08-29 05:41:42 | SUCCESS | EPG 生成完成
2026-08-30 03:41:57 | INFO | ==================================================
2026-08-30 03:41:57 | INFO | 開始生成四季線上電子節目單
2026-08-30 03:41:57 | INFO | 輸出目錄: /home/runner/work/EPG/EPG/output
2026-08-30 03:41:57 | SUCCESS | 已更新本地頻道檔案，保存 118 個頻道
2026-08-30 03:41:57 | SUCCESS | 從 API 獲取到 118 個頻道（原始 135，跳過 ID 1，名稱去重後 118）
2026-08-30 03:41:57 | INFO | 成功加載 118 個頻道
2026-08-30 03:42:17 | INFO | 共獲取 12142 個節目
2026-08-30 03:42:17 | INFO | 電子節目單已生成: /home/runner/work/EPG/EPG/output/4g.xml
2026-08-30 03:42:17 | SUCCESS | EPG 生成完成
2026-08-31 03:42:29 | INFO | ==================================================
2026-08-31 03:42:29 | INFO | 開始生成四季線上電子節目單
2026-08-31 03:42:29 | INFO | 輸出目錄: /home/runner/work/EPG/EPG/output
2026-08-31 03:42:29 | SUCCESS | 已更新本地頻道檔案，保存 118 個頻道
2026-08-31 03:42:29 | SUCCESS | 從 API 獲取到 118 個頻道（原始 135，跳過 ID 1，名稱去重後 118）
2026-08-31 03:42:29 | INFO | 成功加載 118 個頻道
2026-08-31 03:42:45 | INFO | 共獲取 12323 個節目
2026-08-31 03:42:46 | INFO | 電子節目單已生成: /home/runner/work/EPG/EPG/output/4g.xml
2026-08-31 03:42:46 | SUCCESS | EPG 生成完成
2026-09-01 03:37:35 | INFO | ==================================================
2026-09-01 03:37:35 | INFO | 開始生成四季線上電子節目單
2026-09-01 03:37:35 | INFO | 輸出目錄: /home/runner/work/EPG/EPG/output
2026-09-01 03:37:35 | SUCCESS | 已更新本地頻道檔案，保存 119 個頻道
2026-09-01 03:37:35 | SUCCESS | 從 API 獲取到 119 個頻道（原始 136，跳過 ID 1，名稱去重後 119）
2026-09-01 03:37:35 | INFO | 成功加載 119 個頻道
2026-09-01 03:37:49 | INFO | 共獲取 12425 個節目
2026-09-01 03:37:49 | INFO | 電子節目單已生成: /home/runner/work/EPG/EPG/output/4g.xml
2026-09-01 03:37:49 | SUCCESS | EPG 生成完成
2026-09-02 02:55:38 | INFO | ==================================================
2026-09-02 02:55:38 | INFO | 開始生成四季線上電子節目單
2026-09-02 02:55:38 | INFO | 輸出目錄: /home/runner/work/EPG/EPG/output
2026-09-02 02:55:39 | SUCCESS | 已更新本地頻道檔案，保存 120 個頻道
2026-09-02 02:55:39 | SUCCESS | 從 API 獲取到 120 個頻道（原始 137，跳過 ID 1，名稱去重後 120）
2026-09-02 02:55:39 | INFO | 成功加載 120 個頻道
2026-09-02 02:55:57 | INFO | 共獲取 12641 個節目
2026-09-02 02:55:57 | INFO | 電子節目單已生成: /home/runner/work/EPG/EPG/output/4g.xml
2026-09-02 02:55:57 | SUCCESS | EPG 生成完成
2026-09-03 02:59:20 | INFO | ==================================================
2026-09-03 02:59:20 | INFO | 開始生成四季線上電子節目單
2026-09-03 02:59:20 | INFO | 輸出目錄: /home/runner/work/EPG/EPG/output
2026-09-03 02:59:20 | SUCCESS | 已更新本地頻道檔案，保存 120 個頻道
2026-09-03 02:59:20 | SUCCESS | 從 API 獲取到 120 個頻道（原始 137，跳過 ID 1，名稱去重後 120）
2026-09-03 02:59:20 | INFO | 成功加載 120 個頻道
2026-09-03 02:59:37 | INFO | 共獲取 12465 個節目
2026-09-03 02:59:37 | INFO | 電子節目單已生成: /home/runner/work/EPG/EPG/output/4g.xml
2026-09-03 02:59:37 | SUCCESS | EPG 生成完成
2026-09-04 02:57:58 | INFO | ==================================================
2026-09-04 02:57:58 | INFO | 開始生成四季線上電子節目單
2026-09-04 02:57:58 | INFO | 輸出目錄: /home/runner/work/EPG/EPG/output
2026-09-04 02:57:59 | SUCCESS | 已更新本地頻道檔案，保存 120 個頻道
2026-09-04 02:57:59 | SUCCESS | 從 API 獲取到 120 個頻道（原始 137，跳過 ID 1，名稱去重後 120）
2026-09-04 02:57:59 | INFO | 成功加載 120 個頻道
2026-09-04 02:58:15 | INFO | 共獲取 12417 個節目
2026-09-04 02:58:15 | INFO | 電子節目單已生成: /home/runner/work/EPG/EPG/output/4g.xml
2026-09-04 02:58:15 | SUCCESS | EPG 生成完成
